timestamp,end_date,market_id,event_slug,title,volume,price_yes,status,tags,cluster,zone,impact_score,confidence,reasoning,risk_direction,is_normalization,direction_reasoning
2026-08-17T09:30:40.811483+00:00,2028-11-07T00:00:00Z,559652,democratic-presidential-nominee-2028,Will Gavin Newsom win the 2028 Democratic presidential nomination?,26774394.527115997,0.1675,active,"united states, elections, politics, us election, world elections, earn 4%, primaries",Politische Struktur & Wahlen,3,3,85,"Dieser Prognosemarkt befasst sich mit der Nominierung eines Kandidaten für die US-Präsidentschaftswahlen 2028. Aufgrund der spezifischen Natur des Ereignisses (eine parteiinterne Nominierung, nicht die eigentliche Präsidentschaftswahl) und insbesondere des sehr langen Zeithorizonts (die Wahl findet erst 2028 statt), ist die unmittelbare Relevanz für globale Finanzmärkte und ein Multi-Faktor-Portfolio extrem gering. Es liefert zum jetzigen Zeitpunkt keine aktionsrelevanten Informationen für das Risikomanagement und wird als 'Rauschen' eingestuft.",RISK_OFF,False,"Sollte Gavin Newsom die Nominierung gewinnen, könnte dies von einigen Marktteilnehmern als frühes Signal für eine potenzielle fortgesetzte progressive Ausrichtung der Demokratischen Partei wahrgenommen werden. Obwohl der direkte Einfluss auf die Märkte aufgrund des Zeitrahmens minimal ist, könnten langfristig orientierte Investoren einen potenziellen zukünftigen US-Präsidenten mit einer eher progressiven Agenda (z.B. potenziell höhere Unternehmenssteuern, strengere Regulierung) als 'RISK_OFF'-Faktor bewerten, da dies in der Theorie nachteilig für Unternehmensgewinne oder das Wirtschaftswachstum sein könnte. Dies ist zum jetzigen Zeitpunkt jedoch hoch spekulativ und ein sehr schwaches Signal."
2026-08-17T09:30:40.811520+00:00,2028-11-07T00:00:00Z,559653,democratic-presidential-nominee-2028,Will Alexandria Ocasio-Cortez win the 2028 Democratic presidential nomination?,14625425.143415002,0.2045,active,"united states, elections, politics, us election, world elections, earn 4%, primaries",Politische Struktur & Wahlen,2,60,90,"Der Markt bezieht sich auf die Nominierung für die US-Präsidentschaftswahlen im Jahr 2028. Die Vereinigten Staaten sind eine globale Supermacht, und die Identität ihres Präsidenten sowie die damit verbundene politische Ausrichtung haben erhebliche Auswirkungen auf globale Finanzmärkte, Geopolitik und Handelsbeziehungen. Die Nominierung einer prominenten Figur wie Alexandria Ocasio-Cortez, die für spezifische progressive politische Positionen bekannt ist, würde einen potenziellen langfristigen Richtungswechsel innerhalb einer der beiden großen Parteien signalisieren. Obwohl die Nominierung vier Jahre in der Zukunft liegt, erfordert die mögliche Verschiebung der Politik (z.B. Fiskalpolitik, Regulierung, internationale Abkommen) eine strategische Berücksichtigung durch Portfolio-Manager, um potenzielle Risiken und Chancen zu modellieren und zu planen. Daher fällt es in Zone 2 ('Manager-Radar'), da es eine signifikante Entwicklung für die langfristige strategische Planung darstellt, aber kein unmittelbares 'Kill-Switch'-Ereignis ist.",RISK_OFF,False,"Ein 'JA'-Ergebnis, d.h. die Nominierung von Alexandria Ocasio-Cortez, würde eine signifikante Verschiebung hin zu potenziell progressiveren Politiken (z.B. höhere Unternehmenssteuern, stärkere Regulierung, umfangreichere Sozialprogramme) signalisieren. Für diversifizierte globale Multi-Faktor-Portfolios werden solche Politikverschiebungen von den Märkten typischerweise als erhöhte Unsicherheit und potenzielle Belastung für die Unternehmensprofitabilität und das Wachstum in breiten Sektoren interpretiert. Dies führt oft zu einer 'RISK_OFF'-Stimmung, da Anleger defensivere Positionen einnehmen oder Kapital in spezifische Sektoren umschichten, die von den neuen Politiken profitieren könnten, während der Gesamtmarkt eine erhöhte Risikoaversion zeigt. Es handelt sich nicht um eine Rückkehr zur Normalität, sondern um eine potenzielle neue politische und wirtschaftliche Ausrichtung."
2026-08-17T09:30:40.811533+00:00,2028-11-07T00:00:00Z,559654,democratic-presidential-nominee-2028,Will Pete Buttigieg win the 2028 Democratic presidential nomination?,11813873.867064016,0.0525,active,"united states, elections, politics, us election, world elections, earn 4%, primaries",Politische Struktur & Wahlen,2,50,90,"Der Markt betrifft die Nominierung eines Präsidentschaftskandidaten für die Demokratische Partei in den USA im Jahr 2028. Dies ist ein klares politisches Ereignis, das unter 'Politische Struktur & Wahlen' fällt. Obwohl es sich um eine Nominierung handelt und noch vier Jahre in der Zukunft liegt, sind die US-Präsidentschaftswahlen von globaler Relevanz und beeinflussen Makroökonomie, Geopolitik und sektorale Aussichten. Daher ist es für globale Portfolio-Manager von strategischem Interesse ('Manager-Radar', Zone 2), aber kein sofortiges Panikereignis. Der Impact Score von 50 reflektiert die zukünftige Natur und die Tatsache, dass es sich um eine Nominierung und nicht um die Endwahl handelt, aber dennoch eine wichtige Weichenstellung für die mächtigste Wirtschaft der Welt ist.",RISK_OFF,False,"Die Nominierung eines Präsidentschaftskandidaten einer Großpartei in den USA, insbesondere eines Nicht-Amtsinhabers, impliziert einen potenziellen Führungs- und Politikwechsel. Solche Veränderungen sind für globale Finanzmärkte oft mit erhöhter Unsicherheit bezüglich zukünftiger Wirtschafts-, Handels- und Regulierungspolitiken verbunden. Märkte neigen dazu, auf Unsicherheit mit einer vorsichtigeren Haltung (RISK_OFF) zu reagieren, bis die Implikationen der potenziellen neuen Administration klarer werden. Es handelt sich nicht um ein Ereignis, das eine Rückkehr zur Normalität darstellt oder eine bestehende Risikolage entschärft."
2026-08-17T09:30:40.811558+00:00,2028-11-07T00:00:00Z,559658,democratic-presidential-nominee-2028,Will Kamala Harris win the 2028 Democratic presidential nomination?,12959037.063468002,0.0745,active,"united states, elections, politics, us election, world elections, earn 4%, primaries",Politische Struktur & Wahlen,2,55,90,"This market pertains to the Democratic presidential nomination for 2028, a pivotal event within the US political structure. The selection of a major party's presidential nominee significantly influences the future trajectory of US policy across fiscal, regulatory, trade, and foreign policy domains. These policy directions have a direct bearing on global financial markets, impacting various asset classes and sectors. Consequently, this event falls squarely within the 'Manager-Radar' (Zone 2) as a key development for global portfolio managers to monitor. The impact score of 55 reflects its importance as a significant precursor to the general election, shaping the long-term policy outlook, rather than an immediate 'kill-switch' event.",RISK_OFF,False,"The 'YES' side of this market, indicating Kamala Harris wins the 2028 Democratic presidential nomination, clarifies a potential policy path for the Democratic party and, by extension, for the US government should she win the general election. From a general market perspective, the policy inclinations typically associated with a mainstream Democratic platform (e.g., potential for increased corporate taxes, enhanced regulation in certain sectors) are often viewed with a degree of caution. While not a sudden shock or crisis, her nomination would increase the perceived probability of such policies, thereby introducing an incremental 'policy risk' from the standpoint of future corporate earnings and overall market conditions. This shift in probable policy outlook is generally interpreted as an increase in financial risk, leaning towards a 'RISK_OFF' sentiment."
2026-08-17T09:30:40.811587+00:00,2028-11-07T00:00:00Z,559661,democratic-presidential-nominee-2028,Will Jon Ossoff win the 2028 Democratic presidential nomination?,12619913.187801003,0.1485,active,"united states, elections, politics, us election, world elections, earn 4%, primaries",Politische Struktur & Wahlen,3,2,90,"Der Markt bezieht sich auf die Nominierung eines spezifischen Kandidaten für die Präsidentschaftswahlen 2028. Aufgrund des sehr weit entfernten Zeithorizonts (vier Jahre in der Zukunft) und der Tatsache, dass es sich um eine parteiinterne Nominierung handelt, hat dieses Ereignis für ein globales Multi-Faktor-Portfolio zum aktuellen Zeitpunkt eine extrem geringe Relevanz. Es ist kein unmittelbarer Faktor für die Steuerung eines Portfolios und fällt daher in die Kategorie 'Rauschen'.",RISK_OFF,False,"Die Wahl eines bestimmten Kandidaten für eine Präsidentschaftsnominierung kann (hypothetisch und weit in der Zukunft) die Unsicherheit bezüglich zukünftiger Politik erhöhen, was von einigen Marktteilnehmern als risikoerhöhend interpretiert werden könnte. Dies ist jedoch für ein so weit entferntes und spezifisches Ereignis sehr spekulativ und die direkte Auswirkung auf die globale Marktwahrnehmung ist minimal."
2026-08-17T09:30:40.811819+00:00,2028-11-07T00:00:00Z,561974,republican-presidential-nominee-2028,Will J.D. Vance win the 2028 Republican presidential nomination?,15249467.919883002,0.474,active,"united states, politics, us election, elections, world elections, global elections, earn 4%, primaries",Politische Struktur & Wahlen,2,20,85,"Der Markt betrifft eine Präsidentschaftsnominierung in den USA für 2028. Während der Zeithorizont weit in der Zukunft liegt, sind US-Präsidentschaftskandidaten und ihre möglichen politischen Richtungen für globale Finanzmärkte von langfristiger Relevanz. Es ist noch kein 'Kill-Switch'-Ereignis, aber auch nicht gänzlich 'Rauschen', da es die zukünftige politische Landschaft und damit potenzielle Regulierungs-, Handels- und Fiskalpolitik beeinflussen könnte. Es gehört somit auf das 'Manager-Radar' für strategische, langfristige Risikoanalyse, wenngleich mit geringem aktuellem Impact-Score aufgrund der Distanz.",RISK_OFF,False,"Die 'JA'-Seite (J.D. Vance gewinnt die Nominierung) würde die Wahrscheinlichkeit eines Präsidenten mit populistischen und nationalistischen Tendenzen erhöhen. Solche politischen Richtungen werden von globalen Finanzmärkten oft als potenziell destabilisierend oder unsicher wahrgenommen (z.B. durch protektionistische Handelspolitiken, veränderte internationale Beziehungen), was tendenziell zu einer 'RISK_OFF'-Stimmung führt."
2026-08-17T09:30:40.811828+00:00,2028-11-07T00:00:00Z,561975,republican-presidential-nominee-2028,Will Marco Rubio win the 2028 Republican presidential nomination?,10181760.134876,0.2285,active,"united states, politics, us election, elections, world elections, global elections, earn 4%, primaries",Politische Struktur & Wahlen,2,40,85,"Dieser Markt bezieht sich auf die Nominierung eines Kandidaten für die US-Präsidentschaftswahlen im Jahr 2028. Als globaler, multi-faktorieller Portfolio-Manager ist die zukünftige politische Führung der USA von Relevanz, da sie weitreichende Auswirkungen auf die Geopolitik, die Handelspolitik und die makroökonomische Stabilität haben kann. Die Nominierung eines Kandidaten für eine Präsidentschaft, die vier Jahre in der Zukunft liegt, ist jedoch kein unmittelbares 'Kill-Switch'-Ereignis (Zone 1) und auch kein reines Rauschen (Zone 3). Stattdessen ist es ein wichtiger Punkt auf dem 'Manager-Radar' (Zone 2), der eine langfristige Beobachtung und Anpassung der Risikoanalysen erfordert. Der Impact Score von 40 reflektiert die zukünftige Bedeutung, ohne eine unmittelbare Panik auszulösen.",RISK_OFF,False,"Die 'JA'-Seite dieses Marktes bedeutet, dass Marco Rubio die republikanische Präsidentschaftsnominierung 2028 gewinnen wird. Marco Rubio ist bekannt für seine hawkische Außenpolitik, insbesondere gegenüber China, und hat in der Vergangenheit protektionistische Tendenzen in der Handelspolitik gezeigt. Seine Nominierung würde die Wahrscheinlichkeit erhöhen, dass zukünftige US-Politiken in diese Richtung gehen, was zu erhöhten geopolitischen Spannungen, Handelskonflikten und damit zu Unsicherheit auf den globalen Finanzmärkten führen könnte. Diese Aussicht auf potenziell disruptive politische Entwicklungen wird von Investoren, die Stabilität suchen, als risikosteigernd ('RISK_OFF') wahrgenommen, selbst wenn das Ereignis noch Jahre in der Zukunft liegt und lediglich eine Nominierung betrifft."
2026-08-17T09:30:40.812057+00:00,2028-11-07T00:00:00Z,561229,presidential-election-winner-2028,Will JD Vance win the 2028 US Presidential Election?,15460741.80088099,0.2305,active,"president, united states, us election, elections, politics, world elections, global elections, earn 4%, main election",Politische Struktur & Wahlen,2,78,95,"Die US-Präsidentschaftswahl 2028 ist ein primäres Ereignis der politischen Struktur. Aufgrund der globalen wirtschaftlichen und geopolitischen Bedeutung der Vereinigten Staaten hat der Ausgang dieser Wahl weitreichende Implikationen für globale Finanzmärkte, Handelspolitiken, internationale Beziehungen und regulatorische Rahmenbedingungen. Die Wahl eines Präsidenten, insbesondere einer Figur mit potenziell disruptiven Politikansätzen, erfordert eine genaue Beobachtung durch Portfoliomanager und fällt somit klar in Zone 2 (Manager-Radar), da sie signifikante Anpassungen der Risikopositionierung erforderlich machen kann. Der hohe Impact Score reflektiert die dominante Rolle der USA in der Weltwirtschaft und das Potenzial für fundamentale Richtungswechsel in der Innen- und Aussenpolitik.",RISK_OFF,False,"Ein Sieg von JD Vance (die 'JA'-Seite des Kontrakts) würde eine Fortsetzung oder Verstärkung bestimmter politischer Richtungen signalisieren, die typischerweise mit erhöhter geopolitischer Unsicherheit, potenziellen protektionistischen Handelspolitiken, einer Revision internationaler Bündnisse und einer unvorhersehbareren Regulierungsumgebung verbunden sind. Diese Faktoren werden von den globalen Finanzmärkten in der Regel als risikoerhöhend ('RISK_OFF') interpretiert, da sie zu Marktvolatilität, Handelskonflikten und einer Abnahme der globalen Risikobereitschaft führen können."
2026-08-17T09:30:40.812067+00:00,2028-11-07T00:00:00Z,561230,presidential-election-winner-2028,Will Gavin Newsom win the 2028 US Presidential Election?,17792595.89126899,0.0865,active,"president, united states, us election, elections, politics, world elections, global elections, earn 4%, main election",Politische Struktur & Wahlen,2,70,90,"Der Prognosemarkt befasst sich mit dem Ausgang einer US-Präsidentschaftswahl im Jahr 2028. US-Präsidentschaftswahlen haben aufgrund der globalen wirtschaftlichen und politischen Bedeutung der USA erhebliche Auswirkungen auf die Finanzmärkte weltweit. Auch wenn die Wahl noch in der Ferne liegt, werden die potenziellen Kandidaten und ihre möglichen Auswirkungen auf Politik, Wirtschaft und Geopolitik bereits von Analysten und Portfoliomanagern beobachtet. Daher ist es relevant für das Manager-Radar (Zone 2) mit einem substanziellen Impact Score, der die langfristige Bedeutung und die notwendige Frühbeobachtung reflektiert, auch wenn die Dringlichkeit eines unmittelbar bevorstehenden Ereignisses fehlt.",RISK_OFF,False,"Die 'JA'-Seite dieses Prognosemarktes, dass Gavin Newsom die US-Präsidentschaftswahl 2028 gewinnt, stellt eine Veränderung in der politischen Führung dar. Unabhängig von der spezifischen Person oder Partei führt jede neue Präsidentschaft typischerweise zu einer Phase der politischen Unsicherheit hinsichtlich zukünftiger Richtlinien in Bereichen wie Handel, Fiskalpolitik, Regulierung und Außenbeziehungen. Diese Unsicherheit kann zu erhöhter Marktvolatilität und Vorsicht bei Investoren führen, da sie die möglichen Auswirkungen auf ihre Portfolios bewerten. Eine solche Phase erhöhter Unsicherheit und potenzieller Neuausrichtung von Marktannahmen wird generell als 'RISK_OFF'-Szenario wahrgenommen, bis sich die politischen Linien und deren Implikationen klarer abzeichnen."
2026-08-17T09:30:40.812075+00:00,2028-11-07T00:00:00Z,561231,presidential-election-winner-2028,Will Alexandria Ocasio-Cortez win the 2028 US Presidential Election?,13219149.677992003,0.1315,active,"president, united states, us election, elections, politics, world elections, global elections, earn 4%, main election",Politische Struktur & Wahlen,2,80,95,"Der Markt betrifft die US-Präsidentschaftswahl 2028, ein zentrales politisches Ereignis in der größten Volkswirtschaft der Welt. Die mögliche Wahl von Alexandria Ocasio-Cortez, die für eine progressive politische Agenda steht, würde weitreichende Auswirkungen auf die Fiskalpolitik, Regulierung, Steuerpolitik, den Handel und die Außenpolitik der USA haben. Solche substanziellen politischen Verschiebungen in einer globalen Supermacht sind hochrelevant für globale Finanzmärkte und erfordern die Aufmerksamkeit von Portfoliomanagern zur Anpassung von Strategien und Risikobewertungen. Es handelt sich nicht um ein unmittelbares globales Panikereignis (Zone 1), aber auch nicht um Rauschen (Zone 3). Der hohe Impact Score innerhalb von Zone 2 reflektiert das Potenzial für signifikante Marktneubewertungen und Sektorverschiebungen über einen Mehrjahreshorizont.",RISK_OFF,False,"Die 'JA'-Seite, also der Sieg von Alexandria Ocasio-Cortez, würde von den Finanzmärkten voraussichtlich als risikoerhöhend interpretiert werden. Ihre typischerweise progressiven politischen Positionen könnten zu erhöhter Unsicherheit hinsichtlich Unternehmensgewinnen (durch höhere Steuern oder strengere Regulierung in bestimmten Sektoren wie Energie, Finanzen und Pharma), erhöhten Staatsausgaben und möglichen Änderungen in der Handelspolitik führen. Dies würde eine Neukalibrierung der Risikoprämien und eine Tendenz zu 'RISK_OFF'-Anlagen auslösen, da Anleger höhere politische Risiken und potenzielle Disruptionsfaktoren einpreisen würden. Es handelt sich hierbei um eine potenzielle Veränderung des Status quo, nicht um eine Rückkehr zur Normalität."
2026-08-17T09:30:40.812094+00:00,2028-11-07T00:00:00Z,561234,presidential-election-winner-2028,Will Marco Rubio win the 2028 US Presidential Election?,11918860.439017003,0.1305,active,"president, united states, us election, elections, politics, world elections, global elections, earn 4%, main election",Politische Struktur & Wahlen,2,65,90,"Die US-Präsidentschaftswahl 2028 ist ein zentrales politisches Ereignis, das weitreichende Auswirkungen auf die globale Wirtschafts-, Handels- und Außenpolitik haben kann. Unabhängig vom Kandidaten ist das Ergebnis einer solchen Wahl für ein globales Portfolio von erheblicher Bedeutung, da es die regulatorischen Rahmenbedingungen, Handelsbeziehungen und geopolitischen Spannungen beeinflusst. Obwohl die Wahl noch in der Zukunft liegt, sind die Spekulationen darüber und die potenziellen politischen Richtungswechsel, die ein neuer Präsident mit sich bringen könnte, für die strategische Planung relevant.",RISK_OFF,False,"Ein Sieg von Marco Rubio würde potenziell zu Änderungen in der US-Außen- und Handelspolitik führen, die Unsicherheiten für globale Märkte schaffen könnten. Seine bekannten Positionen, insbesondere in Bezug auf China und andere geopolitische Fragen, könnten zu erhöhten Spannungen oder neuen Handelsbarrieren führen, was von Anlegern als risikoerhöhend ('RISK_OFF') interpretiert werden dürfte, da diese Faktoren die Stabilität globaler Lieferketten und Handelsbeziehungen beeinträchtigen könnten."
2026-08-17T09:30:40.812227+00:00,2028-11-07T00:00:00Z,561261,presidential-election-winner-2028,Will Jon Ossoff win the 2028 US Presidential Election?,5495276.159476998,0.0925,active,"president, united states, us election, elections, politics, world elections, global elections, earn 4%, main election",Politische Struktur & Wahlen,2,80,90,"Die US-Präsidentschaftswahl 2028 ist ein primäres Ereignis innerhalb der politischen Struktur und Wahlen, da sie die zukünftige politische Führung der weltweit größten Volkswirtschaft bestimmt. Der Ausgang hat weitreichende Implikationen für globale Handelsbeziehungen, fiskalische Politik, Regulierung und geopolitische Strategien. Dies macht sie zu einer zentralen Überwachungsgröße für Portfoliomanager (Zone 2) und nicht zu bloßem Rauschen. Der potenzielle Einfluss auf internationale Märkte, Anlegerstimmung und spezifische Sektoren ist erheblich, was den hohen Impact Score rechtfertigt.",RISK_OFF,False,"Ein Wahlsieg, wie der von Jon Ossoff, führt zu einem Regierungswechsel und potenziellen signifikanten politischen, fiskalischen und regulatorischen Änderungen. Obwohl der genaue Netto-Effekt auf globale Märkte ohne Kenntnis spezifischer Wahlprogramme nicht eindeutig als 'gut' oder 'schlecht' zu bewerten ist, werden solche Übergänge und die damit verbundenen möglichen Politikverschiebungen oft als risikoreich wahrgenommen, da sie neue Variablen und Unsicherheiten für bestehende Marktstrukturen einführen. Es handelt sich nicht um ein Ereignis, das eine Rückkehr zur Normalität darstellt, sondern um einen potenziellen Wandel des Status quo, der neue Risikofaktoren mit sich bringen kann."
2026-08-17T09:30:40.812408+00:00,2026-10-04T00:00:00Z,601819,brazil-presidential-election,Will Luiz Inácio Lula da Silva win the 2026 Brazilian presidential election?,8468326.353386996,0.655,active,"politics, macro election 2, main election, brazil, global elections, world elections, world",Politische Struktur & Wahlen,2,70,95,"Brasilien ist eine der größten Volkswirtschaften der Welt und ein bedeutender Schwellenmarkt (BRICS-Mitglied, großer Exporteur von Rohstoffen und Agrarprodukten). Eine Präsidentschaftswahl in einem Land dieser Größenordnung, insbesondere wenn sie eine potenziell signifikante Änderung der politischen und wirtschaftlichen Ausrichtung mit sich bringt, hat erhebliche Auswirkungen auf globale Emerging Market Portfolios, Rohstoffpreise und das allgemeine Investorenvertrauen. Es ist kein systemisches 'Kill-Switch'-Ereignis, aber es ist weit mehr als 'Rauschen' und erfordert die aktive Überwachung durch Portfoliomanager. Die Höhe des Impact Scores reflektiert die potenzielle Volatilität und die Notwendigkeit strategischer Anpassungen.",RISK_OFF,False,"Die 'JA'-Seite dieses Kontrakts bedeutet, dass Luiz Inácio Lula da Silva die Wahl 2026 gewinnt. Aus Sicht globaler Finanzmärkte wird eine potenzielle Wiederwahl Lulas und seiner linksgerichteten Regierung im Allgemeinen mit erhöhter politischer und wirtschaftlicher Unsicherheit verbunden. Historisch neigen Märkte dazu, linksgerichtete Regierungen in Schwellenländern mit dem Risiko einer stärkeren staatlichen Intervention, einer potenziell expansiveren Fiskalpolitik (was zu Inflations- und Schuldenbedenken führen könnte) oder weniger marktfreundlichen Reformen in Verbindung zu bringen. Daher würde ein 'JA'-Ergebnis initial als risikoerhöhend ('RISK_OFF') für brasilianische Vermögenswerte und potenziell für das breitere Emerging Market Sentiment wahrgenommen werden. Es handelt sich nicht um einen Kontrakt, der die Rückkehr zur Normalität abbildet."
2026-08-17T09:30:40.812444+00:00,2026-10-04T00:00:00Z,601825,brazil-presidential-election,Will Renan Santos win the 2026 Brazilian presidential election?,9847116.140612995,0.043,active,"politics, macro election 2, main election, brazil, global elections, world elections, world",Politische Struktur & Wahlen,2,55,90,"Brasilien ist eine der größten Schwellenland-Volkswirtschaften (G20, BRICS) mit erheblicher globaler Relevanz für Rohstoffmärkte, Agrarprodukte und als wichtiger Akteur in Lateinamerika. Eine Präsidentschaftswahl in Brasilien hat direkte Auswirkungen auf die fiskalische, monetäre und Handelspolitik des Landes, die wiederum globale Kapitalflüsse, Rohstoffpreise und die Bewertung spezifischer Sektoren und Vermögenswerte beeinflussen können. Dies ist klar ein Ereignis, das auf dem Radar globaler Portfoliomanager erscheinen würde, um Risikoprämien neu zu bewerten und Allokationen anzupassen (Zone 2), aber kein systemisches 'Kill-Switch'-Ereignis (Zone 1). Der Impact Score von 55 reflektiert die erhebliche, aber nicht existenzielle Bedeutung für ein globales Portfolio.",RISK_OFF,False,"Die 'JA'-Seite des Kontrakts (Renan Santos gewinnt) repräsentiert einen potenziellen Wechsel oder die Bestätigung einer bestimmten politischen Richtung in einem wichtigen Schwellenland. Jede signifikante politische Veränderung oder die Fortsetzung einer bestimmten ideologischen Linie, besonders wenn sie Unsicherheit über zukünftige politische und wirtschaftliche Entscheidungen mit sich bringt oder von der Markterwartung abweicht, wird in der Regel zunächst als Risikoerhöhung ('RISK_OFF') interpretiert, bis die neuen Gegebenheiten und deren Auswirkungen auf die Wirtschaft und die Finanzmärkte klarer werden. Die Märkte tendieren dazu, Unsicherheit zu bepreisen."
2026-08-17T09:30:40.812455+00:00,2026-10-04T00:00:00Z,601826,brazil-presidential-election,Will Flávio Bolsonaro win the 2026 Brazilian presidential election?,8396679.180941002,0.2985,active,"politics, macro election 2, main election, brazil, global elections, world elections, world",Politische Struktur & Wahlen,2,65,90,"Brasilien ist die größte Volkswirtschaft Lateinamerikas und ein wichtiger Schwellenmarkt. Eine Präsidentschaftswahl, insbesondere mit einem Kandidaten wie Flávio Bolsonaro, der die politische Linie der Familie repräsentiert, hat erhebliche Auswirkungen auf die Fiskalpolitik, das regulatorische Umfeld und die internationalen Beziehungen des Landes. Dies ist für globale Multi-Faktor-Portfoliomanager von großer Relevanz (Zone 2), da es zu signifikanten Umschichtungen in Schwellenländer-Portfolios und zur Neubewertung brasilianischer Assets führen kann. Der Impact Score spiegelt die Größe und Bedeutung Brasiliens im globalen Kontext wider.",RISK_OFF,False,"Ein Wahlsieg von Flávio Bolsonaro würde wahrscheinlich als Fortsetzung oder Rückkehr einer Politik wahrgenommen, die in der Vergangenheit zu erhöhter Marktvolatilität geführt hat. Historisch wurden mit dem Namen Bolsonaro verbundene Regierungen von globalen Investoren oft mit Unsicherheiten bezüglich der Fiskaldisziplin, Umweltpolitik und potenziell weniger berechenbaren internationalen Beziehungen assoziiert. Ein 'JA' zu dieser Frage würde daher als risikoerhöhendes Ereignis für brasilianische und unter Umständen breitere Schwellenland-Assets interpretiert werden."
2026-08-17T09:30:40.812526+00:00,2026-12-31T00:00:00Z,567688,netanyahu-out-before-2027,Netanyahu out by end of 2026?,2191766.639977,0.475,active,"geopolitics, world, middle east, israel, politics, earn 4%, israel election",Politische Struktur & Wahlen,2,65,90,"Die Frage nach dem Ausscheiden von Benjamin Netanyahu als israelischer Premierminister ist primär ein Ereignis der politischen Struktur. Ein solcher Führungswechsel in Israel hat jedoch weitreichende geopolitische Implikationen, insbesondere im Kontext der anhaltenden Konflikte im Nahen Osten. Dies kann die regionale Stabilität, die Ölpreise, die Verteidigungsindustrie und die allgemeine Anlegerstimmung gegenüber den Emerging Markets erheblich beeinflussen. Das Ereignis erfordert Aufmerksamkeit von Portfoliomanagern, da es zu substanziellen Umschichtungen in bestimmten Anlageklassen oder zu einem veränderten Risikoprofil der Region führen könnte, ohne jedoch einen globalen systemischen Schock auszulösen.",RISK_ON,False,"Die Abwahl oder das Ausscheiden von Benjamin Netanyahu, dessen Amtszeit stark mit der aktuellen Eskalation im Nahen Osten verbunden ist, könnte von den Märkten als potenzielle Chance für eine Deeskalation des Konflikts oder eine Verschiebung hin zu einer stabileren regionalen Politik interpretiert werden. Obwohl jeder Führungswechsel zunächst Unsicherheit mit sich bringen kann, würde die Erwartung einer möglichen Verringerung geopolitischer Spannungen oder eines Fortschritts bei der Konfliktlösung global als risikoSENKEND (RISK_ON) wahrgenommen werden."
2026-08-17T09:30:40.812553+00:00,2027-04-30T00:00:00Z,679018,next-french-presidential-election,Will Marine Le Pen win the 2027 French presidential election?,1857400.5233320002,0.3275,active,"french election, main election, france, world, politics, global elections, elections",Politische Struktur & Wahlen,2,78,90,"Frankreich ist eine Kernwirtschaft der Eurozone und ein entscheidender politischer Akteur in der Europäischen Union und weltweit. Ein Sieg von Marine Le Pen würde erhebliche politische und wirtschaftliche Unsicherheit mit sich bringen, potenziell die europäische Integration herausfordern, protektionistische Maßnahmen einführen und die Stabilität der Eurozone beeinflussen. Dies würde eine grundlegende Neubewertung europäischer Vermögenswerte und der globalen Risikobereitschaft auslösen.",RISK_OFF,False,"Marine Le Pens politische Plattform wird von globalen Finanzmärkten in der Regel als disruptiv für bestehende EU-Strukturen und globale Wirtschaftsbeziehungen wahrgenommen. Ihr Sieg (die 'JA'-Seite des Kontrakts) würde wahrscheinlich zu erhöhter politischer Instabilität in Frankreich und Europa, potenziellen Herausforderungen für den Euro und die EU-Integration sowie einer Verlagerung hin zu protektionistischen Wirtschaftspolitiken führen, die von Märkten typischerweise als negativ bewertet werden und eine 'RISK_OFF'-Stimmung auslösen."
2026-08-17T09:30:40.812571+00:00,2027-04-30T00:00:00Z,679021,next-french-presidential-election,Will Édouard Philippe win the 2027 French presidential election?,1252537.1580080003,0.255,active,"french election, main election, france, world, politics, global elections, elections",Politische Struktur & Wahlen,2,65,90,"Frankreich ist eine der größten Volkswirtschaften der Eurozone und ein zentraler politischer Akteur in der Europäischen Union. Das Ergebnis der französischen Präsidentschaftswahlen hat erhebliche Auswirkungen auf die EU-Politik, die europäische Stabilität, die Wirtschaftsrichtung und das Anlegervertrauen in der gesamten Region sowie indirekt auf globale Märkte. Eine Veränderung in der Führung Frankreichs kann strategische Anpassungen in globalen Multi-Faktor-Portfolios erforderlich machen, insbesondere im Hinblick auf europäische Engagements und Währungsrisiken.",RISK_ON,False,"Édouard Philippe ist ein ehemaliger Premierminister und ein etablierter Politiker des Mitte-Rechts-Spektrums. Seine Wahl würde von den globalen Finanzmärkten wahrscheinlich als Kontinuität und Stabilität der französischen Wirtschaftspolitik und europäischen Ausrichtung wahrgenommen. Im Vergleich zu potenziellen Kandidaten, die radikalere wirtschaftliche oder europapolitische Kurswechsel ankündigen könnten, würde Philippes Sieg tendenziell politische Unsicherheit reduzieren und somit als risikoSENKENDes ('RISK_ON') Ereignis gewertet werden."
2026-08-17T09:30:40.812617+00:00,2027-04-30T00:00:00Z,679030,next-french-presidential-election,Will Jean-Luc Mélenchon win the 2027 French presidential election?,1168595.3797060002,0.135,active,"french election, main election, france, world, politics, global elections, elections",Politische Struktur & Wahlen,2,80,90,"Frankreich ist ein Kernland der Eurozone und der EU. Eine Präsidentschaft von Jean-Luc Mélenchon, angesichts seiner bekannten politischen und wirtschaftlichen Plattform (z.B. Infragestellung von EU-Verträgen, erhöhte Staatsintervention, höhere Staatsausgaben, mögliche Verstaatlichungen), würde erhebliche politische und wirtschaftliche Unsicherheit mit sich bringen. Dies würde voraussichtlich zu erhöhter Volatilität bei französischen Staatsanleihen (Ausweitung der Spreads), negativem Druck auf französische und potenziell breitere europäische Aktien sowie Fragen zur zukünftigen Ausrichtung der EU führen. Es ist ein Schlüsselfaktor für europäische Vermögenswerte und könnte Spillover-Effekte auf die globale Anlegerstimmung hinsichtlich der europäischen Stabilität haben.",RISK_OFF,False,"Ein 'JA'-Ergebnis (Mélenchon gewinnt) stellt eine signifikante Abweichung von der erwarteten politischen und wirtschaftlichen Entwicklung Frankreichs und der Eurozone dar. Seine Politik wird von den Finanzmärkten weitgehend als Erhöhung des Staatsrisikos, Infragestellung etablierter fiskalischer Rahmenbedingungen und potenziell marktunfreundliche Interventionen wahrgenommen, was die allgemeine Risikowahrnehmung erhöht und eine 'RISK_OFF'-Reaktion auslösen würde."
2026-08-17T09:30:40.812813+00:00,2026-12-31T00:00:00Z,1105742,venezuela-leader-end-of-2026,Will Delcy Rodríguez be the leader of Venezuela end of 2026?,1764897.5601120004,0.095,active,"trump-machado, rewards 20, 4.5, 50, venezuela, trump, politics, geopolitics, maduro",Politische Struktur & Wahlen,2,25,90,"Delcy Rodríguez is a key figure in Venezuela's current government. Her becoming the leader by the end of 2026 would likely signify a continuation or potential hardening of the existing political and economic policies, which are generally adverse to market stability and international investment from a Western perspective. While Venezuela is an oil producer, its direct impact on global financial markets is limited due to its small economic size and existing isolation. However, it remains relevant for regional stability, commodity markets (oil), and specific emerging market portfolios, placing it on a manager's radar.",RISK_OFF,False,"The 'YES' side, indicating Delcy Rodríguez as leader, would generally be perceived as a continuation or potential hardening of the current regime's policies, which are not conducive to market-friendly conditions or increased stability for international investors. It does not represent a return to normal or de-escalation of risks."
2026-08-17T09:30:40.812829+00:00,2026-12-31T00:00:00Z,1105744,venezuela-leader-end-of-2026,Will Nicolás Maduro be the leader of Venezuela end of 2026?,2749458.05363,0.8215,active,"trump-machado, rewards 20, 4.5, 50, venezuela, trump, politics, geopolitics, maduro",Politische Struktur & Wahlen,2,40,90,"Die politische Führung Venezuelas hat Relevanz für globale Finanzmärkte, primär durch ihren Einfluss auf die Ölproduktion und -politik des Landes sowie die regionale Geopolitik. Ein globaler Multi-Faktor-Portfolio-Manager würde die Entwicklungen in Venezuela hinsichtlich ihrer potenziellen Auswirkungen auf Rohstoffpreise (insbesondere Öl) und Emerging Markets, insbesondere in Lateinamerika, beobachten. Es ist kein systemisches Risiko, aber auch kein 'Rauschen'. Die lange Frist bis Ende 2026 erlaubt den Märkten, Wahrscheinlichkeiten über die Zeit zu antizipieren.",RISK_OFF,False,"Die 'JA'-Seite (Maduro bleibt Anführer) würde die Fortsetzung des aktuellen Regimes bedeuten, das historisch mit politischer Instabilität, Unsicherheit in der Ölversorgung und potenzieller regionaler Unruhe assoziiert wird. Aus Sicht globaler Finanzmärkte wird das Verbleiben Maduros tendenziell als Aufrechterhaltung oder Fortsetzung von Risikofaktoren ('RISK_OFF') wahrgenommen, während ein Regierungswechsel (die 'NEIN'-Seite) – trotz potenzieller kurzfristiger Volatilität – langfristig als potenziell 'RISK_ON' für Ölversorgung und Marktzugang gesehen werden könnte."
2026-08-17T09:30:40.812997+00:00,2026-12-31T00:00:00Z,665374,will-the-us-invade-iran-before-2027,Will the U.S. invade Iran before 2027?,58711376.208156005,0.175,active,"military strikes, politics, geopolitics, world, middle east, israel, iran, trump",Geopolitischer & Militärischer Schock,1,90,95,"Eine US-Invasion in den Iran wäre ein katastrophales geopolitisches Ereignis. Es würde zu einer sofortigen und massiven Störung der globalen Energiemärkte führen (Strait of Hormuz), die Ölpreise in die Höhe treiben, globale Lieferketten unterbrechen und potenziell eine regionale Eskalation mit unvorhersehbaren globalen Konsequenzen auslösen. Die wirtschaftlichen Auswirkungen wären gravierend, mit einem hohen Risiko einer globalen Rezession oder Depression. Dies ist ein klassisches 'Kill-Switch'-Ereignis für die Finanzmärkte.",RISK_OFF,False,"Die 'JA'-Seite dieses Marktes bedeutet, dass eine US-Invasion im Iran stattfindet. Dies ist ein extrem risikosteigerndes Ereignis, das zu sofortiger Risikoaversion, Kapitalflucht und einem starken Rückgang der globalen Aktienmärkte führen würde."
2026-08-17T09:30:40.813021+00:00,2026-12-31T00:00:00Z,616902,how-many-fed-rate-cuts-in-2026,Will no Fed rate cuts happen in 2026?,7285673.490548998,0.8515,active,"rewards 200, 4.5, 50 deprec, fed rates, economic policy, fed, business, jerome powell, economy, finance",Makroökonomie & Zentralbanken,2,90,95,"Die Geldpolitik der Federal Reserve ist ein fundamentaler Treiber für globale Finanzmärkte. Die Entscheidung, ob Zinssenkungen im Jahr 2026 ausbleiben, weicht voraussichtlich von den aktuellen Markterwartungen ab und hätte weitreichende Konsequenzen für Anleihekurse, Aktienbewertungen, Währungen und die Kosten der Kapitalbeschaffung weltweit. Dies ist ein entscheidender Faktor, den jeder globale Portfolio-Manager genau beobachten muss (Zone 2) und der direkt in den Bereich der Makroökonomie und Zentralbankpolitik fällt.",RISK_OFF,False,"Wenn die Federal Reserve im Jahr 2026 keine Zinssenkungen vornimmt, würde dies bedeuten, dass die Zinsen länger auf einem höheren Niveau bleiben, als die Märkte möglicherweise erwarten. Dies erhöht die Finanzierungskosten für Unternehmen und Regierungen, drückt auf die Unternehmensgewinne und Bewertungen von Risikoanlagen (insbesondere Aktien), stärkt tendenziell den US-Dollar und könnte das Wachstum dämpfen oder das Rezessionsrisiko erhöhen. Dies würde allgemein zu einem 'RISK_OFF'-Umfeld führen, da Anleger risikoärmere Anlagen bevorzugen."
2026-08-17T09:30:40.813030+00:00,2026-12-31T00:00:00Z,616903,how-many-fed-rate-cuts-in-2026,Will 1 Fed rate cut happen in 2026?,2540988.919542001,0.105,active,"rewards 200, 4.5, 50 deprec, fed rates, economic policy, fed, business, jerome powell, economy, finance",Makroökonomie & Zentralbanken,2,75,95,"Die Frage nach einer Leitzinssenkung der Federal Reserve im Jahr 2026 ist von hoher Relevanz für globale Finanzmärkte, da sie direkt die zukünftige Geldpolitik, den Inflationsausblick und das Wirtschaftswachstum beeinflusst. Zinsentscheidungen der Fed haben weitreichende Auswirkungen auf Anleiherenditen, Aktienbewertungen, Währungsbewegungen und internationale Kapitalflüsse. Obwohl der Zeithorizont bis 2026 reicht, beeinflussen die Erwartungen an die zukünftige Fed-Politik bereits heute die Preisbildung von Vermögenswerten und die strategischen Allokationen globaler Multi-Faktor-Portfolios. Es ist ein klassischer 'Manager-Radar'-Ereignis, da es fundierte Analysen und Anpassungen der Portfoliostrategie erfordert, ohne jedoch eine sofortige, globale Panik auszulösen.",RISK_ON,False,"Eine Leitzinssenkung der Federal Reserve wird allgemein als eine Lockerung der Geldpolitik interpretiert, die darauf abzielt, die Wirtschaft zu stimulieren und die Kreditkosten zu senken. Dies ist typischerweise ein positives Signal für Risikoanlagen wie Aktien, da es das Wirtschaftswachstum fördern, die Gewinne der Unternehmen steigern und die Kapitalkosten senken kann. Daher würde die 'JA'-Seite – dass eine Zinssenkung im Jahr 2026 stattfindet – als ein risikoSENKENDES Ereignis im Sinne einer Unterstützung der Märkte und der Wirtschaft bewertet, was zu 'RISK_ON'-Verhalten führt."
2026-08-17T09:30:40.813120+00:00,2026-11-03T00:00:00Z,628940,california-governor-election-2026,Will Steve Hilton win the California Governor Election in 2026?,2660449.1762060006,0.0615,active,"california midterm, governor midterms, california governor, elections, politics, us election",Politische Struktur & Wahlen,3,4,95,"Die Wahl eines Gouverneurs in einem einzelnen US-Bundesstaat (Kalifornien) im Jahr 2026 hat für ein globales Multi-Faktor-Portfolio eine sehr geringe direkte Relevanz. Während Kalifornien eine bedeutende Wirtschaftsmacht ist, sind die Auswirkungen einer Gouverneurswahl auf die globalen Finanzmärkte typischerweise minimal und stellen eher ein lokales oder sektorspezifisches Rauschen dar als ein systemisches oder makroökonomisches Ereignis. Es handelt sich um ein politisches Ereignis, das die Struktur und Wahlen betrifft, jedoch ohne unmittelbare oder weitreichende globale finanzielle Implikationen.",RISK_OFF,False,"Eine mögliche Wahl von Steve Hilton, einem Kandidaten mit konservativen/populistischen Ansichten, in einem traditionell liberalen Bundesstaat wie Kalifornien könnte Unsicherheit hinsichtlich zukünftiger staatlicher Politik (z.B. Wirtschaftspolitik, Umweltauflagen, Sozialprogramme) mit sich bringen. Jede signifikante politische Verschiebung oder unkonventionelle Politik kann von den Märkten als erhöhte Volatilität oder Unberechenbarkeit wahrgenommen werden, was generell zu einer leichten 'RISK_OFF'-Haltung aufgrund der entstehenden Unsicherheit führen würde, auch wenn die globalen Auswirkungen gering sind."
2026-08-17T09:30:40.813130+00:00,2026-11-03T00:00:00Z,628941,california-governor-election-2026,Will Xavier Becerra win the California Governor Election in 2026?,1811008.7268539993,0.931,active,"california midterm, governor midterms, california governor, elections, politics, us election",Politische Struktur & Wahlen,3,2,90,"Der Markt betrifft eine Gouverneurswahl auf Bundesstaatsebene in Kalifornien. Für ein globales Multi-Faktor-Portfolio ist ein solches Ereignis als 'Rauschen' (Zone 3) einzustufen, da es keine direkte oder signifikante Auswirkung auf die globale Finanzmarktstabilität, Makroökonomie oder systemische Risiken hat. Der direkte Einfluss auf globale Asset-Klassen ist vernachlässigbar. Der Impact Score ist dementsprechend sehr niedrig im Zone 3 Bereich.",RISK_OFF,False,"Der Ausgang einer Wahl stellt eine politische Veränderung dar. Obwohl die direkten globalen Auswirkungen dieses spezifischen Ereignisses extrem gering sind, wird jede politische Verschiebung im Sinne einer potenziellen (wenn auch in diesem Fall vernachlässigbaren) Unsicherheit als 'RISK_OFF' kategorisiert, im Gegensatz zu einem 'RISK_ON', welches eine Normalisierung oder Risikoreduktion bedeuten würde. Es handelt sich hierbei nicht um einen Kontrakt zur Normalisierung einer Situation."
2026-08-17T09:30:40.813258+00:00,2026-12-31T00:00:00Z,1469737,iran-leader-end-of-2026,Will Mojtaba Khamenei be head of state in Iran end of 2026?,6036587.8745559985,0.822,active,"middle east, iran, world, geopolitics, politics, iran regime, rewards 50, 4.5, 100 deprec",Geopolitischer & Militärischer Schock,2,80,95,"Die Nachfolge des Obersten Führers im Iran, einem Land von erheblicher geopolitischer Bedeutung und einem wichtigen Ölproduzenten, birgt das Potenzial für weitreichende Schocks. Eine solche Führungsänderung kann die regionale Stabilität, die globalen Energiemärkte und die internationalen Beziehungen maßgeblich beeinflussen. Während es sich nicht um ein sofortiges globales Panikereignis handelt (Zone 1), ist das Ausmaß der möglichen Auswirkungen auf Asset-Klassen und die globale Risikobereitschaft für Portfolio-Manager von entscheidender Bedeutung (Zone 2).",RISK_OFF,False,"Sollte Mojtaba Khamenei, der oft als Hardliner wahrgenommen wird, die Führung übernehmen, könnte dies eine Fortsetzung oder sogar eine Verschärfung der konservativen Politik bedeuten. Dies könnte zu einer erhöhten Konfrontation mit westlichen Mächten, einer Destabilisierung der Region oder einer härteren Haltung im Nuklearprogramm führen. Solche Entwicklungen werden in der Regel als risikoerhöhend ('RISK_OFF') für die globalen Finanzmärkte bewertet, insbesondere im Hinblick auf die Ölversorgung, die regionale Stabilität und mögliche Sanktionen."
2026-08-17T09:30:40.813442+00:00,2026-09-16T00:00:00Z,2252244,fed-decision-in-september-762,Will there be no change in Fed interest rates after the September 2026 meeting?,7872646.790019019,0.745,active,"fomc, economic policy, fed rates, jerome powell, politics, fed, economy, cpi release",Makroökonomie & Zentralbanken,2,80,90,"Der Markt betrifft eine zukünftige Zinsentscheidung der US-Notenbank Fed, die als zentraler Akteur im globalen Finanzsystem maßgeblich die Makroökonomie und die globalen Finanzmärkte beeinflusst. Fed-Entscheidungen sind kritische Ereignisse, die von Portfoliomanagern genau beobachtet werden (Zone 2). Der Impact Score ist hoch, da Zinsentscheidungen Auswirkungen auf alle Asset-Klassen haben, von Anleihen über Aktien bis zu Währungen und Rohstoffen.",RISK_OFF,False,"Die 'JA'-Seite dieses Marktes bedeutet, dass es nach dem September 2026 keine Zinsänderung geben wird. Aus der Perspektive eines Risikoanalysten kann dies ein risikoERHOEHENDES Ereignis sein ('RISK_OFF'), wenn es den Markterwartungen (z.B. an eine Zinssenkung bei schwächelnder Wirtschaft) widerspricht oder eine zu lange Beibehaltung einer restriktiven Geldpolitik signalisiert. Eine unerwartete Stagnation der Zinspolitik könnte Unsicherheit über die zukünftige Wirtschaftsleistung erhöhen, die Anpassungsfähigkeit der Zentralbank in Frage stellen oder enttäuschte Erwartungen hinsichtlich einer geldpolitischen Lockerung hervorrufen, was zu einer Neubewertung von Risiken in globalen Portfolios führen kann."
2026-08-17T09:30:40.813450+00:00,2026-09-16T00:00:00Z,2252245,fed-decision-in-september-762,Will the Fed increase interest rates by 25 bps after the September 2026 meeting?,7175093.898912998,0.245,active,"fomc, economic policy, fed rates, jerome powell, politics, fed, economy, cpi release",Makroökonomie & Zentralbanken,2,75,95,"Dieser Prognosemarkt befasst sich direkt mit der Zinspolitik der US-Notenbank (Federal Reserve), die als eine der einflussreichsten Zentralbanken weltweit gilt. Ihre Entscheidungen haben weitreichende Auswirkungen auf globale Kapitalmärkte, Währungskurse, Anleiherenditen und die Bewertungen von Risikoanlagen. Für ein globales Multi-Faktor-Portfolio ist die Entwicklung der Leitzinsen ein fundamentaler Treiber für Anlagerenditen und Risikobewertungen in allen Asset-Klassen. Die Frage nach einer Zinserhöhung im September 2026 ist für die strategische Portfoliopositionierung und das Risikomanagement von entscheidender Bedeutung.",RISK_OFF,False,"Die 'JA'-Seite dieses Marktes impliziert, dass die Fed die Zinsen um 25 Basispunkte erhöhen wird. Eine Zinserhöhung durch die Fed führt in der Regel zu einer Straffung der globalen Finanzbedingungen. Dies erhöht die Finanzierungskosten für Unternehmen und Konsumenten, was potenziell das Wirtschaftswachstum dämpft. Es kann auch den Barwert zukünftiger Cashflows von Aktien reduzieren und risikofreiere Anlagen wie Anleihen attraktiver machen, was typischerweise zu einem 'RISK_OFF'-Sentiment an den Märkten führt und Kapitalflüsse aus risikoreicheren Anlagen bewirkt."
2026-08-17T09:30:40.813469+00:00,2026-12-31T00:00:00Z,682705,who-will-be-the-next-prime-minister-of-israel-after-the-next-election,Will Benjamin Netanyahu be the next Prime Minister of Israel?,2954852.843172999,0.295,active,"main election, israel election, politics, middle east, israel, geopolitics, elections, world, global elections, trump-netanyahu",Politische Struktur & Wahlen,2,65,90,"Die Frage nach Benjamin Netanyahus Premierministerschaft betrifft direkt die politische Führung Israels. Israel ist ein wichtiger geopolitischer Akteur im Nahen Osten, dessen interne Politik und externe Haltung erhebliche Auswirkungen auf die regionale Stabilität, Energiepreise und internationale Beziehungen haben können. Obwohl es kein globales 'Kill-Switch'-Ereignis ist, ist es relevant genug, um von globalen Portfoliomanagern überwacht zu werden (Zone 2), da es indirekte Auswirkungen auf verschiedene Sektoren und Rohstoffe haben kann.",RISK_OFF,False,"Die 'JA'-Seite dieses Prognosemarktes, d.h. Benjamin Netanyahu wird Premierminister, wird tendenziell als ein 'RISK_OFF'-Ereignis interpretiert. Netanyahus Regierungen sind historisch mit einer eher konfrontativen Außenpolitik, insbesondere gegenüber Iran und in Bezug auf den israelisch-palästinensischen Konflikt, verbunden. Eine Fortsetzung oder Rückkehr seiner Führung kann als Verstärkung regionaler geopolitischer Spannungen wahrgenommen werden, was allgemein zu einer erhöhten Risikoaversion an den globalen Finanzmärkten führen kann."
2026-08-17T09:30:40.813478+00:00,2026-12-31T00:00:00Z,682706,who-will-be-the-next-prime-minister-of-israel-after-the-next-election,Will Naftali Bennett be the next Prime Minister of Israel?,2921675.906399,0.055,active,"main election, israel election, politics, middle east, israel, geopolitics, elections, world, global elections, trump-netanyahu",Politische Struktur & Wahlen,2,40,90,"Der Markt bewertet die potenzielle Ernennung eines spezifischen Individuums zum Premierminister Israels. Dies gehört zum Cluster 'Politische Struktur & Wahlen', da es sich direkt auf die politische Führung innerhalb einer Nation bezieht. Obwohl Israel ein bedeutender regionaler Akteur ist, wird ein Wechsel seines Premierministers voraussichtlich keinen globalen 'Kill-Switch'-Effekt auslösen, weshalb das Ereignis der Zone 2 (Manager-Radar) zugeordnet wird. Der Impact Score von 40 spiegelt die regionale Bedeutung und das Potenzial für Wellen auf globale Märkte (z.B. Energie, Verteidigung, Technologie) wider, ohne jedoch ein primärer globaler Markttreiber zu sein.",RISK_OFF,False,"Die Bestätigung eines neuen Regierungschefs, insbesondere einer Person, die potenziell eine Verschiebung hin zu assertiveren Politiken in einer volatilen Region signalisiert, wird von den Märkten generell als Einführung von Unsicherheit oder Potenzial für erhöhte regionale Spannungen wahrgenommen, was eine Tendenz zu einem 'RISK_OFF'-Szenario für globale Portfolios bedeutet."
2026-08-17T09:30:40.813491+00:00,2026-12-31T00:00:00Z,682708,who-will-be-the-next-prime-minister-of-israel-after-the-next-election,Will Gadi Eizenkot be the next Prime Minister of Israel?,1621652.7956420004,0.5395,active,"main election, israel election, politics, middle east, israel, geopolitics, elections, world, global elections, trump-netanyahu",Politische Struktur & Wahlen,2,70,90,"Dieser Markt bewertet die Wahrscheinlichkeit einer Änderung in der politischen Führung Israels. Israel ist ein zentraler geopolitischer Akteur im Nahen Osten, einer Region von kritischer Bedeutung für die globale Energieversorgung und Stabilität. Ein Wechsel des Premierministers, insbesondere zu Gadi Eizenkot (eine prominente Militärfigur), könnte signifikante Änderungen in der Innen- und Außenpolitik mit sich bringen, was sich auf die Dynamik regionaler Konflikte, Allianzen und potenziell auf globale Energiemärkte auswirken kann. Dies ist ein relevantes Ereignis für ein globales Multi-Faktor-Portfolio, das eine Überwachung erfordert, aber keine unmittelbare globale Panik auslöst.",RISK_OFF,False,"Die potenzielle Wahl von Gadi Eizenkot zum nächsten Premierminister Israels stellt einen bedeutenden politischen Übergang während eines andauernden regionalen Konflikts dar. Obwohl seine spezifischen Politiken noch unbekannt sind, führt jeder Führungswechsel in einer geopolitisch kritischen Region ein Maß an Unsicherheit bezüglich zukünftiger Stabilität, Außenpolitik und des Verlaufs des Konflikts ein. Märkte reagieren auf solche Unsicherheiten typischerweise mit erhöhter Vorsicht und einer Präferenz für 'RISK_OFF'-Anlagen, bis sich eine klarere politische Richtung abzeichnet."
2026-08-17T09:30:40.813504+00:00,2026-12-31T00:00:00Z,682710,who-will-be-the-next-prime-minister-of-israel-after-the-next-election,Will Avigdor Lieberman be the next Prime Minister of Israel?,2327066.2852640008,0.0475,active,"main election, israel election, politics, middle east, israel, geopolitics, elections, world, global elections, trump-netanyahu",Politische Struktur & Wahlen,2,55,90,"Die Wahl des Premierministers Israels ist ein bedeutendes politisches Ereignis in einer geopolitisch sensiblen Region. Ein Wechsel in der Führung kann weitreichende Auswirkungen auf die israelische Innen- und Außenpolitik haben, die regionale Stabilität beeinflussen und indirekt globale Interessen (z.B. Energiepreise, Handelsbeziehungen) berühren. Es ist kein systemisches globales Risiko (Zone 1), aber definitiv ein Ereignis, das ein globaler Multi-Faktor-Portfoliomanager im Auge behalten sollte (Zone 2). Die potenzielle Stärke der Auswirkungen auf regionale Märkte und die allgemeine Stimmung rechtfertigt einen mittleren Impact Score.",RISK_OFF,False,"Avigdor Lieberman ist bekannt für seine nationalkonservative und oft als 'hawkish' wahrgenommene politische Haltung. Sollte er Premierminister werden, könnte dies zu einer Politik führen, die als potenziell eskalierend in regionalen Konflikten oder als verschärfend in diplomatischen Beziehungen wahrgenommen wird. Dies würde die geopolitische Risikoprämie erhöhen und somit tendenziell ein 'RISK_OFF'-Szenario am Markt fördern."
2026-08-17T09:30:40.813590+00:00,2026-12-31T00:00:00Z,2006983,us-obtains-iranian-enriched-uranium-by,US obtains Iranian enriched uranium by December 31?,2127292.2651929995,0.065,active,"politics, u.s. x iran, geopolitics, iran ceasefire, iran, trump, negotiation topics",Geopolitischer & Militärischer Schock,2,75,90,"Der Markt bewertet eine mögliche diplomatische Lösung oder einen signifikanten Deeskalationsschritt im Atomprogramm des Iran. Dies ist ein entscheidendes geopolitisches Ereignis, das erhebliche Auswirkungen auf die globale Stabilität, die Ölpreise und das allgemeine Marktsentiment (Risikobereitschaft) haben kann. Es ist kein 'Kill-Switch'-Ereignis, das globale Panik auslösen würde, aber es ist weit über reines 'Rauschen' hinaus und würde von globalen Portfoliomanagern intensiv beobachtet werden, um regionale Konflikte und Marktvolatilität zu antizipieren.",RISK_ON,True,"Die 'JA'-Seite des Kontrakts, d.h. die USA erhalten angereichertes Uran vom Iran, impliziert eine erfolgreiche Deeskalation oder eine diplomatische Lösung einer potenziell hochriskanten geopolitischen Situation. Dies würde die Wahrscheinlichkeit eines regionalen Konflikts reduzieren und eine Normalisierung oder Verbesserung der regionalen und globalen Stabilität bedeuten. Solch eine Entwicklung wird als risikoSENKENDes Ereignis (RISK_ON) gewertet, da es Unsicherheit reduziert und das Vertrauen in die Märkte stärkt."
2026-08-17T09:30:40.829885+00:00,2026-07-15T00:00:00Z,2730712,israel-closes-its-airspace-by,Israel closes its airspace by August 31?,1096340.7738670004,0.0265,active,"politics, geopolitics, israel x iran, iran, israel, rewards 50, 4.5, 20",Geopolitischer & Militärischer Schock,2,70,95,"Das Schließen des Luftraums Israels signalisiert eine drastische Eskalation militärischer oder sicherheitspolitischer Bedrohungen in einer geopolitisch sensiblen Region. Dies fällt direkt unter die Kategorie 'Geopolitischer & Militärischer Schock'. Obwohl es kein unmittelbares 'Kill-Switch'-Ereignis für die globalen Märkte darstellt (Zone 1), ist es weit entfernt von bloßem 'Rauschen' (Zone 3). Ein solches Ereignis würde von globalen Portfoliomanagern genau beobachtet, da es zu regionaler Instabilität, steigenden Ölpreisen, Unterbrechungen im Luftverkehr und einer Verschlechterung des Investorenvertrauens führen kann, was eine hohe Relevanz für unser Portfolio hat (Zone 2). Der Impact Score von 70 reflektiert die Schwere eines solchen regionalen Schocks und seine potenziellen weitreichenden finanziellen und wirtschaftlichen Auswirkungen, ohne einen sofortigen globalen Crash zu verursachen.",RISK_OFF,False,"Die 'JA'-Seite des Prognosemarktes, d.h. das Schließen des israelischen Luftraums, stellt eine klare Eskalation von Risiken dar. Es signalisiert eine erhöhte Unsicherheit, militärische Konflikte oder eine schwere Sicherheitskrise, was Investoren dazu veranlassen würde, risikoärmere Anlagen zu suchen ('RISK_OFF'). Es handelt sich nicht um eine Rückkehr zur Normalität, sondern um eine Abkehr davon."
2026-08-17T09:30:40.829968+00:00,2026-08-31T23:59:00Z,2952493,israel-x-iran-ceasefire-continues-throughptptpt-20260716224448963,Israel x Iran ceasefire continues through August 31?,2113817.2924590004,0.945,active,"iran, israel, geopolitics, israel x iran, israel election",Geopolitischer & Militärischer Schock,1,80,90,"Der mögliche Konflikt zwischen Israel und Iran ist ein kritischer geopolitischer Faktor mit weitreichenden Auswirkungen auf globale Energiemärkte (insbesondere die Straße von Hormus), Handelsrouten und die allgemeine Anlegerstimmung. Das Ausbleiben eines Waffenstillstands hätte das Potenzial, einen globalen Schock und eine massive 'RISK_OFF'-Bewegung auszulösen, was es zu einem Ereignis der Zone 1 macht. Die Frage adressiert direkt das Risiko eines Ausbruchs einer solchen Zone-1-Eskalation.",RISK_ON,True,"Die 'JA'-Seite dieses Prognosemarktes, dass der Waffenstillstand fortgesetzt wird, beschreibt das Ausbleiben einer weiteren Eskalation und die Aufrechterhaltung eines de-eskalierten Zustands. Dies ist ein risikoSENKENDES Ereignis ('Waffenstillstand haelt') und somit 'RISK_ON'. Die Fortsetzung eines Waffenstillstands ist zudem eine Form der 'Normalisierung', da sie eine Rückkehr zu einem konfliktärmeren Status Quo darstellt und eine Verschlechterung der Lage verhindert."
2026-08-17T09:30:40.830053+00:00,2026-12-31T00:00:00Z,663583,will-the-iranian-regime-fall-by-the-end-of-2026,Will the Iranian regime fall before 2027?,24758503.154585995,0.065,active,"reza pahlavi, iran regime, iran, israel, world, trump, khamenei, geopolitics, politics, middle east",Geopolitischer & Militärischer Schock,2,80,95,"Der mögliche Fall des iranischen Regimes ist ein Ereignis von signifikanter geopolitischer Tragweite. Iran ist ein Schlüsselakteur in einer der volatilsten Regionen der Welt, ein wichtiger Ölproduzent und liegt strategisch an der Straße von Hormus. Ein solcher Umsturz würde weitreichende Konsequenzen für die globale Energieversorgung, die regionale Stabilität, internationale Allianzen und möglicherweise die Proliferation von Atomwaffen haben. Obwohl es nicht zwingend ein unmittelbares 'Kill-Switch'-Ereignis für die gesamte Weltwirtschaft darstellt, würde es doch eine massive Neuordnung von Risikobewertungen und Portfoliopositionen durch globale Manager erfordern, was es klar in Zone 2 platziert. Der Impact Score spiegelt das hohe Potenzial für Marktvolatilität, Rohstoffpreisschocks und eine signifikante Zunahme der Risikoaversion wider.",RISK_OFF,False,"Die 'JA'-Seite des Prognosemarktes – dass das iranische Regime fällt – würde an den globalen Finanzmärkten als ein massiv risikoerhöhendes Ereignis ('RISK_OFF') interpretiert werden. Ein Regimewechsel in Iran würde zunächst extreme Unsicherheit über die nachfolgende Staatsführung, die interne Stabilität, das Risiko eines Bürgerkriegs, die Ausrichtung der Außenpolitik und die zukünftige Haltung zum Atomprogramm mit sich bringen. Dies würde zu einem 'Flight to Safety', erhöhten Ölpreisen aufgrund potenzieller Angebotsstörungen und einer generellen Flucht aus risikoreichen Anlagen führen. Es handelt sich eindeutig nicht um eine Normalisierung oder Entspannung einer Situation."
2026-08-17T09:30:40.830069+00:00,2026-09-30T00:00:00Z,2730675,iran-leadership-change-by,Iran leadership change by September 30?,465118.12355300004,0.045,active,"politics, iran, iran regime, geopolitics, mojtaba, ayatollah, khamenei, mojtaba khamenei, khamenei out, mojtaba out",Geopolitischer & Militärischer Schock,2,75,90,"Ein Führungswechsel im Iran, insbesondere ein plötzlicher oder ungeplanter, birgt ein erhebliches Potenzial für geopolitische Instabilität in einer strategisch kritischen Region. Als wichtiger Ölproduzent und Akteur im Nahen Osten könnten interne Umwälzungen im Iran weitreichende Folgen für die globalen Energiemärkte (insbesondere Ölpreise), die Sicherheit wichtiger Schifffahrtsrouten (z.B. Straße von Hormus) und die regionale Stabilität haben. Dies würde globale Finanzmärkte über gestiegene Rohstoffpreise, Lieferkettenunterbrechungen und eine generelle Zunahme der Risikoaversion (Flight-to-Safety) erheblich beeinflussen. Obwohl es nicht zwingend ein systemischer Kill-Switch ist, liegt das Eskalationspotenzial hoch genug, um über das Manager-Radar hinaus eine signifikante globale Wirkung zu entfalten.",RISK_OFF,False,"Ein Führungswechsel im Iran erhöht in der Regel die politische und wirtschaftliche Unsicherheit. Die Finanzmärkte würden dies als erhöhtes Risiko interpretieren, da es zu interner Instabilität, einer unvorhersehbaren Außenpolitik oder gar militärischen Konflikten in der Region kommen könnte. Dies würde typischerweise zu einem 'Flight-to-Safety' (RISK_OFF) führen, mit negativen Auswirkungen auf risikobehaftete Anlagen wie Aktien und positiven Auswirkungen auf sichere Häfen."
2026-08-17T09:30:40.830102+00:00,2026-12-31T00:00:00Z,1535973,iran-leadership-change-by,Iran leadership change by December 31?,4033570.385348999,0.165,active,"politics, iran, iran regime, geopolitics, mojtaba, ayatollah, khamenei, mojtaba khamenei, khamenei out, mojtaba out",Geopolitischer & Militärischer Schock,2,75,90,"Ein Führungswechsel im Iran, insbesondere ein unvorhergesehener, birgt ein erhebliches Potenzial für geopolitische Instabilität. Iran ist ein wichtiger Akteur im Nahen Osten, ein großer Ölproduzent und kontrolliert die Straße von Hormus, eine kritische Passage für den globalen Ölhandel. Ein solcher Wechsel könnte zu internen Unruhen, einer Verschiebung der Außenpolitik (einschließlich nuklearer Ambitionen), regionalen Spannungen oder gar militärischen Auseinandersetzungen führen, die Ölpreise stark beeinflussen und globale Märkte belasten würden. Dies ist ein Ereignis, das auf dem Manager-Radar (Zone 2) steht, da es erhebliche Marktvolatilität und erhöhte Risikoprämien verursachen kann, ohne jedoch unmittelbar einen globalen Kill-Switch (Zone 1) auszulösen, es sei denn, es eskaliert unvorhersehbar zu einem größeren globalen Konflikt.",RISK_OFF,False,"Die 'JA'-Seite dieses Prognosemarktes, ein Führungswechsel im Iran, wird von den Finanzmärkten typischerweise als risikoERHÖHEND eingestuft. Ein solcher Wechsel bringt naturgemäß Unsicherheit über die zukünftige politische Ausrichtung, die Stabilität des Regimes, die Regionalpolitik und die Beziehungen zu internationalen Partnern mit sich. Diese Unsicherheit führt in der Regel zu einer 'RISK_OFF'-Haltung, d.h. Investoren suchen Sicherheit, was zu fallenden Aktienmärkten, steigenden Ölpreisen (aufgrund von Versorgungsängsten) und Flucht in sichere Häfen (z.B. Gold, Staatsanleihen) führen kann. Es handelt sich nicht um eine Rückkehr zur Normalität, sondern um ein potenziell disruptives Ereignis."
2026-08-17T09:30:40.830136+00:00,2026-10-10T00:00:00Z,637004,nobel-peace-prize-winner-2026-139,Will Yulia Navalnaya win the Nobel Peace Prize in 2026?,290604.1969169999,0.085,active,"awards, politics, geopolitics, world",Keine Relevanz,3,1,95,"Die potenzielle Verleihung des Friedensnobelpreises an Yulia Navalnaya im Jahr 2026 ist ein Ereignis von symbolischer und politischer Bedeutung, hat jedoch keinerlei direkten oder messbaren Einfluss auf globale Finanzmärkte, makroökonomische Indikatoren oder die Bewertung eines Multi-Faktor-Portfolios. Aus quantitativer Risikoperspektive ist dies als 'Rauschen' mit vernachlässigbarer Relevanz einzustufen.",RISK_ON,False,"Die Verleihung eines Friedensnobelpreises wird im Allgemeinen als eine positive Anerkennung für Bemühungen um Frieden und Menschenrechte angesehen. Sollte es wider Erwarten zu einer minimalen Marktstimmung kommen, wäre diese eher als risikoentlastend ('RISK_ON') zu interpretieren, wobei der finanzielle Einfluss auf globale Märkte effektiv als null einzuschätzen ist."
2026-08-17T09:30:40.830174+00:00,2026-10-10T00:00:00Z,637011,nobel-peace-prize-winner-2026-139,Will Volodymyr Zelenskyy win the Nobel Peace Prize in 2026?,790413.7428519998,0.0565,active,"awards, politics, geopolitics, world",Keine Relevanz,3,2,95,"Die Frage, ob Volodymyr Zelenskyy den Friedensnobelpreis im Jahr 2026 gewinnen wird, ist für die quantitative Risikoanalyse eines globalen Multi-Faktor-Portfolios von sehr geringer Relevanz. Der Gewinn eines Preises ist ein symbolisches Ereignis und hat keine direkte oder unmittelbare Auswirkung auf globale Finanzmärkte, makroökonomische Indikatoren oder systemische Risiken. Während die zugrunde liegenden geopolitischen Entwicklungen, die zu einem solchen Preis führen könnten (z.B. ein Friedensabkommen oder eine substanzielle Deeskalation des Konflikts), sehr wohl relevant wären, bewertet dieser Prognosemarkt spezifisch den *Preisgewinn* selbst und nicht die Ereignisse, die ihm vorausgehen könnten. Als solcher fällt er in die Kategorie 'Rauschen' für Finanzmärkte.",RISK_ON,False,"Obwohl der Markt selbst von geringer Relevanz ist, würde die 'JA'-Seite (Zelenskyy gewinnt den Preis) implizieren, dass bedeutende Fortschritte in Richtung Frieden oder eine Beendigung des Konflikts erreicht wurden. Solche Ereignisse würden von den Märkten typischerweise als risikoSENKEND (RISK_ON) interpretiert werden, da sie zu größerer globaler Stabilität und verminderten geopolitischen Unsicherheiten führen würden. Die Erwartung eines Friedenspreises korreliert somit mit einer positiven Marktwahrnehmung."
2026-08-17T09:30:40.830285+00:00,2026-12-31T00:00:00Z,1394086,will-reza-pahlavi-enter-iran-by-june-30,Will Reza Pahlavi enter Iran by December 31?,2196037.1387509997,0.055,active,"shah, reza pahlavi, iran regime, iran, world, middle east, israel, geopolitics",Geopolitischer & Militärischer Schock,1,85,95,"Der mögliche Einzug Reza Pahlavis in den Iran bis Ende des Jahres deutet auf eine tiefgreifende politische Umwälzung oder einen Regimewechsel im Land hin. Angesichts der zentralen Rolle Irans in der globalen Ölversorgung und seiner geopolitischen Bedeutung im Nahen Osten würde ein solches Ereignis, das höchstwahrscheinlich mit erheblicher Instabilität, Unruhen oder sogar bürgerkriegsähnlichen Zuständen verbunden wäre, massive Auswirkungen auf die globalen Energiemärkte und die regionale Stabilität haben. Dies hat das Potenzial, weitreichende globale Finanzmarktschocks auszulösen, was es zu einem Kill-Switch-Ereignis (Zone 1) macht.",RISK_OFF,False,"Die 'JA'-Seite des Marktes – dass Reza Pahlavi tatsächlich in den Iran einreist – impliziert, dass das bestehende Regime entweder stark geschwächt ist oder bereits gefallen ist, was zu einer Phase extremer Unsicherheit, politischem Vakuum oder gewaltsamen Konflikten führen würde. Dies wäre ein klares Signal für erhöhte geopolitische Risiken, steigende Ölpreise und eine Flucht in sichere Häfen (Risk-Off-Verhalten) an den globalen Finanzmärkten."
2026-08-17T09:30:40.830340+00:00,2026-12-31T18:30:00Z,560317,putin-out-before-2027,"Putin out as President of Russia by December 31, 2026?",19303946.182974983,0.075,active,"putin, geopolitics, ukraine, politics, world, russia, earn 4%",Geopolitischer & Militärischer Schock,1,85,95,"Ein unerwarteter Führungswechsel in Russland, einer Nuklearmacht und einem Schlüsselakteur auf den globalen Energie- und Rohstoffmärkten, birgt ein enormes Potenzial für geopolitische Instabilität. Dies könnte eine breite Palette von Ereignissen auslösen, von internen Machtkämpfen und ziviler Unruhe bis hin zu signifikanten Verschiebungen in der Außenpolitik oder sogar der regionalen Sicherheit. Eine solche Unsicherheit hat das Potenzial, globale Finanzmärkte massiv zu destabilisieren, Kapitalflucht aus Schwellenländern zu provozieren, Rohstoffpreise extrem zu beeinflussen und die globale Risikobereitschaft fundamental zu verändern. Es ist ein 'Kill-Switch'-Ereignis für die Marktstimmung, da es eine sofortige und umfassende Neubewertung des globalen Risikoprofils erfordern würde.",RISK_OFF,False,"Die 'JA'-Seite (Putin ist bis zum 31. Dezember 2026 nicht mehr Präsident) würde zunächst als ein starkes 'RISK_OFF'-Signal interpretiert werden. Der unmittelbare Effekt eines plötzlichen oder ungeordneten Führungswechsels in einem Land von Russlands geopolitischer Bedeutung wäre extreme Unsicherheit und die Furcht vor Instabilität. Märkte reagieren auf solche Ereignisse typischerweise mit einem Rückzug aus risikoreicheren Anlagen zugunsten von sicheren Häfen, unabhängig davon, ob die langfristigen Auswirkungen potenziell positiv sein könnten. Die anfängliche Reaktion wäre von Unsicherheit und dem Management potenzieller Schockwellen geprägt."
2026-08-17T09:30:40.830364+00:00,2026-12-31T18:30:00Z,2822017,putin-out-before-2027,"Putin out as President of Russia by June 30, 2027?",305619.9757499999,0.125,active,"putin, geopolitics, ukraine, politics, world, russia, earn 4%",Geopolitischer & Militärischer Schock,1,90,95,"Der mögliche Abgang von Wladimir Putin als Präsident Russlands, insbesondere im Kontext des andauernden Krieges in der Ukraine, stellt ein Ereignis von globaler geopolitischer und potenziell militärischer Schockwirkung dar. Russland ist eine Atommacht und ein entscheidender Akteur auf den Energie- und Rohstoffmärkten. Eine solche Machtverschiebung könnte extreme Unsicherheit bezüglich der Nachfolge, der internen Stabilität Russlands und der zukünftigen Ausrichtung des Ukraine-Krieges auslösen. Dies hat das Potenzial für 'Kill-Switch'-Effekte auf die globalen Finanzmärkte, da eine breite Spanne von extrem positiven bis zu extrem negativen Szenarien denkbar ist, die alle mit hoher Volatilität verbunden wären. Der Impact Score von 90 reflektiert das hohe Potenzial für einen globalen Marktcrash und weitreichende Verwerfungen.",RISK_OFF,False,"Die 'JA'-Seite dieses Prognosemarktes, d.h. Putins Ausscheiden aus dem Amt, würde eine Periode immenser Unsicherheit einleiten. Unabhängig davon, ob der Abgang friedlich oder gewaltsam erfolgt, oder wer der Nachfolger wäre, wäre die unmittelbare Marktreaktion von einer Flucht in sichere Häfen (Risk-Off) geprägt. Die Ungewissheit über die politische Stabilität Russlands, die zukünftige geopolitische Ausrichtung und die Auswirkungen auf den Krieg sowie globale Energie- und Rohstoffmärkte würde Anleger zu Vorsicht und De-Risking zwingen, bis sich die Lage klärt. Es handelt sich hierbei nicht um eine Rückkehr zur Normalität, sondern um die Schaffung einer neuen, hochgradig unbeständigen Situation."
2026-08-17T09:30:40.830384+00:00,2026-09-30T00:00:00Z,1130012,which-party-will-gain-most-seats-in-russian-parliamentary-election,Will United Russia (ER) gain the most seats in the next Russian parliamentary election?,6879581.010185,0.705,active,"politics, international election props, world elections, elections, global elections, putin, russia, world",Politische Struktur & Wahlen,2,65,95,"Dieser Markt bewertet die Wahrscheinlichkeit, dass die derzeitige Regierungspartei in Russland die Mehrheit der Sitze gewinnt. Das Ergebnis hat direkte Auswirkungen auf die politische Stabilität Russlands und indirekt auf die geopolitische Landschaft, die Energie- und Rohstoffmärkte sowie die allgemeine Risikobereitschaft gegenüber Schwellenländern. Ein unerwartetes Ergebnis, das von der 'JA'-Seite abweicht, könnte signifikante Unsicherheit und Volatilität verursachen, ist aber kein globaler Kill-Switch. Daher ist es relevant für das Manager-Radar.",RISK_ON,False,"Die 'JA'-Seite (United Russia gewinnt die meisten Sitze) signalisiert politische Kontinuität und eine Fortsetzung des Status quo in Russland. Dies wird von den globalen Märkten im Allgemeinen als ein risikoSENKENDES Ereignis wahrgenommen ('RISK_ON'), da es größere politische Unsicherheiten und damit verbundene Marktstörungen, die aus einem unerwarteten Wahlausgang resultieren könnten, vermeidet. Es handelt sich nicht um eine Normalisierung eines bereits bestehenden negativen Zustands."
2026-08-17T09:30:40.830402+00:00,2026-09-30T00:00:00Z,1130015,which-party-will-gain-most-seats-in-russian-parliamentary-election,Will the Liberal Democratic Party of Russia (LDPR) gain the most seats in the next Russian parliamentary election?,3189672.044804,0.0555,active,"politics, international election props, world elections, elections, global elections, putin, russia, world",Politische Struktur & Wahlen,2,45,90,"Der Gewinn der meisten Sitze durch die Liberaldemokratische Partei Russlands (LDPR) in den Parlamentswahlen würde auf eine Verschiebung der internen russischen Politik hin zu einer stärker nationalistischen und potenziell konfrontativeren Haltung hindeuten. Obwohl die reale Macht in Russland weiterhin beim Präsidenten liegt, wäre ein solcher Wahlausgang ein starkes Signal für erhöhte geopolitische Unsicherheit. Dies könnte Auswirkungen auf die globalen Rohstoffmärkte, die Sanktionspolitik und die allgemeine Anlegerstimmung gegenüber Schwellenländern haben und erfordert eine Überwachung durch Portfoliomanager.",RISK_OFF,False,"Ein Wahlsieg der LDPR, die für ihre nationalistische und oft aggressive Rhetorik bekannt ist, würde von den Märkten wahrscheinlich als Erhöhung der politischen Unsicherheit und der potenziellen Risikobereitschaft Russlands im globalen Kontext interpretiert. Dies würde zu einer allgemeinen Abkehr von Risikoanlagen (RISK_OFF) führen, da Investoren eine Eskalation von Spannungen oder eine weniger vorhersehbare russische Außenpolitik befürchten könnten."
2026-08-17T09:30:40.830411+00:00,2026-09-30T00:00:00Z,1130016,which-party-will-gain-most-seats-in-russian-parliamentary-election,Will New People (NL) gain the most seats in the next Russian parliamentary election?,2082106.2515580005,0.196,active,"politics, international election props, world elections, elections, global elections, putin, russia, world",Politische Struktur & Wahlen,2,35,90,"Der Markt betrifft eine Parlamentswahl in Russland, einem geopolitisch wichtigen Akteur mit Einfluss auf globale Märkte und internationale Beziehungen. Die 'Neue Leute' Partei ist zwar Teil der systemischen Opposition, aber ihr Sieg bei den meisten Sitzen wäre ein unerwarteter und signifikanter Wandel in der internen politischen Struktur Russlands. Dies hat potenzielle, wenn auch indirekte Auswirkungen auf die globalen Finanzmärkte, da es die innenpolitische Ausrichtung und Stabilität eines wichtigen Landes beeinflussen könnte. Es handelt sich nicht um ein globales 'Kill-Switch'-Ereignis (Zone 1), erfordert aber aufgrund der potenziellen Unsicherheiten die Aufmerksamkeit von Portfolio-Managern (Zone 2). Der Impact Score reflektiert, dass die direkte globale finanzielle Auswirkung dieses spezifischen Wahlergebnisses wahrscheinlich begrenzt ist, aber die Beobachtung der politischen Stabilität in Russland wichtig ist.",RISK_OFF,False,"Ein Sieg der 'Neue Leute' Partei mit den meisten Sitzen würde eine erhebliche Abweichung vom etablierten politischen Status quo in Russland darstellen. Diese Art von unerwarteter politischer Veränderung in einem bedeutenden Land führt typischerweise zu erhöhter Unsicherheit und einer Präferenz der Märkte, risikoreichere Anlagen zu meiden (RISK_OFF), da die zukünftige politische und wirtschaftliche Richtung weniger vorhersehbar wäre."
2026-08-17T09:30:40.830454+00:00,2026-12-31T00:00:00Z,694935,which-companies-will-be-acquired-before-2027,Will Zoom Video Communications be acquired before 2027?,420997.35017199995,0.0805,active,"business, big tech, prediction markets, finance, tech, ai, acquisitions, buy",Sektorale & Unternehmensereignisse,2,40,90,"Der Prognosemarkt befasst sich mit einem spezifischen Unternehmensereignis (Akquisition) einer prominenten Technologiefirma (Zoom). Obwohl dies für Zoom-Aktionäre und den Tech-Sektor von Bedeutung ist, stellt es kein systemisches Stabilitätsrisiko, keinen geopolitischen Schock oder eine umfassende makroökonomische Veränderung dar. Es erfordert die Aufmerksamkeit eines Portfoliomanagers aufgrund potenzieller Auswirkungen auf Sektorbewertungen, M&A-Trends und vergleichbare Unternehmen, überschreitet jedoch nicht die Schwelle eines globalen Panik-Ereignisses.",RISK_ON,False,"Die Akquisition eines Unternehmens wie Zoom, insbesondere wenn sie zu einem Prämienkaufpreis erfolgt, wird typischerweise als Zeichen von Unternehmensvertrauen, Marktaktivität und strategischem Wachstum interpretiert. Solche M&A-Aktivitäten werden im Allgemeinen als positives Signal für die Wirtschaft und die Risikobereitschaft der Anleger angesehen (RISK_ON), da sie auf eine gesunde Unternehmenslandschaft hindeuten und keine inhärenten Risiken für die globale Finanzstabilität bergen, die zu einem 'Flight-to-Safety' führen würden."
2026-08-17T09:30:40.830464+00:00,2026-12-31T00:00:00Z,694936,which-companies-will-be-acquired-before-2027,Will Nebius Group be acquired before 2027?,7954849.445152001,0.0495,active,"business, big tech, prediction markets, finance, tech, ai, acquisitions, buy",Sektorale & Unternehmensereignisse,3,4,95,"Die Akquisition eines einzelnen Unternehmens, der Nebius Group, ist ein spezifisches Unternehmenseignis. Für ein globales Multi-Faktor-Portfolio hat dies in der Regel nur geringe direkte Auswirkungen auf die Gesamtmarktperformance oder das systemische Risiko. Es fällt unter 'Rauschen', da es keine weitreichenden globalen oder sektoralen Auswirkungen hat, die über die unmittelbare Betroffenheit des Unternehmens und seiner direkten Konkurrenten hinausgehen würden.",RISK_ON,False,"Eine erfolgreiche Akquisition ('JA'-Seite) signalisiert fortgesetzte M&A-Aktivitäten und Unternehmenswachstum, was im Allgemeinen als positiv für die Aktienmärkte und die Wirtschaftsgesundheit interpretiert wird. Dies entspricht einem 'RISK_ON'-Sentiment, da es eine Bestätigung für Unternehmensaktivität und Wertschöpfung ist, auch wenn der globale Impact gering ist."
2026-08-17T09:30:40.830477+00:00,2026-12-31T00:00:00Z,694938,which-companies-will-be-acquired-before-2027,Will Viking Therapeutics be acquired before 2027?,1700986.7840730003,0.215,active,"business, big tech, prediction markets, finance, tech, ai, acquisitions, buy",Sektorale & Unternehmensereignisse,3,5,95,"Der Markt betrifft die mögliche Akquisition eines einzelnen Biotechnologie-Unternehmens (Viking Therapeutics). Während dies für die direkt beteiligten Investoren und den Biotechnologie-Sektor von Bedeutung sein kann, hat ein solches Ereignis für ein globales Multi-Faktor-Portfolio, das auf makroökonomische, systemische und geopolitische Risiken abzielt, eine sehr geringe Relevanz. Es ist kein Treiber für globale Finanzmärkte oder systemische Stabilität und fällt daher in die Kategorie 'Rauschen' (Zone 3). Der Impact Score ist bewusst niedrig gewählt, da der globale Einfluss marginal ist.",RISK_ON,False,"Eine erfolgreiche Akquisition wird im Allgemeinen als positives Signal für den betroffenen Sektor und für die M&A-Aktivität insgesamt gewertet. Sie deutet auf Kapitalallokation, Wachstumspotenzial und Vertrauen in die Wirtschaft hin, was eher einem 'RISK_ON'-Szenario entspricht, auch wenn die Auswirkungen auf ein globales Portfolio begrenzt sind. Es handelt sich nicht um ein Ereignis, das globale Unsicherheit erhöht oder Anleger in risikoarme Anlagen treibt."
2026-08-17T09:30:40.830486+00:00,2026-12-31T00:00:00Z,694939,which-companies-will-be-acquired-before-2027,Will Ubisoft be acquired before 2027?,622337.307712,0.11,active,"business, big tech, prediction markets, finance, tech, ai, acquisitions, buy",Sektorale & Unternehmensereignisse,3,6,90,"Der Prognosemarkt betrifft eine spezifische Unternehmensaktion (Akquisition) innerhalb des Unterhaltungs-/Gaming-Sektors. Für ein globales Multi-Faktor-Portfolio ist ein solches Ereignis, auch wenn es für die beteiligten Parteien und den spezifischen Sektor relevant ist, auf globaler Ebene als 'Rauschen' zu betrachten. Es hat keine systemische Relevanz und beeinflusst weder globale Makroökonomie noch geopolitische Stabilität.",RISK_ON,False,"Ein 'Ja' zur Übernahme von Ubisoft würde in der Regel eine positive Bewertung für das Zielunternehmen und möglicherweise eine Signalwirkung für den M&A-Markt im Gaming-Sektor bedeuten. Dies wird allgemein als Zeichen von Aktivität und Vertrauen wahrgenommen, was eher einem 'RISK_ON'-Sentiment entspricht als einer Risikoerhöhung für den Gesamtmarkt. Es handelt sich nicht um die Rückkehr zu einem normalen Zustand."
2026-08-17T09:30:40.830509+00:00,2026-12-31T00:00:00Z,694940,which-companies-will-be-acquired-before-2027,Will GitLab be acquired before 2027?,1180043.1597129998,0.085,active,"business, big tech, prediction markets, finance, tech, ai, acquisitions, buy",Sektorale & Unternehmensereignisse,3,3,95,"Dieses Prognoseereignis bezieht sich auf eine potenzielle Unternehmensakquisition von GitLab, einem spezifischen Technologieunternehmen. Obwohl ein solches Ereignis für das Unternehmen und seine direkten Stakeholder von Bedeutung ist, hat die Übernahme eines einzelnen mittelständischen Technologieunternehmens (Marktkapitalisierung von ca. 6-7 Mrd. USD) voraussichtlich keinen wesentlichen Einfluss auf die Stabilität oder Performance der globalen Finanzmärkte. Die Relevanz ist primär auf den Cluster 'Sektorale & Unternehmensereignisse' beschränkt und beeinflusst eher den Technologiesektor oder M&A-Trends als systemische oder makroökonomische Faktoren. Für ein globales Multi-Faktor-Portfolio ist der direkte Risikoimpakt minimal, weshalb es der Zone 'Rauschen' zugeordnet wird.",RISK_ON,False,"Die Übernahme eines Unternehmens wie GitLab, insbesondere wenn sie zu einem Aufpreis erfolgt, wird im Allgemeinen als positives Ereignis für die Aktionäre des Zielunternehmens angesehen. Sie kann gesunde M&A-Aktivitäten und Liquidität im Technologiesektor signalisieren. Dies kann zu einer geringfügigen 'RISK_ON'-Stimmung innerhalb des betroffenen Sektors oder unter Wachstumsanlegern beitragen, da es Vertrauen und Kapitaleinsatz widerspiegelt, anstatt eine Erhöhung des allgemeinen Marktrisikos darzustellen."
2026-08-17T09:30:40.830523+00:00,2026-12-31T00:00:00Z,700395,which-companies-will-be-acquired-before-2027,Will Lovable be acquired before 2027?,978159.4069820001,0.17,active,"business, big tech, prediction markets, finance, tech, ai, acquisitions, buy",Sektorale & Unternehmensereignisse,3,4,90,"Der Prognosemarkt befasst sich mit einem spezifischen Unternehmensereignis (Akquisition) eines einzelnen, namentlich nicht näher spezifizierten Unternehmens ('Lovable'). Dies hat keine direkten Auswirkungen auf die systemische Stabilität, die Makroökonomie, geopolitische Ereignisse oder breite politische Strukturen. Für ein globales Multi-Faktor-Portfolio ist ein solches Einzelereignis, selbst wenn es für die beteiligten Unternehmen relevant ist, als Rauschen zu betrachten, da sein Einfluss auf die Gesamtperformance oder das Risikoprofil des Portfolios minimal ist.",RISK_ON,False,"Die 'JA'-Seite dieses Marktes bedeutet, dass eine Akquisition stattfindet. Während jede Akquisition spezifische Risiken für die beteiligten Unternehmen birgt, wird M&A-Aktivität im Allgemeinen als Zeichen für Unternehmensvertrauen und wirtschaftliche Dynamik gewertet. Für die globalen Finanzmärkte, wenn überhaupt, wäre eine solche Transaktion (sofern sie nicht extrem problematisch ist) ein sehr kleiner, positiver Indikator für die Geschäftstätigkeit und somit tendenziell 'RISK_ON', anstatt ein global risikosteigerndes Ereignis darzustellen."
2026-08-17T09:30:40.830532+00:00,2026-12-31T00:00:00Z,700396,which-companies-will-be-acquired-before-2027,Will Perplexity AI be acquired before 2027?,2388030.6175510003,0.195,active,"business, big tech, prediction markets, finance, tech, ai, acquisitions, buy",Sektorale & Unternehmensereignisse,2,35,85,"Die potenzielle Akquisition von Perplexity AI, einem prominenten Akteur im Bereich der KI-gestützten Suche, stellt ein wichtiges Ereignis innerhalb des Technologiesektors dar. Es spiegelt M&A-Aktivitäten, Bewertungstrends und strategische Verschiebungen im schnelllebigen KI-Markt wider. Obwohl es kein systemisches Risiko darstellt, liefert es wertvolle Einblicke für globale Multi-Faktor-Portfolios, die Sektordynamiken und Wachstumstrends in Schlüsseltechnologiebereichen verfolgen.",RISK_ON,False,"Eine erfolgreiche Akquisition eines hochkarätigen KI-Startups signalisiert typischerweise ein starkes Anlegervertrauen, gesunde M&A-Märkte und fortgesetzte Innovation im Technologiesektor. Dies wird im Allgemeinen als positive Marktentwicklung interpretiert, die zu einer 'Risk-On'-Stimmung beiträgt, da sie das Wachstumspotenzial bestätigt und die Unsicherheit für das übernommene Unternehmen reduziert."
2026-08-17T09:30:40.830586+00:00,2026-12-31T00:00:00Z,1731346,iran-agrees-to-surrender-enriched-uranium-stockpile-by,"Iran agrees to surrender enriched uranium stockpile by December 31, 2026?",2119657.4080699994,0.075,active,"geopolitics, trump, middle east, iran ceasefire, politics, u.s. x iran, iran, nuclear, negotiation topics",Geopolitischer & Militärischer Schock,2,82,92,"Dieser Markt bewertet ein potenzielles Abkommen bezüglich Irans angereichertem Uranbestand. Ein solches Ereignis ist von zentraler geopolitischer Bedeutung, da es das Risiko einer militärischen Konfrontation im Nahen Osten erheblich reduzieren würde. Die Region ist kritisch für globale Energieversorgung und Stabilität. Eine Einigung wäre ein bedeutender Schritt zur Deeskalation einer langjährigen internationalen Krise, die globale Finanzmärkte über Ölpreise, Sanktionsregime und allgemeine Risikoaversion stark beeinflusst.",RISK_ON,True,"Die Zustimmung Irans zur Übergabe seines angereicherten Uranbestands würde eine massive Deeskalation einer bedeutenden globalen geopolitischen Krise darstellen. Dies würde das Risiko eines militärischen Konflikts, regionaler Instabilität und der damit verbundenen Unsicherheit für die Energiemärkte und den Welthandel erheblich mindern. Es ist eine Bewegung in Richtung Normalisierung der internationalen Beziehungen zu Iran und eine Reduzierung eines 'tail risk' Ereignisses, was positiv für die Risikobereitschaft der Märkte ('RISK_ON') ist."
2026-08-17T09:30:40.830615+00:00,2026-08-15T23:59:00Z,2910437,us-announces-end-of-iranian-blockade-byptptpt-20260713152715080,"US announces end of Iranian blockade by August 15, 2026?",3291960.571075001,0.0,active,"iran, trump, blockade, politics, shipping, peace deal, geopolitics, u.s. x iran",Geopolitischer & Militärischer Schock,2,80,90,"Die Ankündigung eines Endes der iranischen Blockade würde eine signifikante geopolitische Deeskalation darstellen, die direkte Auswirkungen auf globale Energiemärkte (insbesondere Rohölpreise und die Sicherheit des Seeverkehrs durch die Straße von Hormus), globale Lieferketten, Inflationserwartungen und das allgemeine Risikobild an den Finanzmärkten hätte. Es würde eine erhebliche Quelle geopolitischer Unsicherheit und eines potenziellen Versorgungsrisikos beseitigen.",RISK_ON,True,"Das Ende einer Blockade signalisiert eine Normalisierung der Situation und eine Reduzierung geopolitischer Spannungen. Dies würde zu einer Entlastung der globalen Energiemärkte, potenziell sinkenden Ölpreisen, einer Reduzierung des Inflationsdrucks und einer Verringerung der geopolitischen Risikoprämie führen. Investoren würden dies als positives Signal werten, was zu einer erhöhten Risikobereitschaft und Kapitalflüssen in risikoreichere Anlagen führen würde."
2026-08-17T09:30:40.830623+00:00,2026-08-31T23:59:00Z,2910438,us-announces-end-of-iranian-blockade-byptptpt-20260713152715080,"US announces end of Iranian blockade by August 31, 2026?",1939100.147743,0.135,active,"iran, trump, blockade, politics, shipping, peace deal, geopolitics, u.s. x iran",Geopolitischer & Militärischer Schock,1,85,95,"Der Markt betrifft die potenzielle Beendigung einer iranischen Blockade, was eine signifikante Entspannung in den Beziehungen zwischen den USA und Iran sowie eine Normalisierung einer potenziell konfliktgeladenen Situation darstellt. Eine iranische Blockade (insbesondere im Hinblick auf wichtige Schifffahrtsrouten wie die Strasse von Hormus) hat das Potenzial, globale Energiemärkte, Lieferketten und die Weltwirtschaft massiv zu destabilisieren, was zu 'globalen Panik-Ereignissen' führen könnte. Die Ankündigung des Endes einer solchen Blockade fällt daher in die Kategorie 'Geopolitischer & Militärischer Schock' und wird der Zone 1 zugeordnet, da sie eine massive Entschärfung eines potentiellen systemischen Risikos darstellt. Der hohe Impact Score reflektiert die weitreichenden positiven Auswirkungen auf Energiemärkte, den Welthandel und die globale Stabilität.",RISK_ON,True,"Die Beendigung einer Blockade durch den Iran, insbesondere wenn sie kritische Seewege betrifft, ist ein Ereignis, das geopolitische Spannungen massiv reduziert und die Unsicherheit in Bezug auf die Energieversorgung und den Welthandel verringert. Dies führt zu einer positiven Risikoeinschätzung ('RISK_ON'), da es die Marktbedingungen verbessert. Es handelt sich um eine Normalisierung der Beziehungen und der Handelswege, was explizit als 'is_normalization': true gekennzeichnet wird."
2026-08-17T09:30:40.830633+00:00,2026-12-31T23:59:00Z,3128886,us-announces-end-of-iranian-blockade-byptptpt-20260713152715080,"US announces end of Iranian blockade by December 31, 2026?",654107.5292889997,0.79,active,"iran, trump, blockade, politics, shipping, peace deal, geopolitics, u.s. x iran",Geopolitischer & Militärischer Schock,2,75,90,"Das Ende einer US-Blockade gegen den Iran (interpretiert als Aufhebung von Sanktionen oder weitreichenden Handelsbeschränkungen) hätte erhebliche Auswirkungen auf die globalen Energiemärkte, insbesondere auf den Ölpreis durch potenziell steigende iranische Exporte. Darüber hinaus würde es eine signifikante Entspannung der geopolitischen Spannungen im Nahen Osten bedeuten, was sich positiv auf die internationale Handelssicherheit und das globale Risikoklima auswirken könnte. Dies ist ein Ereignis, das Portfolio-Managern und globalen Ökonomen aufmerksam verfolgen würden.",RISK_ON,True,"Die Beendigung einer Blockade stellt die Normalisierung der Beziehungen und des Handels dar. Eine solche Entwicklung würde die geopolitischen Risiken reduzieren, die globale Ölversorgung stabilisieren oder erhöhen und das Vertrauen in die internationale Stabilität stärken, was typischerweise eine 'RISK_ON'-Reaktion an den Finanzmärkten auslöst."
2026-08-17T09:30:40.830642+00:00,2026-09-30T23:59:00Z,3128887,us-announces-end-of-iranian-blockade-byptptpt-20260713152715080,"US announces end of Iranian blockade by September 30, 2026?",747202.7585079995,0.385,active,"iran, trump, blockade, politics, shipping, peace deal, geopolitics, u.s. x iran",Geopolitischer & Militärischer Schock,1,85,95,"Die Beendigung einer iranischen Blockade, insbesondere im Kontext von globalen Lieferketten und der Ölversorgung (potenziell betroffen ist die Straße von Hormus), hat weitreichende geopolitische und makroökonomische Implikationen. Eine Blockade würde einen signifikanten globalen Schock darstellen; deren Beendigung stellt eine massive De-Eskalation und Normalisierung dar, die direkt die globale Energieversorgungssicherheit und die Stabilität der Finanzmärkte betrifft. Dies wäre ein Ereignis von globaler Tragweite, das Ängste vor Versorgungskrisen und geopolitischer Eskalation drastisch reduzieren würde.",RISK_ON,True,"Das Ende einer Blockade ist eine Entspannung der Lage und eine Rückkehr zu einem normalen Zustand des Welthandels und der Energieversorgung. Eine Blockade stellt ein risikoERHÖHENDES Ereignis dar. Ihre Beendigung ist dementsprechend ein risikoMINDERNDES (RISK_ON) und normalisierendes Ereignis, da es eine potenzielle oder tatsächliche Krise abwendet bzw. beendet."
2026-08-17T09:30:40.830653+00:00,2026-10-31T23:59:00Z,3128888,us-announces-end-of-iranian-blockade-byptptpt-20260713152715080,"US announces end of Iranian blockade by October 31, 2026?",345470.1949979999,0.605,active,"iran, trump, blockade, politics, shipping, peace deal, geopolitics, u.s. x iran",Geopolitischer & Militärischer Schock,2,80,90,"Der Prognosemarkt bewertet das potenzielle Ende einer US-Blockade gegen den Iran. Eine solche Blockade, oder deren Aufhebung, hätte direkte und erhebliche Auswirkungen auf die globalen Energiemärkte (insbesondere Ölpreise und -versorgung), die internationale Schifffahrt und die geopolitische Stabilität im Nahen Osten. Dies ist ein Ereignis, das von Managern globaler Portfolios genau beobachtet würde, da es signifikante Umschichtungen und Neubewertungen von Risikoprämien auslösen könnte.",RISK_ON,True,"Die 'JA'-Seite des Kontrakts, das 'Ende der iranischen Blockade', impliziert eine Deeskalation geopolitischer Spannungen und die Normalisierung von Handelsbeziehungen und -wegen. Dies würde als ein risikosenkendes Ereignis ('Entwarnung') interpretiert, das die Marktstimmung verbessert und eine erhöhte Risikobereitschaft ('RISK_ON') fördert."
2026-08-17T09:30:40.830696+00:00,2026-08-14T23:59:00Z,3399427,us-announces-end-of-iranian-blockade-byptptpt-20260713152715080,"US announces end of Iranian blockade by August 14, 2026?",495636.6670349997,0.0,active,"iran, trump, blockade, politics, shipping, peace deal, geopolitics, u.s. x iran",Geopolitischer & Militärischer Schock,1,85,95,"Die Aufhebung einer iranischen Blockade, die typischerweise den Seeverkehr (insbesondere Öllieferungen durch die Straße von Hormuz) oder den internationalen Handel betrifft, wäre ein Ereignis von globaler Tragweite. Eine solche Blockade führt zu erheblichen Störungen der Lieferketten, Volatilität auf den Energiemärkten und erhöhten geopolitischen Spannungen. Ihre Beendigung würde diese Risiken signifikant reduzieren und hätte weitreichende positive Auswirkungen auf globale Finanzmärkte, insbesondere auf Rohölpreise, Schifffahrtskosten und das allgemeine Investitionsklima.",RISK_ON,True,"Die 'JA'-Seite des Kontrakts ('US announces end of Iranian blockade') beschreibt die Beendigung einer Störung. Eine Blockade stellt ein erhebliches Risiko für die globale Wirtschaft und die Finanzmärkte dar. Ihre Aufhebung ist eine Normalisierung der Situation und würde als deeskalierendes und stabilisierendes Ereignis wahrgenommen, was zu einem Abbau von Risikoprämien und somit zu einem 'RISK_ON'-Umfeld führt (z.B. sinkende Ölpreise, steigende Aktienkurse, Abnahme der Nachfrage nach sicheren Häfen)."
2026-08-17T09:30:40.830705+00:00,2026-08-22T23:59:00Z,3399428,us-announces-end-of-iranian-blockade-byptptpt-20260713152715080,"US announces end of Iranian blockade by August 22, 2026?",699195.4439979994,0.045,active,"iran, trump, blockade, politics, shipping, peace deal, geopolitics, u.s. x iran",Geopolitischer & Militärischer Schock,2,75,90,"Der Markt bewertet das potenzielle Ende einer iranischen Blockade durch eine Ankündigung der USA. Dies ist ein hochrelevantes geopolitisches Ereignis, das direkte Auswirkungen auf globale Energiemärkte (Ölpreise, Versorgungssicherheit), internationale Schifffahrtswege (insbesondere die Straße von Hormus) und die allgemeine Risikobereitschaft der Märkte hätte. Eine solche Entwicklung würde von Portfoliomanagern genau beobachtet werden, um Auswirkungen auf verschiedene Asset-Klassen und Faktoren zu antizipieren. Die potenziellen Auswirkungen auf die Inflation und das globale Wirtschaftswachstum sind signifikant genug, um es ins 'Manager-Radar' zu heben.",RISK_ON,True,"Das 'Ende einer Blockade' ist ein Ereignis, das die Spannungen reduziert, den freien Handel und die normale Funktionsweise globaler Lieferketten wiederherstellt. Es handelt sich um eine De-Eskalation und eine Rückkehr zur Normalität des internationalen Handels und der Energieversorgung, was als risikoSENKEND und somit 'RISK_ON' für globale Finanzmärkte zu werten ist. Steigende Quoten auf dieses Ereignis signalisieren eine Entspannung."
2026-08-17T09:30:40.830753+00:00,2026-09-30T23:59:00Z,2696747,us-iran-final-nuclear-deal-by-20260621201254412,"US-Iran Final Nuclear Deal by December 31, 2026?",1525539.4878659996,0.175,active,"iran, us-iran, peace deal, geopolitics, middle east, iran ceasefire",Geopolitischer & Militärischer Schock,2,70,90,"Ein Atomabkommen zwischen den USA und dem Iran ist ein zentrales geopolitisches Ereignis mit weitreichenden Auswirkungen. Es beeinflusst direkt die globale Energiesicherheit (Ölpreise, Angebotsvolumen durch potenzielle Sanktionserleichterungen), die regionale Stabilität im Nahen Osten und die allgemeine internationale Risikobereitschaft. Der Erfolg oder das Scheitern eines solchen Deals stellt einen wichtigen Faktor für globale Multi-Faktor-Portfolios dar, der über das reine Rauschen hinausgeht und aktiv von Managern überwacht wird.",RISK_ON,True,"Die 'JA'-Seite des Prognosemarktes, d.h. das Zustandekommen eines finalen Atomabkommens, würde typischerweise eine Entspannung der geopolitischen Spannungen bedeuten, das Risiko einer militärischen Eskalation in der Region reduzieren und potenziell zu einer Erhöhung des Ölangebots durch Sanktionserleichterungen führen. Diese Faktoren werden im Allgemeinen als risikosenkend und marktfreundlich ('RISK_ON') angesehen und stellen eine Normalisierung einer zuvor angespannten Situation dar."
2026-08-17T09:30:40.830789+00:00,2026-12-31T23:59:00Z,629030,los-angeles-mayoral-election-117,Will Karen Bass win the 2026 Los Angeles mayoral election?,813358.9806740007,0.695,active,"la, los angeles mayoral election, la mayor, mayor, politics, us election, elections, los angeles, mayoral elections",Keine Relevanz,3,1,99,Die Bürgermeisterwahl in Los Angeles im Jahr 2026 ist ein lokales politisches Ereignis. Der Ausgang dieser Wahl hat keine direkte oder indirekte signifikante Relevanz für globale Finanzmärkte oder die Performance eines globalen Multi-Faktor-Portfolios. Es handelt sich um reines 'Rauschen' im Kontext der globalen Marktanalyse.,RISK_ON,False,"Obwohl die Relevanz für globale Märkte als 'Keine Relevanz' eingestuft wird und der Impact-Score minimal ist, könnte ein Wahlsieg der Amtsinhaberin Karen Bass (die 'JA'-Seite des Marktes) lokal als Fortsetzung des Status Quo und damit potenziell als leicht risikoSENKEND (im Sinne von reduzierter Unsicherheit über politische Führung in einer Großstadt) interpretiert werden. Dieser Effekt ist jedoch global vernachlässigbar und hat keine messbaren Auswirkungen auf die globale Risikobereitschaft."
2026-08-17T09:30:40.830819+00:00,2026-12-31T23:59:00Z,629040,los-angeles-mayoral-election-117,Will Nithya Raman win the 2026 Los Angeles mayoral election?,1345256.6278669997,0.3185,active,"la, los angeles mayoral election, la mayor, mayor, politics, us election, elections, los angeles, mayoral elections",Politische Struktur & Wahlen,3,1,90,"Die Bürgermeisterwahl in Los Angeles im Jahr 2026 ist ein lokales politisches Ereignis. Obwohl Los Angeles eine bedeutende Metropole ist, haben die Ergebnisse einer kommunalen Wahl in der Regel keinen direkten oder signifikanten Einfluss auf die globalen Finanzmärkte oder die Makroökonomie. Für ein globales Multi-Faktor-Portfolio ist dieses Ereignis als 'Rauschen' zu betrachten und nicht relevant für strategische Risikobewertungen oder Portfolioanpassungen auf globaler Ebene.",RISK_ON,False,"Die Wahl von Nithya Raman (JA-Seite) würde den Abschluss eines demokratischen Prozesses darstellen. Ohne spezifische Informationen, die auf global destabilisierende Politikansätze hindeuten, wird der Abschluss eines Wahlkampfes und die Etablierung einer neuen Führung (auch wenn es sich um einen Wechsel handelt) im Allgemeinen nicht als erhöhendes Risiko für globale Märkte wahrgenommen. Stattdessen trägt die normale Funktion politischer Prozesse zur allgemeinen Stabilität bei, selbst wenn die globalen Auswirkungen minimal sind. Daher ist es eher RISK_ON (oder neutral, d.h. nicht RISK_OFF) als ein Risiko erhöhendes Ereignis auf globaler Ebene."
2026-08-17T09:30:40.830852+00:00,2026-12-31T00:00:00Z,666861,trump-out-as-president-before-2027,Trump out as President before 2027?,10748112.555143999,0.055,active,"politics, trump, geopolitics, elections, epstein",Politische Struktur & Wahlen,2,70,90,"Ein unerwarteter Abgang des US-Präsidenten Trump vor 2027 würde eine erhebliche politische Instabilität und Unsicherheit in der weltweit größten Volkswirtschaft verursachen. Dies hätte weitreichende Auswirkungen auf die globale Politik, Wirtschaftsbeziehungen, Handelspolitik und das Vertrauen der Anleger. Während es kein 'Kill-Switch'-Ereignis (Zone 1) ist, erfordert es aufgrund seiner potenziellen Störkraft und der globalen Vernetzung der US-Politik eine aktive Überwachung und Risikomanagement durch Portfolio-Manager.",RISK_OFF,False,"Das Eintreten des Ereignisses (Trump ist vor 2027 nicht mehr Präsident) würde eine Periode extremer politischer Ungewissheit und potenzieller Machtvakuum oder abrupten Politikwechsels einleiten. Dies führt typischerweise zu erhöhter Marktvolatilität, einem Rückgang des Anlegervertrauens und einer Flucht in sichere Häfen, was ein klassisches 'RISK_OFF'-Szenario darstellt."
2026-08-17T09:30:40.830877+00:00,2026-04-30T00:00:00Z,2170255,bab-el-mandeb-strait-effectively-closed-by,Bab el-Mandeb Strait effectively closed by September 30?,1940184.2308530007,0.08,active,"politics, houthi, iran, traffic, strait of hormuz, oil, geopolitics, regional spillover, shipping, red sea, cape of good hope, houthis, yemen",Geopolitischer & Militärischer Schock,1,90,95,"Die Bab el-Mandeb-Straße ist ein entscheidender maritimer Engpass für den Welthandel, insbesondere für den Öl- und Gashandel sowie für den Containertransport zwischen Asien/Naher Osten und Europa über den Suezkanal. Eine effektive Schließung würde zu massiven Störungen der globalen Lieferketten, einem drastischen Anstieg der Frachtkosten, stark steigenden Energiepreisen und einer erheblichen Beschleunigung der Inflation weltweit führen. Dies hätte weitreichende negative Auswirkungen auf die Weltwirtschaft und würde als globales Panikereignis eingestuft, das massive Verluste in Multi-Faktor-Portfolios verursachen kann.",RISK_OFF,False,"Das Eintreten ('Ja'-Seite) dieses Ereignisses bedeutet eine Blockade oder Schließung eines kritischen Verkehrsweges. Dies ist ein risikoERHÖHENDES Ereignis, da es die globalen Märkte destabilisiert, Kosten erhöht und Unsicherheit schafft, was typischerweise zu einem 'RISK_OFF'-Verhalten der Anleger führt."
2026-08-17T09:30:40.830887+00:00,2026-12-31T00:00:00Z,2853074,bab-el-mandeb-strait-effectively-closed-by,Bab el-Mandeb Strait effectively closed by December 31?,312857.25160599995,0.19,active,"politics, houthi, iran, traffic, strait of hormuz, oil, geopolitics, regional spillover, shipping, red sea, cape of good hope, houthis, yemen",Geopolitischer & Militärischer Schock,1,85,95,"Die effektive Schließung der Bab el-Mandeb-Straße würde eine der kritischsten globalen Seehandelsrouten blockieren, die den Suezkanal mit Asien verbindet. Dies wäre ein massiver geopolitischer und militärischer Schock mit weitreichenden systemischen Folgen für die Weltwirtschaft. Die Auswirkungen auf globale Lieferketten, Frachtkosten, Energiepreise und die Inflation wären immens und würden wahrscheinlich zu einer globalen Panikreaktion an den Finanzmärkten führen, was eine Einstufung in Zone 1 rechtfertigt. Der Impact Score spiegelt die Schwere der erwarteten wirtschaftlichen Verwerfungen wider.",RISK_OFF,False,"Ein 'Ja' auf die Schließung der Meerenge bedeutet eine Eskalation der geopolitischen Spannungen und eine massive Störung des globalen Handels und der Logistik. Dies ist ein eindeutig risikoERHÖHENDES Ereignis, das Anleger dazu veranlassen würde, risikoreichere Anlagen zu meiden und in sichere Häfen zu flüchten (RISK_OFF)."
2026-08-17T09:30:40.830918+00:00,2026-12-31T00:00:00Z,1126504,will-the-us-acquire-any-part-of-greenland-in-2026,Will the US acquire part of Greenland in 2026?,10552976.502404,0.055,active,"davos, politics, trump, geopolitics, greenland",Geopolitischer & Militärischer Schock,2,65,95,"Die potenzielle Akquisition eines Teils Grönlands durch die USA im Jahr 2026 wäre ein hochrelevantes geopolitisches Ereignis. Grönland besitzt eine strategische Lage in der Arktis und erhebliche Rohstoffvorkommen (insbesondere Seltene Erden), was die globale Geopolitik, die Rohstoffmärkte und die strategische Position der USA, Dänemarks sowie anderer arktischer Anrainerstaaten (insbesondere Russland und China) maßgeblich beeinflussen würde. Auch wenn der Prozess einer Akquisition voraussichtlich diplomatisch erfolgen würde, stellt ein solcher Macht- und Territoriumswechsel einen 'Schock' für die bestehenden geopolitischen Strukturen dar und würde von globalen Portfoliomanagern genau beobachtet werden, da er langfristige strategische Neuausrichtungen und potenzielle Wettbewerbsfronten eröffnen könnte. Es ist kein systemisches 'Kill-Switch'-Ereignis, aber weit entfernt von Rauschen.",RISK_OFF,False,"Die 'JA'-Seite (Erwerb durch die USA) würde eine signifikante Veränderung des geopolitischen Status quo darstellen. Solche grundlegenden Veränderungen, insbesondere die Umverteilung von souveränem Territorium und die damit verbundenen strategischen Implikationen (z.B. erhöhte Wettbewerbsintensität in der Arktis um Ressourcen und Einfluss, potenzielle diplomatische Spannungen mit Rivalen wie Russland oder China, Unsicherheit über Ressourcenzugang und Umweltpolitik), werden von den globalen Finanzmärkten in der Regel als risikoerhöhend und unsicherheitssteigernd wahrgenommen. Es handelt sich nicht um eine Rückkehr zur Normalität oder eine Stabilisierung, sondern um eine neue Situation, die neue Risikofaktoren mit sich bringen könnte."
2026-08-17T09:30:40.830932+00:00,2026-11-03T00:00:00Z,562828,balance-of-power-2026-midterms,"2026 Balance of Power: D Senate, D House",2548784.0531770005,0.475,active,"united states, rewards 20, 4.5, 50, politics, us election, elections, midterms, earn 4%, main election",Politische Struktur & Wahlen,2,75,90,"Der Markt prognostiziert die zukünftige politische Kontrolle beider Kammern des US-Kongresses. Dies hat tiefgreifende Auswirkungen auf die Gesetzgebung, Fiskalpolitik, Regulierung und die allgemeine Wirtschaftsrichtung der USA, was wiederum globale Finanzmärkte erheblich beeinflusst. Es ist ein kritischer Faktor für Portfolio-Manager, da er Sektoranlagen, Anleiherenditen und Währungspaare beeinflusst, stellt aber kein sofortiges globales Panikereignis dar.",RISK_OFF,False,"Ein Wahlausgang, der eine einheitliche Kontrolle des Kongresses durch die Demokraten vorsieht, erhöht typischerweise die Wahrscheinlichkeit von Politikmaßnahmen wie höheren Unternehmenssteuern, einer stärkeren Regulierung in bestimmten Sektoren (z.B. Energie, Technologie) und potenziell erhöhten Staatsausgaben, die inflationär wirken oder die Staatsverschuldung erhöhen könnten. Diese Aspekte werden von den Finanzmärkten tendenziell als Erhöhung der Unsicherheit oder als Belastung für die Unternehmensprofitabilität wahrgenommen, was zu einer allgemeinen 'RISK_OFF'-Stimmung für breite Marktindizes führen kann, auch wenn spezifische Sektoren profitieren könnten. Es handelt sich nicht um ein Ereignis der Rückkehr zur Normalität, sondern um die Etablierung eines spezifischen zukünftigen politischen Zustands."
2026-08-17T09:30:40.830947+00:00,2026-11-03T00:00:00Z,562830,balance-of-power-2026-midterms,"2026 Balance of Power: R Senate, D House",1862262.796191,0.375,active,"united states, rewards 20, 4.5, 50, politics, us election, elections, midterms, earn 4%, main election",Politische Struktur & Wahlen,2,70,90,"Der Markt prognostiziert die zukünftige politische Landschaft in den USA (2026), insbesondere die Kontrolle über Senat und Repräsentantenhaus. Die Kontrolle des US-Kongresses hat weitreichende Auswirkungen auf die fiskalische Politik, Regulierung, Handelspolitik und andere Schlüsselbereiche, die globale Finanzmärkte direkt beeinflussen. Eine Aufteilung der Macht, wie hier prognostiziert (Republikaner im Senat, Demokraten im Repräsentantenhaus), deutet in der Regel auf legislative Blockaden und begrenzte Möglichkeiten für weitreichende politische Änderungen hin. Dies ist ein wichtiges Signal für Portfoliomanager zur Einschätzung zukünftiger politischer Risiken und Chancen.",RISK_ON,False,"Die Prognose eines geteilten Kongresses deutet auf eine erhöhte Wahrscheinlichkeit von legislativem Stillstand hin. Während dies die Verabschiedung wichtiger Reformen behindern kann, wird es von den Märkten oft als risikoSENKEND (RISK_ON) interpretiert, da es radikale politische Änderungen oder neue Belastungen für Unternehmen unwahrscheinlicher macht. Die resultierende politische Vorhersehbarkeit und Stabilität (im Sinne fehlender großer Umbrüche) wird tendenziell positiv bewertet, da sie Überraschungen und Unsicherheiten reduziert."
2026-08-17T09:30:40.830956+00:00,2026-11-03T00:00:00Z,562831,balance-of-power-2026-midterms,"2026 Balance of Power: R Senate, R House",2229054.541672,0.125,active,"united states, rewards 20, 4.5, 50, politics, us election, elections, midterms, earn 4%, main election",Politische Struktur & Wahlen,2,75,90,"Der Prognosemarkt bewertet den Ausgang zukünftiger Wahlen in den USA und die daraus resultierende politische Machtverteilung. Eine vereinte Regierung (Republikanischer Senat und Repräsentantenhaus) hätte erhebliche Auswirkungen auf die Fiskal-, Handels- und Regulierungspolitik der USA, was wiederum globale Finanzmärkte über Unternehmensgewinne, Zinsentwicklungen und Handelsbeziehungen beeinflussen würde. Dies ist kein katastrophales Ereignis (Zone 1), aber auch weit über das 'Rauschen' hinaus und erfordert die aktive Berücksichtigung durch Portfoliomanager (Zone 2). Der hohe Impact Score reflektiert die weitreichenden potenziellen politischen und wirtschaftlichen Verschiebungen, die eine solche Konstellation mit sich bringen könnte.",RISK_ON,False,"Das Eintreten eines 'R Senate, R House' deutet auf eine konsolidierte politische Macht hin. Obwohl spezifische Politiken (z.B. potenzielle Handelskriege oder fiskalische Defizite) bestimmte Risiken erhöhen könnten, wird eine einheitliche Regierung im Allgemeinen oft als 'RISK_ON' interpretiert, da sie eine klarere politische Richtung ermöglicht und die Unsicherheit durch politische Blockaden reduziert. Historisch wurden republikanische Einheitsregierungen oft mit unternehmensfreundlichen Politiken (Steuersenkungen, Deregulierung) assoziiert, die das Unternehmenswachstum und die Aktienmärkte tendenziell begünstigen, was eine erhöhte Risikobereitschaft signalisiert."
2026-08-17T09:30:40.831039+00:00,2026-11-03T00:00:00Z,562802,which-party-will-win-the-house-in-2026,Will the Democratic Party control the House after the 2026 Midterm elections?,5287289.508823,0.875,active,"parent for derivative, united states, us election, politics, midterms, world elections, elections, global elections, earn 4%, main election",Politische Struktur & Wahlen,2,60,90,"Dieser Markt bezieht sich direkt auf die politische Kontrolle des US-Repräsentantenhauses, ein zentraler Aspekt der politischen Struktur und des Wahlprozesses einer Nation. Obwohl es sich nicht um ein globales systemisches Risiko oder ein unmittelbares 'Kill-Switch'-Ereignis handelt, haben die Ergebnisse der US-Zwischenwahlen erhebliche Auswirkungen auf die Innenpolitik (Fiskal-, Regulierungsfragen), die wiederum verschiedene Sektoren, Vermögensbewertungen und die globale Anlegerstimmung beeinflussen können. Daher ist dies ein wichtiges Ereignis, das Manager globaler Multi-Faktor-Portfolios genau beobachten müssen, was es in Zone 2 mit einem moderaten bis hohen Impact Score platziert.",RISK_OFF,False,"Das 'JA'-Ergebnis (Demokratische Partei kontrolliert das Repräsentantenhaus) könnte eine Verschiebung der legislativen Prioritäten hin zu erhöhten Staatsausgaben, potenziell höheren Unternehmenssteuern oder neuen Regulierungsauflagen signalisieren. Während spezifische Auswirkungen vom Ausmaß der Kontrolle und der gesamten politischen Landschaft abhängen, werden diese potenziellen Politikrichtungen von den Märkten oft als Einführung von Unsicherheit oder Gegenwind für die Unternehmensrentabilität wahrgenommen, was zu einem allgemeinen 'RISK_OFF'-Sentiment für breite Aktienmärkte führen kann. Es handelt sich hierbei nicht um eine Rückkehr zur Normalität, sondern um eine potenzielle Politikverschiebung."
2026-08-17T09:30:40.831048+00:00,2026-11-03T00:00:00Z,562803,which-party-will-win-the-house-in-2026,Will the Republican Party control the House after the 2026 Midterm elections?,4143841.9505760004,0.125,active,"parent for derivative, united states, us election, politics, midterms, world elections, elections, global elections, earn 4%, main election",Politische Struktur & Wahlen,2,55,90,"Der Markt betrifft den Ausgang der US-Zwischenwahlen 2026 und die Kontrolle über das Repräsentantenhaus. Dies ist ein zentrales Ereignis der politischen Struktur der USA, die als größte Volkswirtschaft erhebliche Auswirkungen auf globale Finanzmärkte hat. Die Kontrolle des Repräsentantenhauses beeinflusst die Fiskalpolitik, regulatorische Entscheidungen und die legislative Agenda. Es ist ein wichtiges Thema für das Management-Radar (Zone 2), da es die Marktstimmung und -erwartungen über einen mittelfristigen Horizont prägt, aber kein unmittelbares globales Panikereignis darstellt.",RISK_OFF,False,"Die 'JA'-Seite (Kontrolle der Republikaner über das Repräsentantenhaus) ist ein politisches Ergebnis, das erhebliche Unsicherheiten hinsichtlich der zukünftigen Fiskal-, Regulierungs- und Handelspolitik mit sich bringen kann, insbesondere im Kontext einer potenziellen geteilten Regierung oder einer Verschiebung der politischen Prioritäten. Solche Veränderungen oder deren Bestätigung erfordern eine Neubewertung von Investitionsstrategien und können zu Phasen erhöhter Marktvolatilität und einer allgemeinen 'RISK_OFF'-Stimmung führen, da Anleger die potenziellen Auswirkungen auf verschiedene Sektoren und die Gesamtwirtschaft abwägen. Es handelt sich nicht um ein Ereignis, das per se Entwarnung gibt oder eine Normalisierung darstellt, sondern um eine potenzielle Neuausrichtung politischer Risiken."
2026-08-17T09:30:40.831084+00:00,2026-08-31T23:59:00Z,2911832,next-round-of-us-iran-peace-talks-byptptpt-20260623022722982,"US x Iran diplomatic meeting by August 31, 2026?",946876.7190169997,0.095,active,"iran, trump, vance, us-iran, politics, peace deal, geopolitics, u.s. x iran, iran ceasefire, meeting, meet, diplomatic meeting",Geopolitischer & Militärischer Schock,2,70,95,"Die Beziehungen zwischen den USA und dem Iran sind ein zentraler geopolitischer Faktor, der erhebliche Auswirkungen auf globale Energiemärkte, regionale Stabilität im Nahen Osten und das allgemeine Investitionsklima hat. Ein diplomatisches Treffen, selbst ein hypothetisches in der Zukunft, wäre ein wichtiges Signal für die Tendenz der Beziehungen – entweder zur Deeskalation oder zur Fortsetzung der Spannungen. Es ist kein 'Kill-Switch'-Ereignis, erfordert aber die ständige Aufmerksamkeit von Portfoliomanagern.",RISK_ON,True,"Ein diplomatisches Treffen zwischen den USA und dem Iran würde in der Regel als ein Schritt zur Deeskalation, zur Öffnung von Kommunikationskanälen und zur potenziellen Lösung von Konflikten interpretiert. Dies würde die geopolitischen Risikoprämien auf den Märkten senken und als risikoSENKENDes ('RISK_ON') Ereignis gewertet werden, da es eine Bewegung hin zur Normalisierung der Beziehungen oder zumindest zur Reduzierung der Konfliktwahrscheinlichkeit darstellt."
2026-08-17T09:30:40.831102+00:00,2026-09-30T23:59:00Z,3247642,next-round-of-us-iran-peace-talks-byptptpt-20260623022722982,"US x Iran diplomatic meeting by September 30, 2026?",347289.72765699995,0.305,active,"iran, trump, vance, us-iran, politics, peace deal, geopolitics, u.s. x iran, iran ceasefire, meeting, meet, diplomatic meeting",Geopolitischer & Militärischer Schock,2,70,95,"Der Titel des Prognosemarktes, 'US x Iran diplomatic meeting by September 30, 2026?', befasst sich mit einem potenziellen diplomatischen Ereignis zwischen zwei global bedeutenden Akteuren, deren Beziehungen weitreichende Auswirkungen auf die globale Geopolitik, insbesondere auf Energiemärkte (Ölpreise) und die Stabilität des Nahen Ostens, haben. Ein solches Treffen würde ein wichtiges Signal für eine mögliche Deeskalation von Spannungen senden oder zumindest die Tür für zukünftige diplomatische Lösungen öffnen. Das Nichtstattfinden eines solchen Treffens könnte hingegen auf eine Fortsetzung oder Verschärfung der bestehenden Spannungen hindeuten. Dies ist ein Ereignis, das von Portfolio-Managern genau beobachtet werden muss, um Risikoprämien in verschiedenen Anlageklassen zu bewerten, weshalb es in Zone 2 und mit einem hohen Impact Score angesiedelt ist.",RISK_ON,False,"Die 'JA'-Seite dieses Vertrags ('US x Iran diplomatic meeting by September 30, 2026?' findet statt) würde bedeuten, dass ein diplomatisches Treffen zwischen den USA und dem Iran stattfindet. Dies würde von den Märkten wahrscheinlich als ein positives Zeichen für eine potenzielle Deeskalation der Spannungen interpretiert. Eine solche Entwicklung würde tendenziell das Risiko eines militärischen Konflikts oder weiterer Sanktionen reduzieren, was zu einem Abbau von geopolitischen Risikoprämien führen und somit ein 'RISK_ON'-Umfeld fördern würde. Es ist jedoch keine Rückkehr zu einer bereits bestehenden 'Normalität', sondern ein potenzieller Schritt in Richtung einer neuen, stabileren Beziehungsdynamik."
2026-08-17T09:30:40.831116+00:00,2026-09-30T12:00:00Z,2159718,will-russia-capture-kostyantynivka-by,Will Russia capture Kostyantynivka by September 30?,495389.4930789998,0.65,active,"politics, world, geopolitics, russia capture, ukraine map",Geopolitischer & Militärischer Schock,2,60,90,"Der Markt betrifft einen konkreten militärischen Erfolg Russlands im Kontext des andauernden Krieges in der Ukraine. Dieser Konflikt ist ein wesentlicher globaler Risikofaktor, der sich auf Energiepreise, Lieferketten, Inflation und das allgemeine Investorenvertrauen auswirkt. Die Einnahme einer strategisch wichtigen Stadt wie Kostyantynivka würde eine Verschiebung der Frontlinien und somit der militärischen Lage bedeuten, was die geopolitische Unsicherheit weiter verstärkt und mögliche neue politische Reaktionen (z.B. weitere Sanktionsdiskussionen) nach sich ziehen könnte. Dies ist ein Ereignis, das globale Portfolio-Manager aufmerksam verfolgen würden.",RISK_OFF,False,"Die 'JA'-Seite dieses Kontraktes (Russland erobert Kostyantynivka) würde einen militärischen Erfolg für Russland im aktuellen Konflikt bedeuten. Dies wird allgemein als ein risikoERHOEHENDES Ereignis für die globalen Finanzmärkte angesehen, da es die geopolitischen Spannungen verstärken, die Dauer des Konflikts potenziell verlängern und negative Auswirkungen auf die Marktstimmung sowie auf spezifische Sektoren (z.B. Rohstoffe, europäische Märkte) haben könnte. Es signalisiert keine Entspannung oder Normalisierung."
2026-08-17T09:30:40.831154+00:00,2026-12-31T12:00:00Z,677366,will-russia-capture-kostyantynivka-by,"Will Russia capture Kostyantynivka by December 31, 2026?",1763486.1619850001,0.868,active,"politics, world, geopolitics, russia capture, ukraine map",Geopolitischer & Militärischer Schock,2,70,95,"Der Markt befasst sich mit einem militärischen Ereignis im Rahmen des anhaltenden Konflikts in der Ukraine. Die Einnahme einer Stadt wie Kostyantynivka durch Russland würde die anhaltende geopolitische Instabilität weiter unterstreichen und ist daher ein 'Geopolitischer & Militärischer Schock'. Es handelt sich nicht um ein 'Kill-Switch'-Ereignis für die globale Finanzstabilität (Zone 1), da der Konflikt in seinen Kernaspekten bereits in den Märkten eingepreist ist. Es ist jedoch ein wichtiges Ereignis, das von Portfolio Managern genau beobachtet werden muss (Zone 2), da es Auswirkungen auf Rohstoffmärkte, europäische Aktien und die allgemeine Risikobereitschaft haben kann. Der Impact Score von 70 spiegelt die Bedeutung als ein signifikantes militärisches Ereignis in einem großen, andauernden Konflikt wider, auch wenn es keine globale systemische Krise auslöst.",RISK_OFF,False,"Die 'JA'-Seite des Marktes ('Russia capture Kostyantynivka') beschreibt eine erfolgreiche territoriale Eroberung durch Russland. Dies wird von den globalen Finanzmärkten typischerweise als eine Zunahme der geopolitischen Unsicherheit und eine Verstärkung des Konflikts interpretiert. Es würde wahrscheinlich zu erhöhter politischer Spannung, potenziell weiteren Sanktionen oder einer Verlängerung des Krieges führen, was eine risikoerhöhende Entwicklung ('RISK_OFF') darstellt. Es ist keine Rückkehr zur Normalität, sondern eine Fortsetzung und Konsolidierung der militärischen Aktionen."
2026-08-17T09:30:40.831197+00:00,2026-08-31T23:59:00Z,2686771,iran-full-airspace-closure-byptptpt-20260625195253028,Iran full airspace closure by August 31?,1227100.2773620002,0.055,active,"iran, close, u.s. x iran, israel x iran, iran ceasefire",Geopolitischer & Militärischer Schock,2,70,95,"Eine vollständige Schließung des iranischen Luftraums würde eine erhebliche Störung des internationalen Flugverkehrs darstellen, da Iran eine wichtige Transitroute zwischen Europa/Afrika und Asien ist. Dies hätte direkte Auswirkungen auf Fluggesellschaften (höhere Treibstoffkosten durch längere Routen, gestiegene Versicherungsprämien), würde die logistische Kette belasten und könnte ein Indikator für eine Eskalation geopolitischer oder militärischer Spannungen in der gesamten Golfregion sein. Für ein globales Multi-Faktor-Portfolio ist dies ein Ereignis, das auf dem Manager-Radar (Zone 2) landen muss, da es breitflächige sektorale und makroökonomische Auswirkungen (z.B. auf Ölpreise, Luftfahrtaktien) haben könnte.",RISK_OFF,False,"Eine Schließung des Luftraums ist ein Ereignis, das mit erhöhter Instabilität, Unsicherheit und operativen Kosten verbunden ist. Es würde die Risikobereitschaft der Investoren senken und als negativ für globale Finanzmärkte interpretiert werden."
2026-08-17T09:30:40.831250+00:00,2026-12-31T00:00:00Z,2176270,strait-of-hormuz-traffic-returns-to-normal-by-december-31,Strait of Hormuz traffic returns to normal by December 31?,8229937.024749995,0.415,active,"politics, ships, geopolitics, economy, iran ceasefire, iran, transit, hormuz, strait of hormuz",Geopolitischer & Militärischer Schock,1,85,95,"Der Markt bewertet die Normalisierung des Verkehrs durch die Straße von Hormuz, eine der wichtigsten maritimen Engpässe für den globalen Öl- und LNG-Transport (etwa ein Fünftel des weltweiten Öls und ein Drittel des LNG). Eine Störung hier hätte katastrophale Auswirkungen auf die globalen Energiemärkte, die Inflation und die allgemeine wirtschaftliche Stabilität, was zu einem globalen Schock führen könnte. Die Normalisierung signalisiert eine Deeskalation geopolitischer Risiken und die Sicherstellung der Energieversorgung, was für globale Finanzmärkte von entscheidender Bedeutung ist.",RISK_ON,True,"Der Kontrakt fragt, ob sich der Verkehr 'wieder normalisiert'. Ein 'Ja' bedeutet eine Rückkehr zur Normalität nach einer Phase der Störung oder Bedrohung, was eine Entspannung der Risikolage und eine Beruhigung der Märkte impliziert ('RISK_ON')."
2026-08-17T10:05:01.144093+00:00,2026-12-31T00:00:00Z,716942,measles-cases-in-us-in-2026,Will there be at least 10000 measles cases in the U.S. in 2026?,6516152.164399995,0.058,active,"rewards 20, 4.5, 50, climate & science, weather, pandemics, science, measles",Systemische Stabilitätsrisiken,1,75,95,"Ein Ausbruch von 10.000 Masernfällen in den USA im Jahr 2026 wäre ein alarmierendes Zeichen für ein schwerwiegendes Versagen der öffentlichen Gesundheit und der Impfbemühungen in einer der größten Volkswirtschaften der Welt. Dies würde wahrscheinlich weitreichende globale Besorgnis auslösen, die internationale Reise- und Handelsströme beeinträchtigen und das allgemeine Marktvertrauen erschüttern. Ein solcher Vorfall würde systemische Schwachstellen in der globalen Gesundheitsinfrastruktur und im Umgang mit Impfskepsis hervorheben, was ein Risiko für die globale Stabilität darstellt. Die wirtschaftlichen Auswirkungen, auch wenn sie zunächst lokal begrenzt wären, könnten sich aufgrund der Vernetzung der globalen Märkte schnell ausbreiten und zu Panikreaktionen führen.",RISK_OFF,False,"Die Bejahung der Frage ('mindestens 10.000 Masernfälle') beschreibt einen schwerwiegenden Public-Health-Notfall. Ein solches Ereignis würde zu wirtschaftlicher Störung, Unsicherheit und Angst führen, was Investoren dazu veranlassen würde, sicherere Anlagen zu bevorzugen (RISK_OFF)."
2026-08-17T10:05:01.144137+00:00,2026-12-09T00:00:00Z,908713,fed-rate-hike-in-2026,Fed rate hike in 2026?,7548406.40556,0.465,active,"cpi release, fed, economic policy, jerome powell, economy, fed rates, macro single",Makroökonomie & Zentralbanken,2,80,95,"Der Prognosemarkt befasst sich mit einer potenziellen Zinserhöhung der US-Notenbank Federal Reserve im Jahr 2026. Dies ist ein direktes Thema der Makroökonomie und Zentralbankpolitik. Obwohl das Ereignis noch in der Ferne liegt, haben Erwartungen bezüglich zukünftiger Zinsentscheidungen einen erheblichen Einfluss auf die Bewertung von Vermögenswerten wie Anleihen, Aktien (insbesondere Wachstumsaktien) und Währungen auf globaler Ebene. Es ist ein Schlüsselthema für die Portfolioallokation und das Risikomanagement, weshalb es dem 'Manager-Radar' (Zone 2) zuzuordnen ist. Der Impact Score ist hoch, da Zinserhöhungen grundlegende Annahmen über Diskontsätze und Finanzierungsbedingungen ändern.",RISK_OFF,False,"Eine Zinserhöhung durch die Fed (die 'JA'-Seite dieses Kontrakts) führt in der Regel zu höheren Diskontsätzen, steigenden Finanzierungskosten und kann das Wirtschaftswachstum dämpfen. Dies wird allgemein als ein 'RISK_OFF'-Szenario für risikoreichere Vermögenswerte (z.B. Aktien, Unternehmensanleihen) interpretiert, während festverzinsliche Wertpapiere mit längerer Laufzeit negativ betroffen sind und der USD tendenziell gestärkt wird."
2026-08-17T10:05:01.144161+00:00,2026-12-31T00:00:00Z,678747,how-many-different-countries-will-israel-strike-in-2026,Will Israel strike 4 countries in 2026?,1231301.2846679997,0.7275,active,"israel, iran, middle east, politics, geopolitics, world",Geopolitischer & Militärischer Schock,1,90,95,"Der Markt bewertet ein Szenario, in dem Israel bis 2026 vier Länder militärisch angreift. Dies stellt einen massiven geopolitischen und militärischen Schock dar. Ein solches Ereignis in der strategisch wichtigen Nahostregion würde weitreichende globale Auswirkungen haben, darunter extreme Volatilität auf den Energiemärkten (Ölpreisschock), Störungen globaler Handelsrouten, eine massive Flucht in sichere Häfen (Flight-to-Safety) und eine globale Rezessionsangst. Die Implikationen sind so schwerwiegend, dass dies ein 'Kill-Switch'-Ereignis für die globale Finanzstabilität wäre und somit Zone 1 mit einem sehr hohen Impact Score rechtfertigt.",RISK_OFF,False,"Eine 'Ja'-Antwort auf diese Frage impliziert eine massive Eskalation von Konflikten in einer ohnehin volatilen Region. Dies würde zu extremer Unsicherheit, einer erhöhten Risikowahrnehmung und einem Abzug von Kapital aus risikoreichen Anlagen führen, was ein klassisches 'RISK_OFF'-Szenario darstellt. Es handelt sich um ein neues, destabilisierendes Ereignis und nicht um die Rückkehr zu einem Normalzustand."
2026-08-17T10:05:01.144170+00:00,2026-12-31T00:00:00Z,678748,how-many-different-countries-will-israel-strike-in-2026,Will Israel strike 5 countries in 2026?,546623.737699,0.197,active,"israel, iran, middle east, politics, geopolitics, world",Geopolitischer & Militärischer Schock,1,90,95,"Ein potenzieller Angriff Israels auf fünf Länder im Jahr 2026 würde eine beispiellose und extreme Eskalation im Nahen Osten darstellen. Dies hätte das Potenzial, die gesamte Region zu destabilisieren, globale Ölversorgungsrouten zu unterbrechen, einen massiven Anstieg der Energiepreise zu verursachen und das Risiko einer Beteiligung weiterer globaler Mächte dramatisch zu erhöhen. Die resultierende Unsicherheit und die realwirtschaftlichen Auswirkungen würden einen globalen Schock an den Finanzmärkten auslösen und könnten zu einem systemischen Crash führen, was eine Einstufung in Zone 1 rechtfertigt.",RISK_OFF,False,"Die 'JA'-Seite dieses Prognosemarktes impliziert eine massive militärische Eskalation und eine erhebliche Verschlechterung der geopolitischen Lage. Dies wäre ein extrem risikosteigerndes Ereignis, das zu einer globalen Flucht aus risikoreichen Anlagen und einem starken Anstieg der Risikoaversion ('RISK_OFF') führen würde."
2026-08-17T10:05:01.144179+00:00,2026-12-31T00:00:00Z,678749,how-many-different-countries-will-israel-strike-in-2026,Will Israel strike 6 countries in 2026?,650570.8148289999,0.0305,active,"israel, iran, middle east, politics, geopolitics, world",Geopolitischer & Militärischer Schock,1,90,95,"Ein militärischer Schlag Israels gegen sechs Länder würde eine extreme Eskalation des Konflikts im Nahen Osten bedeuten. Dies hätte weitreichende globale Auswirkungen auf Ölmärkte, Seewege (z.B. Suezkanal), Lieferketten und die allgemeine geopolitische Stabilität, was einen globalen 'Kill-Switch'-Effekt auf die Finanzmärkte auslösen würde.",RISK_OFF,False,"Die 'JA'-Seite des Prognosemarktes, dass Israel sechs Länder angreifen wird, beschreibt das Eintreten eines hochgradig risikoerhöhenden Ereignisses. Dies würde zu einer massiven Flucht in sichere Häfen ('flight to safety'), einem Einbruch der Aktienmärkte, steigenden Rohstoffpreisen (insbesondere Öl) und einer globalen 'RISK_OFF'-Stimmung führen."
2026-08-17T10:05:01.144225+00:00,2026-12-31T00:00:00Z,1107582,us-strike-on-cuba-by,US strike on Cuba by December 31?,5102089.737685999,0.185,active,"cuba, venezuela, geopolitics",Geopolitischer & Militärischer Schock,2,65,95,"Ein US-Militärschlag gegen Kuba wäre ein signifikanter geopolitischer und militärischer Schock in der westlichen Hemisphäre. Obwohl es unwahrscheinlich ist, dass dies sofort zu einem globalen 'Kill-Switch'-Ereignis führt, hätte es erhebliche Auswirkungen auf regionale Stabilität, Handel (insbesondere Seewege im Golf von Mexiko/Karibik), Tourismus und diplomatische Beziehungen. Es würde eine erhebliche Unsicherheit in die Märkte bringen, die Manager aufmerksam verfolgen müssten, und könnte zu erhöhten Risikoprämien für lateinamerikanische Vermögenswerte sowie potenziell zu Rohstoffpreisschwankungen führen.",RISK_OFF,False,"Ein Militärschlag, insbesondere durch eine Supermacht wie die USA, stellt eine Eskalation von Konflikten und Unsicherheit dar. Dies führt typischerweise zu einer Flucht in sichere Häfen (Flight-to-Safety), erhöhter Volatilität an den Märkten und einer allgemeinen Risikoaversion, was ein 'RISK_OFF'-Szenario kennzeichnet."
2026-08-17T10:05:01.144238+00:00,2027-01-01T05:00:00Z,1163699,clarity-act-signed-into-law-in-2026,Clarity Act (H.R.3633) signed into law in 2026?,7111133.928732,0.195,active,"crypto, trump, politics, us law, crypto legal, clarity act",Sektorale & Unternehmensereignisse,2,35,95,"Der 'Clarity Act' (H.R.3633) ist ein Gesetzesentwurf im US-Kongress, der darauf abzielt, die regulatorischen Anforderungen für bestimmte kleine öffentliche Unternehmen ('emerging growth companies', EGCs) zu reduzieren und deren Offenlegungspflichten zu vereinfachen. Ein Inkrafttreten im Jahr 2026 würde die Compliance-Kosten für diese Unternehmen senken und könnte ihre Attraktivität für Investoren erhöhen, was sich auf den US-Small-Cap-Markt auswirken würde. Während dies keine globale systemische Relevanz hat, ist es eine bedeutende regulatorische Änderung in der größten Volkswirtschaft der Welt, die spezifische Sektoren und Anlagestrategien beeinflusst und daher in Zone 2 ('Manager-Radar') einzuordnen ist.",RISK_ON,False,"Die Unterzeichnung des 'Clarity Act' würde die regulatorische Belastung und die damit verbundenen Kosten für kleine öffentliche Unternehmen reduzieren. Eine solche Deregulierung wird in der Regel als positives Signal für die betroffenen Unternehmen und das Investitionsklima in diesem Marktsegment interpretiert. Dies führt zu einer Reduzierung des spezifischen Risikos für diese Unternehmen und einer potenziellen Steigerung ihrer Bewertung, was als 'RISK_ON'-Ereignis zu werten ist."
2026-08-17T10:05:01.144252+00:00,2026-12-31T00:00:00Z,676777,ipos-before-2027,Discord IPO before 2027?,471435.85235900024,0.302,active,"business, big tech, ipos, finance",Sektorale & Unternehmensereignisse,3,4,90,"Der Markt betrifft ein spezifisches Unternehmenseignis (IPO von Discord) innerhalb des Technologie- und Sozialmediasektors. Für ein globales Multi-Faktor-Portfolio ist der direkte Einfluss eines einzelnen IPOs, auch wenn es sich um ein prominentes Unternehmen handelt, auf die Gesamtmarktdynamik gering. Es liefert eher 'Rauschen' als einen signifikanten Risikofaktor, könnte aber geringfügige Einblicke in die Stimmung im Tech-IPO-Markt oder die Liquidität für Wachstumsunternehmen geben. Es hat keine systemischen, geopolitischen oder makroökonomischen Auswirkungen.",RISK_ON,False,"Ein erfolgreiches IPO vor 2027 würde in der Regel gesunde Marktbedingungen, eine positive Anlegerstimmung für Wachstumsunternehmen und ausreichende Liquidität widerspiegeln. Dies wäre tendenziell ein 'RISK_ON'-Signal, da es Vertrauen in den Markt und die Bereitschaft zur Investition in Wachstum zeigt. Ein Ausbleiben des IPOs könnte als 'RISK_OFF'-Signal interpretiert werden, das auf ungünstigere Marktbedingungen oder unternehmensspezifische Probleme hindeutet."
2026-08-17T10:05:01.144271+00:00,2026-12-31T00:00:00Z,676784,ipos-before-2027,Anduril IPO before 2027?,356465.246084,0.065,active,"business, big tech, ipos, finance",Sektorale & Unternehmensereignisse,2,45,85,"Ein IPO von Anduril, einem führenden Unternehmen im Bereich Verteidigungstechnologie, ist ein signifikantes sektorspezifisches und unternehmensbezogenes Ereignis. Es ist kein systemisches Risiko, aber ein wichtiger Indikator für Exit-Möglichkeiten im Venture Capital, die Marktstimmung für Verteidigungstechnologie und Bewertungen innerhalb des Luftfahrt- & Verteidigungssektors. Der Erfolg oder Misserfolg eines solchen IPOs könnte das Sentiment und die Kapitalflüsse für ähnliche wachstumsstarke und strategisch wichtige Privatunternehmen beeinflussen. Für Manager eines globalen Multi-Faktor-Portfolios ist dies relevant für Sektorallokationen und die Beobachtung von Private Equity Exits.",RISK_ON,False,"Das Zustandekommen eines hochkarätigen IPOs wie dem von Anduril vor 2027 würde allgemein als positives Signal für die Gesundheit der Kapitalmärkte und die Liquidität gewertet. Es würde das Vertrauen der Investoren in Wachstumssektoren (insbesondere Verteidigungstechnologie) und die Fähigkeit wichtiger Privatunternehmen, öffentliche Finanzierung zu erhalten, widerspiegeln. Ein solches Umfeld wird typischerweise mit einem 'RISK_ON'-Sentiment in Verbindung gebracht, da es auf eine robuste Risikobereitschaft und Kapitalzirkulation hindeutet."
2026-08-17T10:05:01.144280+00:00,2026-12-31T00:00:00Z,676785,ipos-before-2027,OpenAI IPO before 2027?,452487.34522299987,0.19,active,"business, big tech, ipos, finance",Sektorale & Unternehmensereignisse,2,70,90,"Der Börsengang von OpenAI, einem der führenden Unternehmen im Bereich der generativen Künstlichen Intelligenz, wäre ein hochrelevantes sektoral- und unternehmensspezifisches Ereignis. Es würde nicht nur die Bewertung des Unternehmens selbst beeinflussen, sondern auch erhebliche Auswirkungen auf die gesamte KI-Branche und den breiteren Technologiesektor haben. Ein erfolgreicher IPO würde als Indikator für das Investoreninteresse und die Marktreife von KI-Technologien dienen, Kapitalströme anziehen und neue Benchmarks für Bewertungen in diesem dynamischen Sektor setzen. Für globale Multi-Faktor-Portfolios ist dies ein relevantes Thema, das auf dem Manager-Radar (Zone 2) angesiedelt ist, da es spezifische Sektorallokationen und Wachstumsaussichten beeinflusst.",RISK_ON,False,"Ein erfolgreicher Börsengang eines hochkarätigen Technologieunternehmens wie OpenAI signalisiert in der Regel eine robuste Kapitalmarktumgebung, ein starkes Investoreninteresse an Wachstumswerten und die Schaffung neuer Anlagemöglichkeiten. Dies wird typischerweise als positiv für die Stimmung im Technologiesektor und breiteren Markt interpretiert und fördert eine 'RISK_ON'-Haltung, da es Vertrauen in zukünftiges Wachstum und Innovation demonstriert."
2026-08-17T10:05:01.144291+00:00,2026-12-31T00:00:00Z,676792,ipos-before-2027,Anthropic IPO before 2027?,469137.65453500015,0.845,active,"business, big tech, ipos, finance",Sektorale & Unternehmensereignisse,2,60,85,"Der Börsengang (IPO) eines hochkarätigen KI-Unternehmens wie Anthropic ist ein bedeutendes sektorspezifisches und unternehmerisches Ereignis. Es beeinflusst die Bewertungen im gesamten KI-Sektor, die Stimmung der Investoren gegenüber Wachstumsaktien und die allgemeine Risikobereitschaft. Es ist kein systemisches Risiko, aber definitiv relevant für Portfolio-Manager, die Tech- und Wachstumsportfolios verwalten.",RISK_ON,False,"Ein erfolgreicher IPO von Anthropic würde als positives Signal für den KI-Sektor und den breiteren Technologiemarkt interpretiert. Er würde das Vertrauen der Investoren in zukunftsträchtige Technologien stärken und die Risikobereitschaft für Wachstumsaktien fördern, was generell als 'RISK_ON'-Ereignis gilt."
2026-08-17T10:05:01.144307+00:00,2026-12-31T00:00:00Z,676796,ipos-before-2027,Databricks IPO before 2027?,487398.1730949998,0.11,active,"business, big tech, ipos, finance",Sektorale & Unternehmensereignisse,3,7,90,"Der Prognosemarkt befasst sich mit dem Börsengang eines einzelnen Technologieunternehmens (Databricks), das ein wichtiger Akteur im Bereich Daten und KI ist. Obwohl ein solcher IPO bedeutende Auswirkungen auf den Technologiesektor, private Marktliquidität und die Bewertungen vergleichbarer Unternehmen haben kann, ist sein direkter Einfluss auf ein globales Multi-Faktor-Portfolio als 'Rauschen' (Zone 3) einzuschätzen. Globale Portfolios werden primär durch makroökonomische Trends, systemische Risiken und geopolitische Ereignisse bewegt, nicht durch individuelle Unternehmensereignisse, es sei denn, diese lösen eine breitere Sektor- oder Marktkrise aus, was hier unwahrscheinlich ist. Innerhalb von Zone 3 ist der Impact Score hoch, da Databricks ein 'Unicorn' ist und sein IPO ein wichtiges Barometer für das Investoreninteresse an Wachstums- und KI-Unternehmen wäre.",RISK_ON,False,"Ein erfolgreicher Börsengang eines hochbewerteten Technologieunternehmens wie Databricks, der vor 2027 stattfindet (die 'JA'-Seite des Kontrakts), würde typischerweise als positives Signal für die Marktliquidität, das Investorenvertrauen in den Technologiesektor und die allgemeine Risikobereitschaft interpretiert. Es deutet auf eine Fortsetzung des 'Risk-On'-Klimas hin, in dem Anleger bereit sind, Kapital in wachstumsstarke, aber risikoreichere Assets zu investieren."
2026-08-17T10:05:01.144321+00:00,2026-12-31T00:00:00Z,1321868,ipos-before-2027,Ledger IPO before 2027?,513054.88082500006,0.105,active,"business, big tech, ipos, finance",Sektorale & Unternehmensereignisse,3,3,95,"Ein IPO des Hardware-Wallet-Anbieters Ledger ist ein spezifisches Unternehmensereignis im Kryptowährungs- und Fintech-Sektor. Es hat keine Relevanz für globale geopolitische, systemische oder makroökonomische Risiken. Der Einfluss auf ein globales Multi-Faktor-Portfolio ist als gering einzuschätzen, da es sich um ein hochgradig sektorspezifisches und kein marktbewegendes Ereignis für globale Finanzmärkte handelt. Die Auswirkungen auf das Gesamtportfolio wären marginal.",RISK_ON,False,"Ein erfolgreicher Börsengang ist im Allgemeinen ein positives Zeichen für das betreffende Unternehmen und den Sektor, da er Kapital beschafft und die Glaubwürdigkeit erhöhen kann. Für den Kryptomarkt könnte es als Reifung des Sektors interpretiert werden, was tendenziell ein risikoSENKENDES ('RISK_ON') Signal für diesen spezifischen Sektor darstellt, anstatt ein globales Risiko zu erhöhen. Der globale Markt als Ganzes würde jedoch kaum darauf reagieren."
2026-08-17T10:05:01.144345+00:00,2026-12-09T00:00:00Z,1168139,what-will-the-fed-rate-be-at-the-end-of-2026,Will the upper bound of the target federal funds rate be 3.75% at the end of 2026?,531856.1426450001,0.411,active,"fed rates, economic policy, trump, jerome powell, fed, politics, fed chair",Makroökonomie & Zentralbanken,2,88,95,"Der Markt betrifft direkt die zukünftige Geldpolitik der US-Notenbank Federal Reserve, insbesondere den Leitzins. Dies ist ein fundamentaler Treiber für globale Finanzmärkte, da er Anleihezinsen, Kapitalkosten, Wechselkurse und die Attraktivität von Anlageklassen weltweit beeinflusst. Es ist kein plötzliches 'Kill-Switch'-Ereignis, aber eine essenzielle Information für Portfoliomanager und Risikomodelle, daher Zone 2.",RISK_ON,False,"Eine obere Grenze des Leitzinses von 3.75% Ende 2026 impliziert eine deutliche Senkung der Zinsen von den aktuellen Niveaus (5.50%). Zinssenkungen werden typischerweise als stimulierend für die Wirtschaft und die Finanzmärkte wahrgenommen, da sie die Kreditkosten senken, die Unternehmensgewinne potenziell steigern und die Bewertung von Risikoaktiva verbessern. Daher würde das Eintreten dieses Szenarios (die 'JA'-Seite) als 'RISK_ON' interpretiert werden."
2026-08-17T10:05:01.144354+00:00,2026-12-09T00:00:00Z,1168140,what-will-the-fed-rate-be-at-the-end-of-2026,Will the upper bound of the target federal funds rate be 4.0% at the end of 2026?,1369291.621937,0.2665,active,"fed rates, economic policy, trump, jerome powell, fed, politics, fed chair",Makroökonomie & Zentralbanken,2,80,95,"Der Markt befasst sich direkt mit der zukünftigen Geldpolitik der Federal Reserve, insbesondere dem Ziel-Leitzins bis Ende 2026. Dies ist ein entscheidender Faktor für die globale Makroökonomie, da er Zinskosten, Kreditverfügbarkeit, Inflation, Wirtschaftswachstum und die Bewertung aller Anlageklassen (Aktien, Anleihen, Rohstoffe, Währungen) stark beeinflusst. Für ein globales Multi-Faktor-Portfolio ist die Entwicklung der Zentralbankpolitik ein fundamentaler Risikotreiber und ein primäres Element für strategische und taktische Allokationsentscheidungen. Es ist kein unmittelbarer 'Kill-Switch'-Schock (Zone 1), aber weit über 'Rauschen' (Zone 3) hinaus, da es die Grundlage für viele Kapitalmarktannahmen bildet.",RISK_OFF,False,"Ein 'Ja' auf die Frage bedeutet, dass der obere Wert des Zielbereichs des Federal Funds Rate bei 4,0 % oder höher liegt. Dies impliziert eine restriktivere oder zumindest nicht-akkommodierende Geldpolitik der Federal Reserve. Höhere Zinsen erhöhen die Kreditkosten für Unternehmen und Konsumenten, können das Wirtschaftswachstum bremsen, die Unternehmensgewinne mindern und festverzinsliche Wertpapiere im Vergleich zu risikoreicheren Anlagen (z.B. Aktien) attraktiver machen. Dies wird in der Regel als negativ ('RISK_OFF') für die allgemeine Risikobereitschaft und die meisten Risikoanlagen in einem globalen Portfolio angesehen."
2026-08-17T10:05:01.144363+00:00,2026-12-09T00:00:00Z,1168141,what-will-the-fed-rate-be-at-the-end-of-2026,Will the upper bound of the target federal funds rate be 4.25% at the end of 2026?,428208.7107359999,0.141,active,"fed rates, economic policy, trump, jerome powell, fed, politics, fed chair",Makroökonomie & Zentralbanken,2,85,95,"Der Federal Funds Rate ist der wichtigste Leitzins der Welt und hat weitreichende Auswirkungen auf die globalen Finanzmärkte, einschließlich Anleihen, Aktien, Währungen und Rohstoffe. Eine Vorhersage über sein Niveau Ende 2026 ist von entscheidender Bedeutung für die mittel- bis langfristige strategische Asset Allokation und Risikobewertung eines globalen Multi-Faktor-Portfolios. Das Erreichen oder Nicht-Erreichen dieses Zielwerts hat erhebliche Implikationen für Wachstumsprognosen, Inflationserwartungen und die Bewertung von Vermögenswerten.",RISK_OFF,False,"Sollte die obere Grenze des Zielbereichs des Federal Funds Rates tatsächlich 4.25% Ende 2026 betragen (JA-Seite), würde dies im Vergleich zu einem Szenario mit niedrigeren Zinsen eine anhaltend restriktive Geldpolitik bedeuten. Dies würde zu höheren Finanzierungskosten für Unternehmen und Konsumenten führen, könnte das Wirtschaftswachstum bremsen und tendenziell den Abzinsungsfaktor für zukünftige Cashflows erhöhen, was Druck auf die Bewertungen von Risikoanlagen (z.B. Aktien) ausüben würde. Ein solches Umfeld ist generell als 'RISK_OFF' zu interpretieren."
2026-08-17T10:05:01.144372+00:00,2026-12-09T00:00:00Z,1168142,what-will-the-fed-rate-be-at-the-end-of-2026,Will the upper bound of the target federal funds rate be ≥ 4.5% at the end of 2026?,2407966.5601830003,0.05,active,"fed rates, economic policy, trump, jerome powell, fed, politics, fed chair",Makroökonomie & Zentralbanken,2,85,95,"Die Zielspanne der Federal Funds Rate ist ein entscheidender Faktor für die globale Finanzmarktliquidität, die Kreditkosten, Anleiherenditen und die Bewertung von Vermögenswerten über alle Anlageklassen hinweg. Eine obere Grenze von 4,5% oder höher Ende 2026, insbesondere wenn dies über den aktuellen Markterwartungen liegt, würde signifikante Auswirkungen auf die Wirtschaftsprognosen, Unternehmensgewinne und die Risikobereitschaft weltweit haben. Dies ist eine primäre Sorge für jedes Multi-Faktor-Portfolio und erfordert eine ständige Überwachung und Anpassung der Strategie.",RISK_OFF,False,"Die 'JA'-Seite des Prognosemarktes (Zinssatz ≥ 4,5% Ende 2026) deutet auf eine restriktivere Geldpolitik über einen längeren Zeitraum hin als möglicherweise von den Märkten erwartet. Höhere Zinsen erhöhen die Diskontsätze, die Kapitalkosten für Unternehmen und Regierungen, reduzieren die Attraktivität von Risikoanlagen (Aktien, High-Yield-Anleihen) und können das Wirtschaftswachstum bremsen. Dies wird in der Regel als ein risikoerhöhendes Ereignis ('RISK_OFF') für die Finanzmärkte interpretiert, da es zu geringeren Bewertungen, potenziellen Rezessionsängsten und einer Verschiebung hin zu sicheren Häfen führen kann."
2026-08-17T10:05:01.144412+00:00,2026-08-31T00:00:00Z,2658302,mojtaba-khamenei-public-appearance-by,Mojtaba Khamenei seen in public by August 31?,418661.7976789999,0.0355,active,"middle east, israel, iran, geopolitics",Politische Struktur & Wahlen,2,80,95,"Dieser Prognosemarkt befasst sich mit der öffentlichen Präsenz von Mojtaba Khamenei, einem zentralen Akteur und potenziellen Nachfolger innerhalb der politischen Struktur Irans. Angesichts des fortgeschrittenen Alters und der Gesundheitsbedenken des derzeitigen Obersten Führers, Ali Khamenei, hat jedes Signal bezüglich eines möglichen Nachfolgers erhebliche Auswirkungen auf die zukünftige Stabilität Irans, die regionale Geopolitik und die globalen Energiemärkte. Eine Nachfolgekrise im Iran könnte zu erheblicher Marktvolatilität führen und gehört daher auf das Radar eines Managers.",RISK_OFF,False,"Wenn Mojtaba Khamenei öffentlich gesehen wird (JA-Seite des Vertrags), bestätigt dies wahrscheinlich seinen Gesundheitszustand und seine anhaltende Relevanz. Dies könnte seine Position als Nachfolgekandidat stärken und die Aufmerksamkeit der Märkte auf den bevorstehenden Führungswechsel im Iran lenken. Ein solcher Übergang birgt von Natur aus erhebliche politische und geopolitische Risiken, da Machtkämpfe und politische Neuausrichtungen möglich sind. Eine erhöhte Unsicherheit in einer so geopolitisch sensiblen Region wird von den globalen Finanzmärkten in der Regel als risikosteigernd wahrgenommen."
2026-08-17T10:05:01.144421+00:00,2026-09-30T00:00:00Z,2658303,mojtaba-khamenei-public-appearance-by,Mojtaba Khamenei seen in public by September 30?,268896.06890099996,0.105,active,"middle east, israel, iran, geopolitics",Politische Struktur & Wahlen,2,55,90,"Dieser Markt bewertet die Sichtung von Mojtaba Khamenei, dem Sohn des Obersten Führers Irans. Eine öffentliche Erscheinung oder das Fehlen einer solchen kann wichtige Hinweise auf die Gesundheit des Obersten Führers, die internen Machtverhältnisse, potenzielle Nachfolgedynamiken oder die Stabilität der politischen Führung im Iran geben. Der Iran ist ein geopolitisch wichtiger Akteur, dessen interne Stabilität erhebliche Auswirkungen auf die Ölpreise, die regionale Sicherheit (insbesondere im Nahen Osten) und die internationale Politik hat. Dies ist ein typisches 'Manager-Radar'-Ereignis, da es die Aufmerksamkeit von Risikomanagern und Portfoliomanagern erfordert, die globale Exposures überwachen.",RISK_ON,True,"Ein 'JA'-Ergebnis (Mojtaba Khamenei wird öffentlich gesehen) würde wahrscheinlich dazu beitragen, Gerüchte über die Gesundheit des Obersten Führers oder eine bevorstehende, möglicherweise instabile Nachfolgediskussion zu zerstreuen. Die Sichtbarkeit würde auf eine gewisse Kontinuität oder Stabilität innerhalb der iranischen Führung hindeuten und somit die politische Unsicherheit reduzieren. Eine Reduzierung der geopolitischen Unsicherheit in einer so wichtigen Region wird von den globalen Finanzmärkten in der Regel als positives Signal ('RISK_ON') wahrgenommen. In diesem Sinne wäre die Sichtung eine 'Normalisierung' der öffentlichen Präsenz oder der Informationslage, die Spekulationen entgegenwirkt."
2026-08-17T10:05:01.144430+00:00,2026-12-31T00:00:00Z,2771185,mojtaba-khamenei-public-appearance-by,Mojtaba Khamenei seen in public by December 31?,426605.45071199996,0.255,active,"middle east, israel, iran, geopolitics",Geopolitischer & Militärischer Schock,2,70,95,"Der Markt dreht sich um eine mögliche öffentliche Erscheinung von Mojtaba Khamenei, dem Sohn des iranischen Obersten Führers. Iran ist ein entscheidender Akteur im Nahen Osten, ein wichtiger Ölproduzent und eine geopolitische Macht. Eine verstärkte öffentliche Präsenz Mojtaba Khameneis könnte als Vorbote einer Machtübergabe oder als Signal für eine Konsolidierung der Macht durch einen potenziellen Nachfolger interpretiert werden. Eine solche Führungstransition im Iran hat weitreichende Auswirkungen auf die regionale Stabilität, die globalen Energiemärkte (insbesondere den Ölpreis) und die internationale Politik (z.B. Atomprogramm, Beziehungen zu den USA und Israel). Dies ist kein systemischer Kill-Switch, aber ein Ereignis, das globale Portfoliomanager sehr genau beobachten und in ihre Risikomodelle einbeziehen müssten. Die hohe Punktzahl spiegelt das erhebliche Potenzial für Marktvolatilität und erhöhte Unsicherheit wider, die mit einer möglichen iranischen Führungstransition verbunden sind.",RISK_OFF,False,"Die 'JA'-Seite des Marktes ('Mojtaba Khamenei wird öffentlich gesehen') würde wahrscheinlich als risikoerhöhend ('RISK_OFF') interpretiert werden. Mojtaba Khamenei wird weithin als Hardliner wahrgenommen. Seine verstärkte öffentliche Präsenz, insbesondere im Kontext des fortgeschrittenen Alters seines Vaters, könnte auf einen bevorstehenden Führungswechsel hindeuten, der zu einer härteren oder konfrontativeren Haltung des Irans führen könnte. Dies würde geopolitische Spannungen erhöhen, Bedenken hinsichtlich der regionalen Stabilität aufkommen lassen und potenziell die Ölmärkte beeinflussen, was Investoren dazu veranlassen würde, sicherere Anlagen zu suchen. Es handelt sich nicht um ein Ereignis der Rückkehr zur Normalität, sondern um ein potenzielles Signal für eine zukünftige Veränderung oder Machtkonsolidierung mit erheblichen Risiken."
2026-08-17T10:05:01.144492+00:00,2026-09-01T03:59:59.999Z,3096412,what-price-will-wti-hit-in-august-2026,Will WTI Crude Oil (WTI) hit (HIGH) $100 in August?,357837.1587160001,0.055,active,"finance, monthly, hit price, hide from new, finance updown, pyth finance, commodities, oil",Makroökonomie & Zentralbanken,2,80,90,"WTI-Rohöl ist ein kritischer globaler Rohstoff, dessen Preis weitreichende Auswirkungen auf die Weltwirtschaft hat. Ein Anstieg auf 100 US-Dollar im August würde erhebliche Inflationsdrücke signalisieren, die Inputkosten für Unternehmen erhöhen und die Kaufkraft der Verbraucher schwächen. Diese Faktoren beeinflussen direkt das globale Wirtschaftswachstum, die Unternehmensgewinne und die Geldpolitik der Zentralbanken (potenziell stärkere Zinserhöhungen oder längere Hochzinsphasen). Dies macht es zu einem zentralen Thema für die 'Makroökonomie & Zentralbanken' und ist ein Ereignis, das Portfolio-Manager aktiv überwachen und berücksichtigen müssen, daher Zone 2. Der Impact Score von 80 reflektiert die substanzielle, aber nicht systemisch kollabierende, Auswirkung auf die globalen Finanzmärkte und die Portfolioperformance.",RISK_OFF,False,"Das 'JA'-Ereignis – WTI erreicht 100 US-Dollar – beschreibt einen Zustand erhöhter Energiekosten und damit verbundener Inflationsrisiken. Dies wird in der Regel als negativ für das globale Wirtschaftswachstum und die Unternehmensprofitabilität (außerhalb des Energiesektors) interpretiert, was Investoren dazu veranlasst, risikoreichere Anlagen zu meiden. Es ist daher ein 'RISK_OFF'-Ereignis. Es handelt sich nicht um eine Normalisierung, sondern um eine Verschärfung der wirtschaftlichen Herausforderungen."
2026-08-17T10:05:01.144501+00:00,2026-09-01T03:59:59.999Z,3096413,what-price-will-wti-hit-in-august-2026,Will WTI Crude Oil (WTI) hit (HIGH) $90 in August?,506482.77169499994,0.345,active,"finance, monthly, hit price, hide from new, finance updown, pyth finance, commodities, oil",Makroökonomie & Zentralbanken,2,80,90,"Ein Anstieg des WTI-Rohölpreises auf $90 im August wäre ein signifikantes makroökonomisches Ereignis. Es würde Inflationssorgen verstärken und die Erwartungen an eine restriktivere Geldpolitik der Zentralbanken (insbesondere der Fed) beeinflussen, was wiederum die globalen Wachstumsaussichten und die Unternehmensgewinne (insbesondere in energieintensiven Sektoren) belasten könnte. Dies ist ein entscheidender Faktor, den Portfoliomanager und Notenbanken genau beobachten würden.",RISK_OFF,False,"Ein Erreichen von $90 für WTI würde in der Regel auf erhöhte Inflationsrisiken, potenzielle Kosten für Unternehmen und eine Belastung der Kaufkraft der Konsumenten hindeuten. Dies würde zu einer 'RISK_OFF'-Stimmung an den Finanzmärkten führen, da Anleger risikoreichere Anlagen meiden und defensive Positionen bevorzugen."
2026-08-17T10:05:01.144510+00:00,2026-09-01T03:59:59.999Z,3096415,what-price-will-wti-hit-in-august-2026,Will WTI Crude Oil (WTI) hit (LOW) $70 in August?,305390.89707700006,0.1,active,"finance, monthly, hit price, hide from new, finance updown, pyth finance, commodities, oil",Makroökonomie & Zentralbanken,2,65,95,"Die Preisentwicklung von WTI-Rohöl ist ein kritischer makroökonomischer Indikator. Ein Rückgang auf oder unter 70 $ im August könnte auf eine signifikante Abschwächung der globalen Nachfrage, Rezessionsängste oder ein Überangebot hindeuten. Dies hätte weitreichende Auswirkungen auf die Inflation, die Geldpolitik der Zentralbanken (Zinserwartungen), Unternehmensgewinne (insbesondere im Energiesektor, aber auch für energieintensive Industrien und Konsumenten) und das globale Wirtschaftswachstum. Für ein globales Multi-Faktor-Portfolio ist dies ein zentraler Parameter, der von Managern genau beobachtet wird.",RISK_OFF,False,"Die JA-Seite des Marktes ('WTI erreicht 70 $ oder darunter') impliziert einen erheblichen Preisverfall. Obwohl niedrigere Energiepreise für Konsumenten und einige Sektoren positiv sein können, wird ein deutlicher Rückgang des Ölpreises typischerweise als Signal für eine schwächere globale Wirtschaft oder eine bevorstehende Rezession interpretiert. Dies führt in der Regel zu einer erhöhten Risikoaversion in den Finanzmärkten, da Anleger Sorgen um Unternehmensgewinne und das Wirtschaftswachstum entwickeln. Es ist keine Rückkehr zur Normalität, sondern ein Indikator für potenzielle Verschlechterungen der Wirtschaftsaussichten."
2026-08-17T10:05:01.144529+00:00,2026-09-01T03:59:59.999Z,3102462,what-price-will-wti-hit-in-august-2026,Will WTI Crude Oil (WTI) hit (HIGH) $95 in August?,487360.602508,0.155,active,"finance, monthly, hit price, hide from new, finance updown, pyth finance, commodities, oil",Makroökonomie & Zentralbanken,2,75,90,"Ein Anstieg des WTI-Rohölpreises auf $95 würde signifikante Auswirkungen auf die globale Makroökonomie haben, insbesondere auf Inflationsraten und die Geldpolitik der Zentralbanken. Höhere Energiekosten beeinflussen Konsumausgaben, Produktionskosten und das Gewinnwachstum vieler Unternehmen, was eine Anpassung der Portfoliostrategien erfordert. Dies ist ein Ereignis, das auf dem Radar von Managern steht, aber keine unmittelbare globale Panik auslöst.",RISK_OFF,False,"Das Erreichen von $95 für WTI-Rohöl stellt einen deutlichen Preisanstieg dar. Höhere Rohölpreise führen in der Regel zu erhöhtem Inflationsdruck, potenziell restriktiveren Zentralbankpolitiken und einer Dämpfung des globalen Wirtschaftswachstums, was das Risiko für die meisten Anlageklassen (außer Energieproduzenten) erhöht und eine Flucht in sicherere Häfen (RISK_OFF) begünstigt."
2026-08-17T10:05:01.144544+00:00,2026-09-01T03:59:59.999Z,3102467,what-price-will-wti-hit-in-august-2026,Will WTI Crude Oil (WTI) hit (LOW) $65 in August?,358221.2692049999,0.0345,active,"finance, monthly, hit price, hide from new, finance updown, pyth finance, commodities, oil",Makroökonomie & Zentralbanken,2,70,90,"Der WTI-Rohölpreis ist ein globaler Indikator für Angebots- und Nachfragedynamik und hat weitreichende makroökonomische Auswirkungen. Eine signifikante Bewegung auf 65 USD (als Tiefstand) würde sich direkt auf Inflationsprognosen, Produktionskosten, Konsumausgaben und somit auf die Geldpolitik der Zentralbanken weltweit auswirken. Für ein globales Multi-Faktor-Portfolio ist dies ein zentraler Input für die Bewertung von makroökonomischen Szenarien und die entsprechende Allokation.",RISK_OFF,False,"Ein Absinken des WTI-Rohölpreises auf ein tiefes Ziel wie 65 USD ist häufig ein Indikator für eine schwächelnde globale Nachfrage oder Rezessionsängste. Dies würde in der Regel zu einer 'Risk-Off'-Haltung an den Finanzmärkten führen, da Anleger risikoärmere Anlagen bevorzugen würden, um sich gegen eine Verlangsamung der Weltwirtschaft abzusichern."
2026-08-17T10:05:01.144554+00:00,2026-09-01T03:59:59.999Z,3310013,what-price-will-wti-hit-in-august-2026,Will WTI Crude Oil (WTI) hit (HIGH) $85 in August?,675803.996744,0.715,active,"finance, monthly, hit price, hide from new, finance updown, pyth finance, commodities, oil",Makroökonomie & Zentralbanken,2,70,90,"Der Markt bewertet, ob WTI-Rohöl einen Zielpreis von $85 in August erreicht. Ölpreise sind ein zentraler makroökonomischer Indikator, der globale Inflationsraten, Wirtschaftswachstumsprognosen und die Geldpolitik der Zentralbanken maßgeblich beeinflusst. Ein Anstieg auf $85 würde auf eine robuste Nachfrage oder Angebotsengpässe hindeuten und hätte direkte Auswirkungen auf die globalen Finanzmärkte, insbesondere im Hinblick auf Inflationserwartungen, Unternehmensgewinne und Zinsentscheidungen. Dies erfordert die Aufmerksamkeit von Portfolio-Managern.",RISK_OFF,False,"Ein Anstieg des WTI-Rohölpreises auf $85 signalisiert in der Regel höhere Energiekosten und damit steigende Inflationserwartungen. Dies kann zu einer restriktiveren Geldpolitik der Zentralbanken führen, erhöht die Betriebskosten für viele Unternehmen außerhalb des Energiesektors und reduziert die Kaufkraft der Konsumenten. Solche Bedingungen sind tendenziell 'RISK_OFF' für das breitere Marktgeschehen und viele Assetklassen, da sie die Rentabilität belasten und die globalen Wachstumsaussichten eintrüben können."
2026-08-17T10:05:01.144680+00:00,2026-12-31T00:00:00Z,676739,largest-company-end-of-december-2026,Will NVIDIA be the largest company in the world by market cap on December 31?,1055166.8103900002,0.78,active,"economy, business, finance, tech, big tech",Sektorale & Unternehmensereignisse,2,85,95,"Der Markt bewertet das Potenzial eines Einzelunternehmens (NVIDIA), das größte der Welt nach Marktkapitalisierung zu werden. Dies ist ein Ereignis, das zwar unternehmensspezifisch ist, aber tiefgreifende sektorale (KI, Halbleiter) und marktweite Implikationen hätte. Es würde eine massive Kapitalumschichtung und eine extreme Konzentration der Marktkapitalisierung signalisieren. Dies ist ein zentrales Thema für das Management eines globalen Multi-Faktor-Portfolios, da es die Performance von Indizes, Sektoren und Faktoren erheblich beeinflussen würde und vor allem Fragen der Marktbreite und potenzieller Überbewertungen aufwirft. Daher ist es dem Manager-Radar (Zone 2) zuzuordnen und hat einen hohen Impact Score.",RISK_OFF,False,"Sollte NVIDIA tatsächlich das größte Unternehmen der Welt werden ('JA'-Seite des Kontrakts), deutet dies auf eine extreme Marktkonzentration und möglicherweise auf eine spekulative Phase in einem bestimmten Sektor (KI/Tech) hin. Aus Sicht eines quantitativen Risikoanalysten für ein diversifiziertes globales Portfolio ist eine solche Entwicklung oft mit erhöhtem Konzentrationsrisiko, potenziellen Überbewertungen und einer Verengung der Marktbreite verbunden. Dies sind Faktoren, die zu einer vorsichtigeren ('RISK_OFF') Haltung führen würden, da sie die Anfälligkeit des Gesamtmarktes erhöhen können. Es handelt sich hierbei nicht um die Rückkehr zu einer Normalität, sondern um einen neuen, potenziell risikobehafteten Marktzustand."
2026-08-17T10:05:01.144695+00:00,2026-12-31T00:00:00Z,676741,largest-company-end-of-december-2026,Will Apple be the largest company in the world by market cap on December 31?,816064.3647170002,0.1095,active,"economy, business, finance, tech, big tech",Sektorale & Unternehmensereignisse,2,60,90,"Die Frage konzentriert sich auf die relative Marktposition eines der weltweit größten und einflussreichsten Unternehmen (Apple). Obwohl es sich um ein unternehmensspezifisches Ereignis handelt, hat Apples Marktkapitalisierung eine enorme Bedeutung für globale Indizes und die allgemeine Marktstimmung, insbesondere im Technologiesektor. Verschiebungen an der Spitze der größten Unternehmen werden von Portfolio-Managern genau beobachtet, da sie Trends in der Kapitalallokation, Sektorgewichtung und Anlegerpräferenzen widerspiegeln können. Es ist kein systemisches Risiko oder ein geopolitischer Schock, aber auch weit entfernt von Rauschen.",RISK_ON,False,"Ein 'JA' zu dieser Frage bedeutet, dass Apple am Jahresende das größte Unternehmen nach Marktkapitalisierung sein wird. Apple repräsentiert oft Stabilität, starke Cashflows und eine etablierte Marktposition innerhalb des Technologiesektors. Wenn Apple seine Führungsposition behält oder zurückerobert, wird dies in der Regel als Indikator für anhaltendes Vertrauen in etablierte Technologiewerte und die allgemeine Stabilität des Marktes interpretiert. Dies deutet auf ein Umfeld hin, in dem Anleger eher bereit sind, Risiken einzugehen (RISK_ON), da die Marktführerschaft bei einem bekannten und stabilen Schwergewicht verbleibt, anstatt sich auf grundlegende Verschiebungen oder Unsicherheiten einzustellen, die eine Ablösung mit sich bringen könnte."
2026-08-17T10:05:01.144703+00:00,2026-12-31T00:00:00Z,676742,largest-company-end-of-december-2026,Will Alphabet be the largest company in the world by market cap on December 31?,614234.8871770002,0.09,active,"economy, business, finance, tech, big tech",Sektorale & Unternehmensereignisse,2,55,90,"Dieser Prognosemarkt konzentriert sich auf die relative Marktposition eines einzelnen Unternehmens (Alphabet) innerhalb des globalen Aktienmarktes. Das Erreichen der größten Marktkapitalisierung durch ein Technologieunternehmen ist ein bedeutendes sektorspezifisches und unternehmensspezifisches Ereignis, das die Anlegerstimmung und Kapitalflüsse innerhalb des Tech-Sektors und des Gesamtmarktes widerspiegelt. Es ist kein systemisches Risiko oder globales Katastrophenereignis, aber auch kein triviales Rauschen, da es weitreichende Implikationen für Portfoliomanager hat, die die größten Positionen und führenden Trends im Blick behalten müssen. Der Impact Score spiegelt die Signifikanz eines solchen Shiftes für globale Portfolios wider.",RISK_ON,False,"Wenn Alphabet die größte Marktkapitalisierung erreicht, deutet dies auf eine außergewöhnlich starke Performance und hohes Anlegervertrauen in das Unternehmen und potenziell den breiteren Technologiesektor hin (insbesondere in Wachstumsthemen wie KI). Solche Entwicklungen werden in der Regel als positives Signal für die Risikobereitschaft der Anleger interpretiert und fördern ein 'RISK_ON'-Umfeld in den Aktienmärkten."
2026-08-17T10:05:01.144763+00:00,2026-10-31T00:00:00Z,2243896,russia-x-ukraine-ceasefire-agreement-by,"Russia x Ukraine ceasefire agreement by October 31, 2026?",846943.1483430001,0.105,active,"politics, russia, ukraine peace deal, geopolitics, putin, zelensky, zelenskyy, ukraine, trump",Geopolitischer & Militärischer Schock,1,85,95,"Die Russland-Ukraine-Krieg ist ein fortlaufender geopolitischer und militärischer Schock mit weitreichenden globalen Auswirkungen auf Energiemärkte, Lebensmittelversorgungsketten, Inflation und die internationale politische Stabilität. Ein Waffenstillstandsabkommen würde eine substanzielle Deeskalation dieses Konflikts darstellen und eine große Quelle globaler Unsicherheit und systemischer Stabilitätsrisiken beseitigen. Dies qualifiziert das Ereignis als Zone 1, da es das Potenzial hat, globale Panik zu reduzieren und eine signifikante Umbewertung von Risiken und Vermögenswerten weltweit auszulösen.",RISK_ON,True,"Ein Waffenstillstandsabkommen würde eine Reduzierung der Feindseligkeiten und einen Schritt zur politischen Lösung des Konflikts bedeuten. Dies würde zu einer Verringerung des geopolitischen Risikos und der Unsicherheit führen, das Vertrauen der Anleger stärken und die Risikoaversion reduzieren. Es handelt sich um eine Rückkehr zu einer Form der Normalität nach einer Phase akuter Störung und erhöht damit die Risikobereitschaft an den Märkten."
2026-08-17T10:05:01.144772+00:00,2026-12-31T00:00:00Z,2243897,russia-x-ukraine-ceasefire-agreement-by,"Russia x Ukraine ceasefire agreement by December 31, 2026?",2138682.631284999,0.265,active,"politics, russia, ukraine peace deal, geopolitics, putin, zelensky, zelenskyy, ukraine, trump",Geopolitischer & Militärischer Schock,1,90,95,"Der Krieg in der Ukraine ist ein primärer geopolitischer und militärischer Schock mit weitreichenden globalen Auswirkungen auf Makroökonomie, Energie, Nahrungsmittelsicherheit und internationale Beziehungen. Ein Waffenstillstandsabkommen würde eine signifikante globale Deeskalation bedeuten und somit einen 'Kill-Switch'-Effekt auf die globale Risikowahrnehmung ausüben, indem es viele der derzeitigen systemischen Spannungen und Unsicherheiten reduziert und potenziell massive Neobewertungen in globalen Märkten auslöst.",RISK_ON,True,"Die 'JA'-Seite dieses Marktes bedeutet, dass ein Waffenstillstandsabkommen bis zum 31. Dezember 2026 erzielt wird. Dies würde eine erhebliche Reduzierung der geopolitischen Spannungen und Unsicherheiten bedeuten, die seit Beginn des Konflikts die globalen Märkte belasten. Eine solche Entwicklung würde Risikoprämien senken, die globale Konjunkturerwartung verbessern (insbesondere in Bezug auf Energiepreise, Inflation und Lieferketten) und die Investorenstimmung in Richtung risikoreicherer Anlagen (Risk-On) verschieben. Es stellt einen entscheidenden Schritt zur Normalisierung einer hochgradig abnormalen und destabilisierenden Situation dar."
2026-08-17T10:05:01.144796+00:00,2026-12-31T00:00:00Z,1321561,largest-ipo-by-market-cap-in-2026-287,Will SpaceX have the highest IPO Market Cap 2026?,745517.9032820005,0.57,active,"climate & science, ipo, science, elon musk, openai, business, ipos, sam altman, big tech, spacex, space, finance, openai ipo",Sektorale & Unternehmensereignisse,2,60,90,"Der Prognosemarkt befasst sich mit einem spezifischen Unternehmensereignis (IPO) eines sehr prominenten und kapitalintensiven Unternehmens (SpaceX). Ein potenziell rekordverdächtiger Börsengang wäre ein signifikantes Ereignis im Bereich der Sektoralen und Unternehmensereignisse. Es würde das Radar von Managern treffen, da es Kapitalflüsse, Sektor-Bewertungen (insbesondere Raumfahrt, Technologie) und das allgemeine Investitionsklima beeinflussen könnte. Es ist kein systemisches Risiko oder globales Panikereignis, aber weit mehr als nur 'Rauschen', da es die Marktstimmung und Anlegerbereitschaft für Risikokapital widerspiegeln würde.",RISK_ON,False,"Wenn SpaceX den höchsten IPO-Marktwert erzielt, deutet dies auf eine extrem hohe Nachfrage und Bewertung für ein innovatives, wachstumsstarkes Unternehmen hin. Dies würde in der Regel ein sehr starkes Vertrauen der Anleger in den Markt und eine hohe Risikobereitschaft signalisieren, was ein 'RISK_ON'-Szenario fördert."
2026-08-17T10:05:01.144810+00:00,2026-12-31T00:00:00Z,1321564,largest-ipo-by-market-cap-in-2026-287,Will Anthropic have the highest IPO Market Cap 2026?,786931.775785,0.4115,active,"climate & science, ipo, science, elon musk, openai, business, ipos, sam altman, big tech, spacex, space, finance, openai ipo",Sektorale & Unternehmensereignisse,3,7,85,"Der Markt konzentriert sich auf die spezifische IPO-Performance eines einzelnen Unternehmens (Anthropic) im Vergleich zu anderen, was klar den 'Sektorale & Unternehmensereignisse' zugeordnet wird. Obwohl Anthropic ein wichtiger Akteur im strategisch bedeutsamen KI-Sektor ist, hat die Frage nach dem 'höchsten IPO Market Cap 2026' für ein globales Multi-Faktor-Portfolio nur eine geringe direkte Relevanz. Es handelt sich eher um ein Detail für die Sektor- oder Themenanalyse als um ein Ereignis, das direkte Auswirkungen auf die Risikopositionierung des Gesamtportfolios hat. Daher wird es als 'Rauschen' (Zone 3) mit einem moderaten Impact Score bewertet, der die Bedeutung des Unternehmens im KI-Bereich reflektiert, aber die begrenzte direkte Portfoliorelevanz für ein globales, diversifiziertes Portfolio berücksichtigt.",RISK_ON,False,"Sollte Anthropic das höchste IPO Market Cap im Jahr 2026 erreichen (JA-Seite), würde dies als ein starkes Zeichen für das Vertrauen der Investoren in den KI-Sektor und die allgemeine Stärke des Tech-Wachstumsmarktes interpretiert. Solch ein Erfolg würde tendenziell die Risikobereitschaft an den Märkten erhöhen und ein 'RISK_ON'-Umfeld signalisieren, in dem Anleger bereit sind, in wachstumsstarke, innovative Unternehmen zu investieren."
2026-08-17T10:05:01.144883+00:00,2025-12-31T12:00:00Z,2749367,will-russia-invade-a-nato-country-in-2025,"Will Russia invade a NATO country by December 31, 2026?",259356.79301300005,0.055,active,"politics, world, ukraine, geopolitics, poland, nato",Geopolitischer & Militärischer Schock,1,95,95,"Eine russische Invasion eines NATO-Landes würde den Artikel 5 des NATO-Vertrags auslösen und einen direkten militärischen Konflikt zwischen Nuklearmächten bedeuten. Dies wäre ein beispielloser globaler geopolitischer und militärischer Schock, der zu massiver Panik an den Finanzmärkten, einem globalen 'Flight to Safety', weitreichenden Störungen der Lieferketten, extremen Rohstoffpreisschocks und einer fundamentalen Neubewertung des globalen Risikos führen würde. Es ist ein 'Kill-Switch'-Ereignis für die globale Stabilität und die Finanzmärkte.",RISK_OFF,False,"Die 'JA'-Seite des Marktes bedeutet, dass Russland ein NATO-Land angreifen wird. Dies ist ein extrem risikoerhöhendes Ereignis, das zu globaler Unsicherheit, Konflikten und wirtschaftlicher Instabilität führen würde, was eine ausgeprägte 'RISK_OFF'-Reaktion an den Märkten zur Folge hätte."
2026-08-17T10:05:01.144908+00:00,2026-10-04T00:00:00Z,1365854,brazil-presidential-election-first-round-2nd-place,Will Luiz Inácio Lula da Silva finish in second place in the first round of the 2026 Brazilian presidential election?,264683.663057,0.0715,active,"brazil, politics, world, global elections, elections, international election props",Politische Struktur & Wahlen,2,60,90,"Brasilien ist eine der größten Schwellenökonomien und ein bedeutender Rohstoffproduzent. Das Ergebnis einer Präsidentschaftswahl in Brasilien hat direkte Auswirkungen auf die lokale Wirtschaft, die Währung, Aktien- und Anleihenmärkte sowie indirekte Auswirkungen auf Rohstoffpreise und das allgemeine Emerging-Markets-Sentiment. Eine unerwartete Platzierung (wie der zweite Platz für einen prominenten Kandidaten wie Lula) könnte auf eine signifikante Verschiebung der politischen Landschaft und eine erhöhte Unsicherheit hinsichtlich zukünftiger Wirtschaftspolitik hindeuten. Dies erfordert die Aufmerksamkeit von Managern globaler Multi-Faktor-Portfolios, da es die Performance von EM-Allokationen und spezifischen Sektoren beeinflussen kann.",RISK_OFF,False,"Sollte Lula, ein bekannter Politiker mit einer klaren politischen Agenda, entgegen den Erwartungen nur den zweiten Platz belegen, würde dies auf einen potenziellen Machtwechsel oder eine stärkere Fragmentierung der politischen Landschaft hindeuten. Eine solche Abweichung vom erwarteten Szenario (z.B. Lula als Frontrunner oder Gewinner der ersten Runde) würde in der Regel zu erhöhter politischer Unsicherheit und potenziellen Änderungen der Wirtschaftspolitik führen. Dies wird von globalen Finanzmärkten typischerweise als risikoERHÖHEND ('RISK_OFF') eingestuft, da es zu Marktvolatilität und einer Neubewertung brasilianischer Vermögenswerte führen kann."
2026-08-17T10:05:01.144929+00:00,2026-10-04T00:00:00Z,1365860,brazil-presidential-election-first-round-2nd-place,Will Renan Santos finish in second place in the first round of the 2026 Brazilian presidential election?,1115581.3911579999,0.0565,active,"brazil, politics, world, global elections, elections, international election props",Politische Struktur & Wahlen,2,65,90,"Der Markt bezieht sich auf den Ausgang der ersten Runde einer Präsidentschaftswahl in Brasilien, der größten Volkswirtschaft Lateinamerikas und einem wichtigen Schwellenland. Politische Entwicklungen in Brasilien haben signifikante Auswirkungen auf die lokalen Asset-Märkte (Aktien, Anleihen, Währung) und können auch die Stimmung gegenüber Schwellenländern im Allgemeinen beeinflussen. Obwohl es sich um eine Prognose für die erste Runde handelt (und nicht um das Endergebnis), ist ein starkes Abschneiden eines Kandidaten ein wichtiger Indikator für die politische Landschaft und zukünftige wirtschaftliche Ausrichtung, was für globale Portfoliomanager relevant ist (Zone 2).",RISK_OFF,False,"Ein starkes Abschneiden eines Kandidaten wie Renan Santos, der oft als politischer Außenseiter oder Herausforderer des Establishments wahrgenommen wird, würde in der Regel zunächst politische Unsicherheit über die zukünftige Regierungsfähigkeit und mögliche Politikwechsel mit sich bringen. Märkte reagieren auf solche Entwicklungen oft mit einer erhöhten Risikoprämie und einem 'RISK_OFF'-Verhalten, bis die potenziellen Auswirkungen auf die Wirtschaft und Stabilität klarer sind. Es handelt sich um eine potenzielle Verschiebung der politischen Dynamik, die anfänglich als risikoerhöhend interpretiert wird."
2026-08-17T10:05:01.144938+00:00,2026-10-04T00:00:00Z,1365861,brazil-presidential-election-first-round-2nd-place,Will Flávio Bolsonaro finish in second place in the first round of the 2026 Brazilian presidential election?,289497.24475500005,0.845,active,"brazil, politics, world, global elections, elections, international election props",Politische Struktur & Wahlen,2,60,95,"Dieser Prognosemarkt befasst sich mit dem Ausgang der ersten Runde der brasilianischen Präsidentschaftswahlen 2026, einem Ereignis von erheblicher politischer und makroökonomischer Bedeutung für die größte Volkswirtschaft Lateinamerikas. Das Abschneiden von Flávio Bolsonaro, einem Mitglied einer politisch prominenten und polarisierenden Familie, ist ein wichtiger Indikator für die zukünftige politische Landschaft Brasiliens. Ein starkes Abschneiden (z.B. der zweite Platz) würde auf eine mögliche Rückkehr oder anhaltende Stärke einer bestimmten politischen Strömung hindeuten, die erhebliche Auswirkungen auf die Fiskalpolitik, Umweltregulierung, internationale Beziehungen und die institutionelle Stabilität des Landes haben könnte. Brasilien ist ein wichtiger Rohstoffproduzent und ein bedeutender Emerging Market; politische Unsicherheit oder große policy shifts dort können Volatilität in brasilianischen Vermögenswerten (Aktien, Anleihen, Währung) verursachen und sich auf andere Schwellenländer auswirken, weshalb es auf dem 'Manager-Radar' liegt. Da die Wahl noch in der Ferne liegt, ist der unmittelbare 'Impact Score' für die Frage des zweiten Platzes nicht maximal, aber hoch genug, um die Relevanz für Portfoliomanager hervorzuheben.",RISK_OFF,False,"Ein 'JA' in diesem Markt bedeutet, dass Flávio Bolsonaro in der ersten Runde der Wahlen 2026 den zweiten Platz belegt. Dies würde eine starke Performance eines Kandidaten der Bolsonaro-Familie signalisieren. Die Bolsonaro-Politik wird oft mit populistischeren Ansätzen, geringerer Umweltregulierung und gelegentlich institutionellen Spannungen in Verbindung gebracht. Eine solche Entwicklung würde für globale Multi-Faktor-Portfolios in der Regel eine erhöhte politische Unsicherheit und potenzielle Unvorhersehbarkeit der Wirtschaftspolitik in Brasilien bedeuten. Märkte bevorzugen im Allgemeinen Stabilität und berechenbare Politik. Eine starke Position eines potenziell polarisierenden Kandidaten wird daher tendenziell als risikoERHOEHEND (RISK_OFF) wahrgenommen, da sie Unsicherheit über zukünftige Regierungsführung und wirtschaftliche Richtung schüren kann."
2026-08-17T10:05:01.144976+00:00,2026-09-30T23:59:00Z,2646914,where-will-the-next-next-round-of-us-iran-peace-talks-beptptpt-20260623023740663,"Will no qualifying diplomatic US-Iran meeting occur by September 30, 2026?",753759.1006260002,0.6945,active,"iran, trump, vance, nuclear, us-iran, khamenei, politics, peace deal, geopolitics, u.s. x iran, nuclear deal, israel x iran, iran ceasefire",Geopolitischer & Militärischer Schock,2,75,95,"Das Ausbleiben eines qualifizierenden diplomatischen Treffens zwischen den USA und dem Iran bis September 2026 würde eine fortgesetzte diplomatische Sackgasse und erhöhte geopolitische Spannungen in einer kritischen Region bedeuten. Dies hat direkte Auswirkungen auf globale Ölmärkte, die Sicherheit von Schifffahrtswegen und die regionale Stabilität. Es ist ein Ereignis, das das Risikoprofil globaler Portfolios signifikant beeinflusst und auf dem Radar von Managern ist (Zone 2), ohne jedoch einen sofortigen globalen Panik-Kill-Switch auszulösen.",RISK_OFF,False,"Ein 'JA' auf diese Frage ('no qualifying diplomatic US-Iran meeting occur') bedeutet das Scheitern diplomatischer Bemühungen. Dies würde die Wahrscheinlichkeit weiterer Spannungen, Sanktionen und potenzieller Eskalationen erhöhen, was von den Märkten als risikoerhöhend ('RISK_OFF') interpretiert würde. Es handelt sich nicht um einen Normalisierungskontrakt, da das Eintreten der 'JA'-Seite eine Fortsetzung oder Verschlechterung eines angespannten Zustands darstellt."
2026-08-17T10:05:01.144986+00:00,2026-09-30T23:59:00Z,2646915,where-will-the-next-next-round-of-us-iran-peace-talks-beptptpt-20260623023740663,"Will the next diplomatic US-Iran meeting be in Oman by September 30, 2026?",370565.86040799995,0.039,active,"iran, trump, vance, nuclear, us-iran, khamenei, politics, peace deal, geopolitics, u.s. x iran, nuclear deal, israel x iran, iran ceasefire",Geopolitischer & Militärischer Schock,2,60,90,"Der Markt befasst sich mit einem potenziellen diplomatischen Treffen zwischen den USA und dem Iran. Die Beziehungen zwischen diesen beiden Ländern sind von globaler geopolitischer Bedeutung, da sie die Stabilität des Nahen Ostens, die globalen Energiemärkte (insbesondere durch die Kontrolle der Straße von Hormus) und die allgemeine internationale Sicherheitslage beeinflussen. Ein solches Treffen, auch wenn es nur eine Verhandlung signalisiert und nicht zwangsläufig einen Erfolg garantiert, wäre ein wichtiges Zeichen für den Versuch, Spannungen abzubauen oder zu managen. Es ist kein 'Kill-Switch'-Ereignis, das eine globale Panik auslösen würde (Zone 1), aber seine potenziellen Auswirkungen auf die Ölpreise und die regionale Stabilität machen es zu einem Ereignis, das von Fondsmanagern aufmerksam verfolgt wird (Zone 2). Der Impact Score spiegelt die mittel- bis langfristige Bedeutung eines solchen Dialogs wider, ohne eine sofortige, drastische Marktreaktion zu antizipieren, zumal der Zeithorizont bis 2026 reicht.",RISK_ON,True,"Ein 'JA' auf die Frage, ob ein diplomatisches Treffen zwischen den USA und dem Iran stattfinden wird, signalisiert eine Tendenz zur Deeskalation oder zumindest den Willen zum Dialog. Im Kontext der historisch angespannten Beziehungen und der hohen Risiken, die von einer Eskalation ausgehen, wird die Aufnahme oder Fortsetzung diplomatischer Kontakte an den Finanzmärkten typischerweise als risikoSENKEND ('RISK_ON') wahrgenommen. Es deutet darauf hin, dass die Parteien versuchen, Konflikte über Verhandlungen zu lösen, was die Unsicherheit reduziert und die Wahrscheinlichkeit eines militärischen Konflikts verringern kann. Dies stellt eine Bewegung in Richtung einer 'Normalisierung' des Umgangs miteinander dar, selbst wenn die zugrunde liegenden Probleme ungelöst bleiben."
2026-08-17T10:05:01.144996+00:00,2026-09-30T23:59:00Z,2646918,where-will-the-next-next-round-of-us-iran-peace-talks-beptptpt-20260623023740663,"Will the next diplomatic US-Iran meeting be in Qatar by September 30, 2026?",640393.1851929999,0.045,active,"iran, trump, vance, nuclear, us-iran, khamenei, politics, peace deal, geopolitics, u.s. x iran, nuclear deal, israel x iran, iran ceasefire",Geopolitischer & Militärischer Schock,2,70,90,"Der Markt bewertet die Wahrscheinlichkeit eines diplomatischen Treffens zwischen den USA und dem Iran. Die Beziehungen zwischen diesen beiden Akteuren haben erhebliche Auswirkungen auf globale Energiemärkte (insbesondere den Ölpreis durch die Meerenge von Hormuz), die regionale Stabilität im Nahen Osten und die breitere globale geopolitische Risikolandschaft. Die Durchführung oder das Ausbleiben solcher Treffen ist ein wichtiger Indikator für die Dynamik dieser Beziehung und gehört daher auf den Manager-Radar.",RISK_ON,True,"Ein 'JA' bedeutet, dass ein diplomatisches Treffen stattfindet. Diplomatische Gespräche, selbst zwischen angespannten Parteien wie den USA und dem Iran, werden in der Regel als ein Schritt zur Deeskalation von Spannungen, zur Vermeidung von Konflikten oder zumindest zur Aufrechterhaltung offener Kommunikationskanäle angesehen. Dies reduziert die Unsicherheit und das unmittelbare Eskalationsrisiko, was als 'RISK_ON'-Ereignis für globale Finanzmärkte interpretiert wird. Es ist eine Form der Normalisierung der diplomatischen Kommunikation."
2026-08-17T10:05:01.145008+00:00,2026-09-30T23:59:00Z,2646919,where-will-the-next-next-round-of-us-iran-peace-talks-beptptpt-20260623023740663,"Will the next diplomatic US-Iran meeting be in Switzerland by September 30, 2026?",483337.482763,0.105,active,"iran, trump, vance, nuclear, us-iran, khamenei, politics, peace deal, geopolitics, u.s. x iran, nuclear deal, israel x iran, iran ceasefire",Geopolitischer & Militärischer Schock,2,70,90,"Die Beziehungen zwischen den USA und dem Iran sind ein zentraler Faktor für die globale Geopolitik, insbesondere im Hinblick auf Energiemärkte, regionale Stabilität im Nahen Osten und globale Handelsrouten (z.B. die Straße von Hormus). Ein diplomatisches Treffen, insbesondere nach Perioden der Spannung, signalisiert einen Versuch zur Deeskalation oder zur Verwaltung von Differenzen. Dies ist für Portfoliomanager von hoher Relevanz, um geopolitische Risiken zu bewerten und zukünftige Entwicklungen abzuschätzen. Obwohl es kein globales Panikereignis ('Kill-Switch') ist, liegt es klar im Fokus von Risikomanagern.",RISK_ON,True,"Die 'JA'-Seite dieses Prognosemarktes, d.h. das Zustandekommen eines diplomatischen Treffens zwischen den USA und dem Iran, wird von den globalen Finanzmärkten in der Regel als risikoSENKEND bewertet. Diplomatische Gespräche zwischen großen Akteuren, insbesondere nach Phasen der Konfrontation oder mangelnder Kommunikation, signalisieren einen Versuch zur Problemlösung, Deeskalation und Risikominimierung. Dies reduziert die Unsicherheit und die Wahrscheinlichkeit eines direkten Konflikts, was zu einer erhöhten Risikobereitschaft ('RISK_ON') an den Märkten führen kann. Es stellt eine Rückkehr zu einer 'normaleren' Form der internationalen Beziehungen dar, wo Dialog anstelle von Eskalation gesucht wird."
2026-08-17T10:05:01.145028+00:00,2026-09-30T23:59:00Z,2646928,where-will-the-next-next-round-of-us-iran-peace-talks-beptptpt-20260623023740663,"Will the next diplomatic US-Iran meeting be in Pakistan by September 30, 2026?",280386.5718360001,0.0885,active,"iran, trump, vance, nuclear, us-iran, khamenei, politics, peace deal, geopolitics, u.s. x iran, nuclear deal, israel x iran, iran ceasefire",Geopolitischer & Militärischer Schock,2,65,90,"Dieser Markt bewertet die Wahrscheinlichkeit eines diplomatischen Treffens zwischen den USA und Iran. Die Beziehungen zwischen diesen beiden global wichtigen Akteuren haben signifikante Auswirkungen auf die geopolitische Stabilität, insbesondere im Nahen Osten, und beeinflussen indirekt die globalen Energiemärkte und die Risikobereitschaft an den Finanzmärkten. Ein solches Treffen wäre ein wichtiger Indikator für potenzielle Deeskalation oder die Suche nach Lösungen in einem hochspannenden Verhältnis und ist daher für Portfolio-Manager relevant, aber kein unmittelbares 'Kill-Switch'-Ereignis.",RISK_ON,True,"Die 'JA'-Seite, d.h. das Zustandekommen eines diplomatischen Treffens, signalisiert im Allgemeinen eine Bereitschaft zum Dialog und potenziell zur Deeskalation. Dies würde als eine Verringerung der geopolitischen Unsicherheit und Spannung wahrgenommen werden, was typischerweise ein 'RISK_ON'-Signal für die globalen Finanzmärkte darstellt. Es ist eine Rückkehr zu einem (diplomatisch) 'normaleren' Umgang oder zumindest der Versuch dazu, weg von reiner Konfrontation."
2026-08-17T10:05:01.699401+00:00,2026-12-31T00:00:00Z,1090496,nato-x-russia-military-clash-in-2025,"NATO x Russia military clash by December 31, 2026?",1230334.6946369999,0.215,active,"nato, trump presidency, trump, russia, geopolitics, world, ukraine",Geopolitischer & Militärischer Schock,1,98,95,"Ein direkter militärischer Konflikt zwischen der NATO und Russland würde einen globalen, unmittelbaren Schock für alle Finanzmärkte, geopolitischen Beziehungen und globalen Lieferketten darstellen. Es wäre ein Ereignis von potenziell katastrophalem Ausmaß mit dem Risiko einer Eskalation, einschließlich nuklearer Risiken. Dies würde eine sofortige und massive globale Panik auslösen, die das gesamte System destabilisieren könnte.",RISK_OFF,False,"Ein militärischer Zusammenstoß zwischen der NATO und Russland ist ein Ereignis, das die globale Risikobereitschaft massiv reduzieren und einen starken 'Flight to Safety' auslösen würde. Die 'JA'-Seite dieses Prognosemarktes bezeichnet das Eintreten eines höchst risikoreichen und destabilisierenden Ereignisses, nicht die Rückkehr zu einer Normalität."
2026-08-17T10:05:01.699472+00:00,2026-11-03T00:00:00Z,562793,which-party-will-win-the-senate-in-2026,Will the Democratic Party control the Senate after the 2026 Midterm elections?,2275332.8299379996,0.505,active,"senate, parent for derivative, united states, us election, politics, midterms, world elections, elections, global elections, earn 4%, congress, main election",Politische Struktur & Wahlen,2,70,90,"Die Frage betrifft die Kontrolle über den US-Senat nach den Zwischenwahlen 2026. Dies ist ein zentrales Ereignis der politischen Struktur in einer der größten Volkswirtschaften der Welt. Der Ausgang kann erhebliche Auswirkungen auf die Fiskalpolitik (Steuern, Ausgaben), die Regulierung (Energie, Technologie, Finanzen) und die allgemeine Wirtschaftsstrategie der USA haben. Solche politischen Weichenstellungen sind für ein globales Multi-Faktor-Portfolio von mittlerer bis hoher Relevanz (Zone 2, Manager-Radar), da sie fundamentale Annahmen über zukünftige Marktbedingungen und Sektorperformance beeinflussen. Der Impact Score von 70 reflektiert die potenzielle Verschiebung in der politischen Agenda und deren Auswirkungen auf globale Kapitalflüsse und Investitionsentscheidungen über einen mittelfristigen Zeithorizont.",RISK_OFF,False,"Die 'JA'-Seite des Kontrakts, d.h., die Demokratische Partei kontrolliert den Senat, wird in der Regel als ein Ereignis mit potenziellem 'RISK_OFF'-Charakter für ein breites globales Multi-Faktor-Portfolio interpretiert. Dies liegt daran, dass eine demokratische Kontrolle oft mit einer erhöhten Wahrscheinlichkeit für höhere Unternehmenssteuern, stärkere Regulierung in bestimmten Sektoren (z.B. Energie, Technologie) und/oder einer expansiveren Fiskalpolitik verbunden ist, die Inflationsdruck erzeugen könnte. Diese politischen Richtungswechsel können die Unternehmensgewinne belasten und zu einer Neubewertung von Risikoaktiva führen, was Investoren dazu veranlasst, sich in sicherere Anlagen zu bewegen. Es handelt sich hierbei nicht um die Rückkehr zu einem Normalzustand, daher ist 'is_normalization' auf 'false' gesetzt."
2026-08-17T10:05:01.699483+00:00,2026-11-03T00:00:00Z,562794,which-party-will-win-the-senate-in-2026,Will the Republican Party control the Senate after the 2026 Midterm elections?,1606050.7495349997,0.485,active,"senate, parent for derivative, united states, us election, politics, midterms, world elections, elections, global elections, earn 4%, congress, main election",Politische Struktur & Wahlen,2,65,90,"Dieser Markt bezieht sich auf den Ausgang von Midterm-Wahlen in den USA und die Kontrolle über eine der beiden Kammern des US-Kongresses. Die politische Zusammensetzung des US-Senats hat weitreichende Implikationen für die Fiskalpolitik (Steuern, Ausgaben, Staatsverschuldung), die Regulierung, die Richterernennungen sowie die Außen- und Handelspolitik der USA. Diese Faktoren beeinflussen direkt das globale Finanzsystem, die Marktstimmung und die Aussichten für verschiedene Sektoren und Währungen. Es ist kein systemisches 'Kill-Switch'-Ereignis (Zone 1), aber die politischen Weichenstellungen der USA sind für jeden globalen Portfolio-Manager von zentraler Bedeutung (Zone 2). Obwohl die Wahlen erst 2026 stattfinden, liefert dieser Markt frühzeitig Signale über mögliche zukünftige Politikänderungen, die eine strategische Positionierung erfordern können. Ein Score von 65 reflektiert die hohe Relevanz des Ereignisses für die mittel- bis langfristige Portfolioausrichtung, auch wenn die direkte Auswirkung des Prognosemarktes selbst nicht einem sofortigen Schock gleichkommt.",RISK_OFF,False,"Die JA-Seite, 'die Republikanische Partei wird den Senat kontrollieren', stellt eine potenzielle Änderung der Machtverhältnisse und somit der politischen Agenda dar. Während spezifische Politikmaßnahmen (z.B. Steuersenkungen, Deregulierung) von bestimmten Sektoren als positiv (RISK_ON) wahrgenommen werden könnten, führt ein Machtwechsel an sich oft zu einer Periode der Unsicherheit bezüglich der zukünftigen Fiskal-, Regulierungs- und Außenpolitik. Diese Unsicherheit und die Notwendigkeit, neue politische Szenarien zu bewerten, veranlassen Anleger in der Regel zu einer vorsichtigeren Haltung, was insgesamt als 'RISK_OFF' interpretiert wird. Es ist keine Rückkehr zur Normalität, sondern eine potenzielle Neuausrichtung."
2026-08-17T10:05:01.699517+00:00,2026-09-30T00:00:00Z,2774057,strait-of-hormuz-traffic-returns-to-normal-by-september-30-20260702154339440,Strait of Hormuz traffic returns to normal by September 30?,3676647.6942379996,0.105,active,"oil, iran, politics, geopolitics, strait of hormuz",Geopolitischer & Militärischer Schock,1,85,95,"Die Straße von Hormus ist ein kritischer Knotenpunkt für den weltweiten Öltransport, durch den etwa ein Fünftel des globalen Ölbedarfs abgewickelt wird. Eine Störung oder Blockade dieses Seewegs würde zu einem massiven Anstieg der Ölpreise führen, globale Lieferketten massiv beeinträchtigen und hätte potenziell destabilisierende Auswirkungen auf die Weltwirtschaft, was unweigerlich Zone 1 auslösen würde. Das Szenario einer Normalisierung adressiert die Beilegung einer solchen potenziellen oder bestehenden Krise.",RISK_ON,True,"Die Rückkehr zur Normalität im Verkehr durch die Straße von Hormus signalisiert eine Deeskalation geopolitischer Risiken und eine stabilisierte globale Energieversorgung. Dies wirkt sich positiv auf die Rohstoffmärkte, die Inflationserwartungen und die allgemeine Marktstimmung aus, da ein großes Tail-Risiko gemindert wird."
2026-08-17T10:05:01.699531+00:00,2026-11-03T00:00:00Z,648383,billionaire-one-time-wealth-tax-passes-in-california-election-2026,Billionaire one-time wealth tax passes in California election 2026?,3665827.1831650003,0.275,active,"taxes, referendum, referendums midterms, fiscal, politics, elections",Politische Struktur & Wahlen,2,60,95,"Kalifornien ist die fünftgrößte Volkswirtschaft der Welt. Eine Vermögenssteuer, selbst wenn sie einmalig ist, kann erhebliche Auswirkungen auf Investitionsentscheidungen, Kapitalflucht und die Attraktivität des Standorts für sehr vermögende Privatpersonen haben, die oft erhebliche Kapitalmengen kontrollieren. Das Ereignis birgt das Potenzial, Präzedenzfälle für andere US-Bundesstaaten oder sogar für die Bundespolitik zu schaffen und somit die regulatorische Landschaft für Kapital und Investitionen zu verändern. Für ein globales Multi-Faktor-Portfolio ist dies ein Ereignis, das auf dem Radar der Manager sein sollte, um mögliche Kapitalumschichtungen oder Sektorrotationen zu antizipieren.",RISK_OFF,False,"Das Inkrafttreten einer Vermögenssteuer erhöht die Unsicherheit für Kapitalanleger und vermögende Privatpersonen. Es signalisiert ein potenziell weniger kapitalfreundliches Umfeld, was zu Kapitalflucht, reduzierten Investitionen in betroffenen Regionen und einer Neubewertung von Risikoprämien führen kann. Die 'JA'-Seite des Kontrakts deutet auf eine erhöhte regulatorische und steuerliche Belastung hin, die als risikosteigernd für Kapitalmärkte und Portfolios im Allgemeinen betrachtet wird."
2026-08-17T10:05:01.699587+00:00,2026-12-31T00:00:00Z,2374271,will-ukraine-recapture-crimean-territory-by-june-30-2026,"Will Ukraine recapture Crimean territory by December 31, 2026?",2590727.0014990005,0.075,active,"world, russia, ukraine map, geopolitics, politics",Geopolitischer & Militärischer Schock,1,85,95,"Der mögliche Rückeroberung der Krim durch die Ukraine bis Ende 2026 stellt eine fundamentale Veränderung in einem bereits global relevanten geopolitischen und militärischen Konflikt dar. Die Krim ist für Russland von immenser strategischer und symbolischer Bedeutung. Ein solcher Ausgang würde zu extremer Unsicherheit bezüglich der russischen Reaktion, einer potenziellen Eskalation des Konflikts (einschließlich nuklearer Rhetorik/Drohungen) und weitreichenden Störungen der globalen Energie- und Rohstoffmärkte, Lieferketten sowie der geopolitischen Stabilität führen. Dies birgt das Potenzial für einen schweren globalen Crash und ist daher als Kill-Switch-Ereignis (Zone 1) einzustufen.",RISK_OFF,False,"Die 'JA'-Seite des Prognosemarktes (Ukraine erobert die Krim zurück) stellt ein erhebliches risikosteigerndes Ereignis dar. Ein solcher Schritt würde von Russland voraussichtlich als existenzielle Bedrohung oder demütigende Niederlage wahrgenommen werden, was unvorhersehbare, potenziell extrem aggressive und destabilisierende Reaktionen hervorrufen könnte. Die daraus resultierende Unsicherheit und die potenzielle Eskalation würden eine Flucht in sichere Häfen auslösen und die globalen Finanzmärkte stark belasten. Es handelt sich hierbei nicht um eine Rückkehr zur Normalität, sondern um eine Zuspitzung der Lage."
2026-08-17T10:05:01.699621+00:00,2026-12-31T00:00:00Z,677315,israel-and-indonesia-normalize-relations-by,"Israel and Indonesia normalize relations by December 31, 2026?",532071.6051639998,0.1,active,"israel, world, geopolitics, indonesia, middle east, politics",Geopolitischer & Militärischer Schock,2,55,90,"Die mögliche Normalisierung der Beziehungen zwischen Israel und Indonesien wäre ein bedeutendes geopolitisches Ereignis. Indonesien ist die bevölkerungsreichste muslimische Nation und eine große Wirtschaftsmacht (G20), während Israel eine führende Rolle in der Technologie und der regionalen Geopolitik des Nahen Ostens spielt. Eine solche Normalisierung würde weitreichende diplomatische, wirtschaftliche und kulturelle Auswirkungen haben, indem sie potenziell neue Handelswege und Investitionsmöglichkeiten eröffnet und die regionale Stabilität fördert, insbesondere im Kontext der 'Abraham Accords'. Obwohl es sich nicht um einen globalen Crash-Auslöser handelt (Zone 1), ist es ein Ereignis, das Portfolio-Manager aufgrund seiner potenziellen 'Risk-On'-Implikationen und der Verschiebung globaler Allianzen auf dem Radar haben sollten (Zone 2). Der Cluster 'Geopolitischer & Militärischer Schock' wird hier im weiteren Sinne für bedeutende geopolitische Ereignisse genutzt, auch wenn es sich um eine positive Entwicklung und nicht um einen 'Schock' im negativen Sinne handelt. Der Impact Score von 55 reflektiert die hohe symbolische und wirtschaftliche Bedeutung dieser beiden Nationen für ihre jeweiligen Regionen und darüber hinaus.",RISK_ON,True,"Die Normalisierung von Beziehungen ist per Definition ein risikoSENKENDES Ereignis. Sie reduziert politische und wirtschaftliche Unsicherheiten zwischen den betroffenen Staaten und darüber hinaus, fördert den Handel, Investitionen und die regionale Zusammenarbeit, was zu einem insgesamt positiveren Marktsentiment ('RISK_ON') führt."
2026-08-17T10:05:01.699647+00:00,2026-12-31T20:00:00Z,2747434,will-hamaz-disarm-by-december-31,Will Hamas agree to disarm by December 31?,1390290.7564269993,0.41,active,"gaza, geopolitics, politics, global, foreign policy, israel",Geopolitischer & Militärischer Schock,2,85,95,"Dieser Prognosemarkt adressiert eine mögliche signifikante Deeskalation in einem der global kritischsten geopolitischen Konfliktherde. Eine Entwaffnung der Hamas würde das Risiko einer breiteren regionalen Eskalation drastisch mindern, was weitreichende positive Auswirkungen auf die globalen Energiemärkte (insbesondere Ölpreise), die Sicherheit wichtiger Handelsrouten und das allgemeine globale Risikoempfinden hätte. Obwohl ein solches Ereignis keine globale Panik auslösen würde (Zone 1), würde es jedoch die Wahrscheinlichkeit eines 'Kill-Switch'-Ereignisses durch Eskalation erheblich reduzieren und erfordert eine unmittelbare Neubewertung des Portfoliorisikos und der Asset-Allokation auf globaler Ebene. Der Impact Score spiegelt die hohe Bedeutung für die globale Risikobereitschaft und die Preisbildung von Vermögenswerten wider.",RISK_ON,True,"Die 'JA'-Seite dieses Marktes ('Hamas stimmt Entwaffnung zu') stellt eine fundamentale Reduzierung militärischer und geopolitischer Unsicherheit dar. Dies ist ein risikoSENKENDES Ereignis, das die Investorensentiment positiv beeinflussen und eine erhöhte Risikobereitschaft fördern würde ('RISK_ON'). Es wäre ein entscheidender Schritt in Richtung einer Normalisierung der Lage in der Region und somit eine Rückkehr zu stabileren Verhältnissen."
2026-08-17T10:05:01.699683+00:00,2026-12-31T00:00:00Z,1388704,will-samuel-alito-announce-his-retirement-by,"Will Samuel Alito announce his retirement by December 31, 2026?",813910.5013409999,0.055,active,"politics, supreme court , courts, alito, scotus",Politische Struktur & Wahlen,3,3,95,"Die mögliche Pensionierung eines einzelnen Richters am US Supreme Court ist ein Ereignis von primär innenpolitischer und juristischer Natur in den Vereinigten Staaten. Während dies die politische Landschaft und die zukünftige Gesetzgebung der USA beeinflussen kann, ist der direkte Einfluss auf globale Finanzmärkte oder ein globales Multi-Faktor-Portfolio als vernachlässigbar einzustufen. Es handelt sich nicht um ein systemisches Risiko, einen makroökonomischen Treiber oder einen geopolitischen Schock, der über die US-Grenzen hinaus signifikante Auswirkungen hätte. Die Entscheidungen des Supreme Courts wirken sich zwar auf spezifische Sektoren oder Unternehmen in den USA aus, aber ein einzelner Richterwechsel wird in einem globalen Kontext als Rauschen wahrgenommen.",RISK_OFF,False,"Obwohl der globale finanzielle Impact extrem gering ist, kann jede Veränderung in der Zusammensetzung einer wichtigen politischen oder juristischen Institution (wie dem US Supreme Court), die potenziell zu einer Verschiebung der Machtverhältnisse oder zukünftiger politischer/juristischer Richtungen führen könnte, theoretisch als eine minimale Erhöhung der politischen Unsicherheit interpretiert werden. Eine solche Unsicherheit, selbst auf einem so geringen Niveau, würde eher zu einem 'RISK_OFF'-Sentiment tendieren, falls sie überhaupt wahrgenommen wird. Es handelt sich hier jedoch um eine sehr marginale Interpretation angesichts der geringen Relevanz des Ereignisses für globale Märkte."
2026-08-17T10:05:01.699707+00:00,2026-12-31T00:00:00Z,1107381,us-strike-on-mexico-by,US strike on Mexico by December 31?,714829.638746,0.125,active,"mexico cartel war, mencho, trump, foreign policy, geopolitics, politics, venezuela",Geopolitischer & Militärischer Schock,1,88,95,"Ein US-Militärschlag gegen Mexiko wäre ein beispielloses und extrem destabilisierendes geopolitisches Ereignis. Mexiko ist ein direkter Nachbar und massiver Handelspartner der USA, mit tief integrierten Lieferketten (USMCA). Ein solcher Konflikt würde zu massiven Störungen des internationalen Handels, insbesondere in Nordamerika, extremen Schwankungen an den Rohstoffmärkten (insbesondere Öl), Währungsturbulenzen und einer globalen Flucht in sichere Häfen führen. Die Auswirkungen auf das globale Wachstum und die Finanzmarktstabilität wären schwerwiegend und würden einen weltweiten 'Risk-Off'-Modus auslösen, der potenziell einen globalen Crash auslösen könnte.",RISK_OFF,False,"Die 'JA'-Seite dieses Kontrakts beschreibt den Ausbruch eines militärischen Konflikts zwischen zwei wichtigen Ländern. Dies ist per Definition ein ereignisverschärfendes Risiko, das zu erhöhter Unsicherheit, wirtschaftlicher Störung und einer Flucht aus Risikoanlagen führt."
2026-08-17T10:05:01.699723+00:00,2027-01-01T12:00:00Z,2299952,will-anthropics-valuation-hit-by-december-31,Will Anthropic's valuation hit (HIGH) $3.0T by December 31?,713639.2159709999,0.38,active,"finance, privates, llm, anthropic, dario amodei, claude, big tech, ai, anthropic ipo",Sektorale & Unternehmensereignisse,2,70,90,"Die Bewertung eines einzelnen Unternehmens, selbst wenn sie extrem hoch ist wie $3.0T für Anthropic, ist primär ein 'Sektorales & Unternehmensereignis'. Es ist zwar kein globales Panikereignis (Zone 1), würde aber aufgrund der enormen Implikationen für den AI-Sektor, die gesamte Tech-Branche und die breitere Marktstimmung (Kapitalflüsse, Risikobereitschaft, Sektorrotation) eine signifikante Beobachtung für globale Portfoliomanager darstellen (Zone 2). Der Impact Score ist hoch, da eine solche Bewertung eine beispiellose Überhitzung und spekulative Exuberanz im AI-Sektor signalisieren würde, mit potenziellen Ansteckungseffekten.",RISK_OFF,False,"Eine Bewertung von $3.0T für Anthropic würde extreme spekulative Exuberanz im AI-Sektor und darüber hinaus signalisieren. Aus Sicht eines quantitativen Risikoanalysten für ein globales Multi-Faktor-Portfolio erhöht eine solche Überhitzung die Wahrscheinlichkeit von zukünftigen Korrekturen, die Volatilität und die Systemrisiken durch potenzielle Fehlallokation von Kapital. Eine 'JA'-Antwort auf eine extrem hohe Bewertung wird daher als risikoERHÖHEND ('RISK_OFF') interpretiert, da sie auf eine potenzielle Blasenbildung und erhöhte Marktfragilität hindeutet und nicht als Rückkehr zur Normalität oder Risikominderung zu werten ist."
2026-08-17T10:05:01.699733+00:00,2027-01-01T12:00:00Z,2299953,will-anthropics-valuation-hit-by-december-31,Will Anthropic's valuation hit (HIGH) $2.5T by December 31?,322739.63977300003,0.545,active,"finance, privates, llm, anthropic, dario amodei, claude, big tech, ai, anthropic ipo",Sektorale & Unternehmensereignisse,2,65,90,"Die Bewertung von Anthropic auf 2,5 Billionen USD wäre ein außergewöhnliches Ereignis für den KI-Sektor und den breiteren Technologiemarkt. Dies würde ein extremes Maß an Investorenvertrauen und Kapitalzufluss in einen der wichtigsten globalen Wachstumstreiber signalisieren. Obwohl es Bedenken hinsichtlich einer möglichen Überbewertung oder Blasenbildung aufwerfen könnte, wäre es in erster Linie ein starker Indikator für die Dynamik und Richtung des Technologiemarktes. Für ein globales Multi-Faktor-Portfolio ist dies ein Ereignis, das vom 'Manager-Radar' erfasst werden und Entscheidungen bezüglich Sektorgewichtungen, Wachstumsstrategien und der Bewertung des allgemeinen Marktsentiments beeinflussen würde.",RISK_ON,False,"Das Erreichen einer so hohen Bewertung durch ein führendes KI-Unternehmen würde weithin als starkes Signal des Anlegervertrauens in den KI-Sektor und den breiteren Technologiemarkt interpretiert werden. Dies würde im Allgemeinen eine 'RISK_ON'-Stimmung befeuern, die die Kapitalallokation in Wachstumsanlagen und Aktienmärkte fördert, auch wenn möglicherweise Bedenken hinsichtlich einer Marktexuberanz bestehen bleiben."
2026-08-17T10:05:01.699742+00:00,2027-01-01T12:00:00Z,2299954,will-anthropics-valuation-hit-by-december-31,Will Anthropic's valuation hit (HIGH) $2.0T by December 31?,509745.71426900005,0.685,active,"finance, privates, llm, anthropic, dario amodei, claude, big tech, ai, anthropic ipo",Sektorale & Unternehmensereignisse,2,45,88,"Die Bewertung eines einzelnen, auch wenn führenden, privaten Unternehmens wie Anthropic fällt in die Kategorie 'Sektorale & Unternehmensereignisse'. Eine potenzielle Bewertung von $2.0T würde jedoch extreme Euphorie und Kapitalkonzentration im KI-Sektor signalisieren. Dies ist für einen Manager eines globalen Multi-Faktor-Portfolios relevant, um potenzielle Blasenbildung oder Überhitzung in einem wichtigen Wachstumssektor zu überwachen und die entsprechenden Faktor- und Sektorexpositionen zu bewerten, was es zu einem 'Manager-Radar'-Ereignis (Zone 2) macht.",RISK_OFF,False,"Das Erreichen einer extrem hohen Bewertung von $2.0T für Anthropic (JA-Seite) würde auf eine spekulative Überhitzung und potenzielle Überbewertung im KI-Sektor hindeuten. Aus der Sicht eines quantitativen Risikoanalysten erhöht dies die Wahrscheinlichkeit zukünftiger Korrekturen oder Volatilität in Wachstumstiteln und im Technologiesektor insgesamt, was als ein risikoerhöhendes Ereignis ('RISK_OFF') zu werten ist."
2026-08-17T10:05:01.699751+00:00,2027-01-01T12:00:00Z,2299955,will-anthropics-valuation-hit-by-december-31,Will Anthropic's valuation hit (HIGH) $1.75T by December 31?,526810.1089439999,0.775,active,"finance, privates, llm, anthropic, dario amodei, claude, big tech, ai, anthropic ipo",Sektorale & Unternehmensereignisse,2,60,90,"Die Bewertung eines einzelnen Unternehmens, selbst eines großen Akteurs im KI-Sektor wie Anthropic, ist primär ein sektorspezifisches Ereignis. Für ein globales Multi-Faktor-Portfolio ist dies kein systemisches Risiko, aber ein signifikanter Indikator für die Dynamik und die Investorenstimmung im Technologie- und Wachstumssegment (Zone 2). Eine extrem hohe Bewertung von $1.75T würde auf eine außergewöhnliche Kapitalallokation und möglicherweise Überhitzung im KI-Sektor hindeuten, was ein wichtiger Datenpunkt für die sektorale Allokation und Risikobewertung ist.",RISK_OFF,False,"Das Erreichen einer so hohen Bewertung deutet auf extreme Spekulation und möglicherweise eine Blasenbildung im KI-Sektor hin. Dies könnte zukünftige Korrekturen oder eine erhöhte Volatilität signalisieren und stellt somit ein risikoerhöhendes Szenario (RISK_OFF) für einen diversifizierten globalen Portfolioanalysten dar, der Konzentrations- und Bewertungsrisiken überwacht."
2026-08-17T10:05:01.699763+00:00,2027-01-01T12:00:00Z,2307824,will-anthropics-valuation-hit-by-december-31,Will Anthropic's valuation hit (HIGH) $4.0T by December 31?,447371.21622899995,0.112,active,"finance, privates, llm, anthropic, dario amodei, claude, big tech, ai, anthropic ipo",Sektorale & Unternehmensereignisse,2,55,90,"Dieser Markt befasst sich mit der äußerst ambitionierten Bewertung eines führenden KI-Unternehmens, Anthropic, das bis zum Jahresende 4,0 Billionen US-Dollar erreichen soll. Obwohl spezifisch für ein einzelnes Unternehmen, ist der KI-Sektor ein entscheidender Bereich für globale Innovation und Investitionen. Eine solche Bewertung würde als starkes Signal für die Anlegerstimmung, die Kapitalallokation in den breiteren Technologie- und KI-Sektoren und potenzielle Marktexuberanz oder zukünftige Wachstumschancen dienen. Es handelt sich nicht um ein systemisches Risiko oder ein makroökonomisches Ereignis, aber es ist ein wichtiger Trendindikator für Manager, die sektorale Entwicklungen und Verschiebungen in der Risikobereitschaft beobachten.",RISK_ON,False,"Das 'JA'-Ergebnis bedeutet eine außergewöhnlich hohe Bewertung für einen wichtigen KI-Akteur, was extremen Anlegeroptimismus und eine starke 'RISK_ON'-Stimmung gegenüber den Technologie- und Wachstumssektoren widerspiegelt. Ein solches Ereignis würde wahrscheinlich weitere Kapitalflüsse in risikoreichere Anlagen und wachstumsstarke Unternehmen fördern und somit eine erhöhte Risikobereitschaft im Markt anzeigen."
2026-08-17T10:05:01.699786+00:00,2026-12-31T00:00:00Z,2166671,next-prime-minister-of-romania-732,Will Sorin Grindeanu be the next Prime Minister of Romania?,439867.5779440001,0.2295,active,"politics, main election, global elections, elections, romania, bolojat, romania government",Politische Struktur & Wahlen,3,3,95,"Der Markt bezieht sich auf die mögliche Ernennung von Sorin Grindeanu zum Premierminister von Rumänien. Rumänien ist ein EU-Mitgliedstaat, aber seine interne Politik, insbesondere die Besetzung des Premierministeramtes, hat typischerweise keine direkten oder systemischen Auswirkungen auf die globalen Finanzmärkte oder das Risikoprofil eines globalen Multi-Faktor-Portfolios. Das Ereignis ist hochgradig lokalisiert und generiert kein globales Panikereignis (Zone 1) und ist auch nicht von Relevanz für das 'Manager-Radar' auf globaler Ebene (Zone 2). Es fällt in die Kategorie des 'Rauschens' (Zone 3) für eine solche Portfoliobetrachtung.",RISK_ON,False,"Die Ernennung eines Premierministers signalisiert in der Regel die Bildung einer Regierung und die Beendigung einer Phase politischer Unsicherheit. Diese Auflösung von Unsicherheit ist, auch wenn sie nur lokal relevant ist, tendenziell ein stabilisierender Faktor und damit im weitesten Sinne ein 'RISK_ON'-Ereignis für die lokalen Märkte. Für die globalen Finanzmärkte ist die Wirkrichtung aufgrund des geringen Impacts vernachlässigbar."
2026-08-17T10:05:01.699827+00:00,2026-12-31T00:00:00Z,678686,where-will-2026-rank-among-the-hottest-years-on-record,Will 2026 be the hottest year on record?,568209.0498509998,0.695,active,"weather & science, science, culture, global temp, weather, climate & science",Systemische Stabilitätsrisiken,2,80,90,"Ein 'heißestes Jahr aller Zeiten' ist ein deutliches Symptom und ein Katalysator für die Beschleunigung des Klimawandels, der als eine der größten systemischen Bedrohungen für die globale Stabilität gilt. Die Wahrscheinlichkeit extremer Wetterereignisse (Dürren, Überschwemmungen, Hitzewellen), Ernteausfälle, Wassermangel, Infrastrukturschäden und Migration nimmt zu. Dies hat weitreichende Auswirkungen auf globale Lieferketten, die Energieversorgung, die öffentliche Gesundheit und die soziale Kohäsion, was letztendlich die makroökonomische Stabilität und die Finanzmärkte beeinträchtigt. Obwohl ein einzelnes Jahr nicht unmittelbar zu einem 'Kill-Switch'-Szenario führt, ist es ein entscheidendes Signal, das von Portfoliomanagern sorgfältig in ihre Risikomodelle und strategische Allokation integriert werden muss, um langfristige systemische Risiken zu bewerten.",RISK_OFF,False,"Die 'JA'-Seite des Kontrakts (2026 ist das heißeste Jahr) deutet auf eine Eskalation der Klimarisiken hin. Dies würde voraussichtlich zu erhöhter Marktunsicherheit, einer Neubewertung von Vermögenswerten, die anfällig für Klimafolgen oder Übergangsrisiken sind, einem Anstieg der Risikoprämien und einem allgemeinen 'Flight to Safety' führen. Die Erwartung höherer wirtschaftlicher Schäden, regulatorischer Eingriffe und potenzieller sozialer Unruhen durch den Klimawandel würde das Investitionsklima verschlechtern und Risikoanlagen unter Druck setzen."
2026-08-17T10:05:01.699836+00:00,2026-12-31T00:00:00Z,678687,where-will-2026-rank-among-the-hottest-years-on-record,Will 2026 be the second-hottest year on record?,391600.1447109999,0.275,active,"weather & science, science, culture, global temp, weather, climate & science",Systemische Stabilitätsrisiken,2,70,95,"Ein Rekordjahr hinsichtlich der globalen Temperatur (zweitheißestes Jahr) ist ein starker Indikator für eine sich beschleunigende Klimakrise. Dies erhöht systemische Risiken in globalen Bereichen wie Landwirtschaft, Wasserversorgung, Energieinfrastruktur, menschlicher Gesundheit und Migration. Auch wenn es kein unmittelbares 'Kill-Switch'-Ereignis ist, stellt es ein kritisches Signal für das 'Manager-Radar' dar, das langfristige Portfoliorisiken beeinflusst und potenziell kaskadierende negative Effekte über die Zeit auslösen kann, die zu ernsthaften wirtschaftlichen und sozialen Verwerfungen führen.",RISK_OFF,False,"Wenn 2026 das zweitheißeste Jahr seit Beginn der Aufzeichnungen wird, deutet dies auf eine Verschlechterung der Klimasituation hin. Diese erhöhte Umweltbelastung geht mit einem höheren Potenzial für wirtschaftliche Störungen, steigende Kosten und größere Unsicherheit einher, was generell ein risikoerhöhendes (RISK_OFF) Szenario für Finanzmärkte darstellt."
2026-08-17T10:05:01.699874+00:00,2026-12-31T00:00:00Z,1107878,will-the-us-invade-cuba-in-2026,Will the U.S. invade Cuba in 2026?,3256307.2241230006,0.075,active,"cuba, politics, geopolitics, venezuela",Geopolitischer & Militärischer Schock,2,75,95,"Eine US-Invasion Kubas wäre ein bedeutendes geopolitisches und militärisches Ereignis. Es würde zu erheblicher regionaler Instabilität führen, die US-Außenpolitik und globale Beziehungen stark beeinflussen und ein klares 'RISK_OFF'-Signal an die globalen Finanzmärkte senden. Obwohl es unwahrscheinlich ist, einen direkten 'Kill-Switch' für die Weltwirtschaft auszulösen, würde es auf dem Radar jedes Portfolio-Managers erscheinen und weitreichende Konsequenzen für Risikobereitschaft, Rohstoffpreise und spezifische Sektoren haben.",RISK_OFF,False,"Die 'JA'-Seite dieses Marktes – dass die USA in Kuba einmarschieren – stellt einen militärischen Konflikt und eine Eskalation dar. Dies ist per Definition ein risikoerhöhendes, destabilisierendes Ereignis, das zu Unsicherheit und einer Flucht in sichere Häfen (RISK_OFF) führen würde."
2026-08-17T10:05:01.699888+00:00,2026-09-20T00:00:00Z,789953,berlin-state-election-winner,Will AfD win the most seats in the 2026 Berlin state elections?,2367841.060632,0.1515,active,"world elections, world, german elections, main election, global elections, politics, elections, germany",Politische Struktur & Wahlen,2,25,90,"Dieser Markt bewertet das Ergebnis der Landtagswahlen in Berlin und den möglichen Erfolg der AfD. Obwohl eine Landtagswahl, selbst in der Hauptstadt einer wichtigen europäischen Volkswirtschaft wie Deutschland, typischerweise nur begrenzte direkte Auswirkungen auf die globalen Finanzmärkte hat, ist der Aufstieg populistischer Parteien wie der AfD ein breiteres Thema von Bedeutung. Ein Sieg könnte weitere politische Verschiebungen in Deutschland signalisieren, nationale Politiken und die europäische Stabilität beeinflussen und damit die Anlegerstimmung gegenüber deutschen und europäischen Vermögenswerten prägen. Für ein globales Portfolio ist dies ein Datenpunkt, der auf potenzielles politisches Risiko und Instabilität innerhalb eines wichtigen Wirtschaftsblocks hinweist und somit auf dem Manager-Radar (Zone 2) angesiedelt ist.",RISK_OFF,False,"Ein Sieg der AfD in der Bundeshauptstadt würde von den Märkten als weiterer Aufstieg einer populistischen Partei und als Zeichen zunehmender politischer Unsicherheit und Polarisierung in Deutschland gewertet. Dies könnte das Vertrauen in die politische Stabilität Deutschlands und Europas beeinträchtigen, potenziell die Risikoaversion erhöhen und zu einer 'RISK_OFF'-Stimmung an den Märkten führen."
2026-08-17T10:05:01.699919+00:00,2026-12-31T00:00:00Z,677407,china-x-taiwan-military-clash-before-2027,China x Taiwan military clash before 2027?,3217621.0842849994,0.0715,active,"hfc, world, taiwan, foreign policy, china, geopolitics",Geopolitischer & Militärischer Schock,1,93,98,"Ein militärischer Konflikt zwischen China und Taiwan wäre ein globales 'Kill-Switch'-Ereignis mit katastrophalen Auswirkungen auf die Weltwirtschaft. Die Taiwanstraße ist eine der wichtigsten Seewege, und Taiwan ist der dominierende Hersteller von Hochleistungs-Halbleitern (TSMC). Ein Konflikt würde Lieferketten weltweit lahmlegen, zu einem massiven Anstieg der Energiekosten führen, die globalen Finanzmärkte destabilisieren und das Risiko einer direkten Konfrontation zwischen Großmächten (USA, China) bergen. Die potenziellen wirtschaftlichen Verluste und humanitären Kosten wären enorm und würden weit über lokale Auswirkungen hinausgehen, was eine globale Panik auslösen würde.",RISK_OFF,False,"Die 'JA'-Seite des Prognosemarktes, d.h. das Eintreten eines militärischen Konflikts, stellt ein extrem risikoerhöhendes Ereignis dar. Es würde zu einer massiven Abwertung von Risikoanlagen, Flucht in sichere Häfen und einem globalen Wirtschaftsabschwung führen. Es handelt sich keineswegs um eine Normalisierung oder Entspannung einer Situation, sondern um eine massive Eskalation."
2026-08-17T10:05:01.700029+00:00,2026-06-17T00:00:00Z,1439555,fed-rate-cut-by-629,Fed rate cut by December 2026 meeting?,264023.368695,0.145,active,"jerome powell, fed, fed rates, finance, economy, economic policy",Makroökonomie & Zentralbanken,2,75,95,"Der Markt betrifft eine potenzielle Leitzinssenkung der US-Notenbank Federal Reserve bis Dezember 2026. Dies ist ein direktes und hochrelevantes Thema der Geldpolitik und Makroökonomie. Fed-Entscheidungen haben weitreichende Auswirkungen auf globale Kapitalmärkte, Währungen, Anleihekurse, Aktienbewertungen und die allgemeine Liquidität. Es ist kein katastrophales Kill-Switch-Ereignis (Zone 1), aber auch weit über das Niveau von Rauschen (Zone 3) hinaus. Die Prognose ist eine Kerninformation für Portfoliomanager und Analysten weltweit.",RISK_ON,False,"Eine Leitzinssenkung durch die Federal Reserve wird typischerweise als Lockerung der Geldpolitik interpretiert. Dies führt in der Regel zu niedrigeren Finanzierungskosten, erhöht die Liquidität im System und stimuliert die Wirtschaft. Für ein globales Multi-Faktor-Portfolio bedeutet dies in der Regel eine erhöhte Risikobereitschaft der Anleger (Risk-On-Sentiment), was sich positiv auf Risikoanlagen wie Aktien und bestimmte Rohstoffe auswirken kann, während es den US-Dollar tendenziell schwächt."
2026-08-17T10:05:01.700048+00:00,2026-03-31T00:00:00Z,1323083,will-hezbollah-disarm-by-march-31,Will Hezbollah disarm by December 31?,2072746.7457620006,0.11,active,"lebanon, politics, israel, syria, geopolitics, foreign policy",Geopolitischer & Militärischer Schock,2,70,90,"Die Frage nach der Entwaffnung der Hisbollah betrifft einen der zentralen militärischen und politischen Akteure im Nahen Osten. Ein 'Ja' würde eine signifikante Deeskalation regionaler Spannungen bedeuten, insbesondere im Verhältnis zu Israel und der Stabilität des Libanon. Dies hätte weitreichende positive Auswirkungen auf die regionale Sicherheit, Energiemärkte und das globale Risikoklima. Ein 'Nein' würde die Fortsetzung der latenten Konfliktgefahr und Instabilität implizieren. Die Region ist kritisch für die globale Energieversorgung und die Geopolitik, was diese Frage relevant für das Manager-Radar macht, aber nicht direkt einen globalen Kill-Switch darstellt.",RISK_ON,True,Die 'Ja'-Seite (Hisbollah entwaffnet sich) würde eine erhebliche Risikominderung in einer der konfliktreichsten Regionen der Welt darstellen. Dies wäre ein starkes Signal für erhöhte Stabilität und somit ein risikoSENKENDES Ereignis ('RISK_ON'). Die Entwaffnung wäre ein Schritt in Richtung einer 'Normalisierung' der Sicherheitslage im Libanon und der Region.
2026-08-17T10:05:01.700066+00:00,2026-12-31T00:00:00Z,567689,zelenskyy-out-as-ukraine-president-before-2027,Zelenskyy out as Ukraine president by end of 2026?,2938422.4337509973,0.065,active,"ukraine, geopolitics, world, politics, earn 4%",Geopolitischer & Militärischer Schock,2,70,90,"Der Markt 'Zelenskyy out as Ukraine president by end of 2026?' bewertet ein zentrales politisches Ereignis im Kontext eines andauernden Krieges. Ein Führungswechsel in der Ukraine, insbesondere von Präsident Zelenskyy, der stark mit dem Widerstand und der westlichen Unterstützung verbunden ist, hätte tiefgreifende Auswirkungen auf den Verlauf des Konflikts, die geopolitische Landschaft, die internationalen Beziehungen und möglicherweise auf Energie- und Rohstoffmärkte. Es ist kein systemischer Kill-Switch (Zone 1), aber definitiv ein Ereignis, das globale Multi-Faktor-Portfolios auf dem Radar haben müssen und das erhebliche Portfolioanpassungen erforderlich machen könnte (Zone 2).",RISK_OFF,False,"Die 'JA'-Seite (Zelenskyy ist bis Ende 2026 nicht mehr Präsident) würde, unabhängig vom genauen Grund (Abwahl, Rücktritt, Tod, Putsch), während eines andauernden Krieges massive Unsicherheit und Instabilität mit sich bringen. Ein solcher Führungswechsel würde Fragen über die zukünftige Kriegsführung, die innenpolitische Stabilität der Ukraine, die Kontinuität der westlichen Unterstützung und die Verhandlungspositionen aufwerfen. Dies alles sind Faktoren, die im Allgemeinen zu einer erhöhten Risikoaversion ('RISK_OFF') an den globalen Finanzmärkten führen würden, da Investoren Stabilität und Berechenbarkeit bevorzugen."
2026-08-17T10:05:01.700084+00:00,2026-12-31T00:00:00Z,691340,ai-bubble-burst-by,AI bubble burst in 2026?,2341223.569988003,0.142,active,"business, tech, finance, big tech",Sektorale & Unternehmensereignisse,2,80,92,"Der Prognosemarkt befasst sich mit dem Platzen einer 'AI bubble', was direkt die Bewertung und Stabilität eines Schlüssel-Technologie-Sektors betrifft. Ein solcher Vorfall hätte weitreichende Auswirkungen auf globale Aktienmärkte, insbesondere auf wachstumsorientierte Portfolios, und würde die Risikobereitschaft der Anleger signifikant beeinflussen. Es ist ein Ereignis, das aktiv von Portfolio-Managern überwacht werden muss, aber nicht zwangsläufig einen globalen 'Kill-Switch' auslöst, es sei denn, es würde eine systemische Finanzkrise nach sich ziehen.",RISK_OFF,False,"Ein 'Bubble burst' bedeutet per Definition einen starken Wertverfall von Vermögenswerten in einem bestimmten Sektor. Das Eintreten dieses Ereignisses (die 'JA'-Seite) würde zu erheblichen Verlusten, erhöhter Volatilität und einer allgemeinen Flucht aus Risikoanlagen ('RISK_OFF') führen."
2026-08-17T10:05:01.700117+00:00,2026-12-31T00:00:00Z,667086,where-will-zelenskyy-and-putin-meet-next,Will Zelenskyy and Putin not meet before 2027?,284764.83731199993,0.925,active,"politics, ukraine, geopolitics, world, trump",Geopolitischer & Militärischer Schock,2,85,90,"Der Markt befasst sich mit einem zentralen Aspekt des Russland-Ukraine-Krieges, nämlich der Möglichkeit einer diplomatischen Lösung auf höchster Ebene. Ein Nicht-Treffen der beiden Staatsoberhäupter vor 2027 würde eine anhaltende Pattsituation und das Fortbestehen des Konflikts bedeuten. Dies hat weitreichende Konsequenzen für globale Energiemärkte, Rohstoffpreise, Lieferketten, Inflation und die allgemeine geopolitische Stabilität, was es zu einem kritischen Element für die Managementstrategie globaler Portfolios macht und somit in Zone 2 fällt. Der hohe Impact Score reflektiert die tiefgreifenden und langfristigen Auswirkungen des Konflikts auf die Weltwirtschaft.",RISK_OFF,False,"Die 'JA'-Seite dieses Kontrakts ('Zelenskyy und Putin werden sich vor 2027 nicht treffen') impliziert das Ausbleiben einer diplomatischen Lösung und damit eine Fortsetzung des Krieges oder eines eingefrorenen Konflikts. Dies führt zu anhaltender geopolitischer Unsicherheit, Belastungen für die Weltwirtschaft, höheren Risikoprämien und somit zu einem risikoERHÖHENDEN (RISK_OFF) Umfeld für globale Finanzmärkte."
2026-08-17T10:05:01.700158+00:00,2025-12-31T23:55:00Z,1397270,will-russia-capture-lyman-in-2025,"Will Russia capture Lyman by December 31, 2026?",411014.9708270002,0.37,active,"geopolitics, world affairs, politics, world, russia capture, ukraine map",Geopolitischer & Militärischer Schock,2,55,90,"Der Markt bezieht sich auf einen spezifischen militärischen Ausgang innerhalb des anhaltenden Russland-Ukraine-Konflikts. Obwohl die Eroberung einer einzelnen Stadt wie Lyman nicht direkt ein 'Kill-Switch'-Ereignis für globale Märkte darstellt, ist sie ein wichtiges Signal für die Dynamik und den Verlauf des Krieges. Globale Portfoliomanager überwachen solche Entwicklungen, da sie weitreichende Implikationen für die geopolitische Stabilität, Energie- und Rohstoffmärkte, Lieferketten und das allgemeine Investorenvertrauen haben können. Die Frist bis Ende 2026 deutet zudem auf eine längerfristige Perspektive auf die Konfliktentwicklung hin, die auf dem Manager-Radar bleibt.",RISK_OFF,False,"Die 'JA'-Seite dieses Marktes bedeutet, dass Russland Lyman erfolgreich erobert. Ein solcher militärischer Erfolg Russlands würde in der Regel von den globalen Finanzmärkten als eine Eskalation oder zumindest eine Fortsetzung des Konflikts mit ungünstiger Dynamik wahrgenommen. Dies würde die geopolitische Unsicherheit erhöhen, möglicherweise weitere Sanktionsrunden oder humanitäre Krisen befeuern und die Aussichten auf eine baldige Beendigung des Krieges trüben. Diese Faktoren führen typischerweise zu einem 'RISK_OFF'-Verhalten, da Investoren risikoreichere Anlagen meiden. Es handelt sich nicht um einen Vertrag, der eine Rückkehr zur Normalität signalisiert."
2026-08-17T10:05:01.700207+00:00,,943824,republican-senate-seats-after-the-2026-midterm-elections-927,Will the Republican Party hold exactly 52 Senate seats after the 2026 midterm elections?,592895.1053300003,0.0905,active,"midterms, united states, elections, politics, us election, congress, trump",Politische Struktur & Wahlen,2,65,90,"Die Frage betrifft direkt das Ergebnis von US-Midterm-Wahlen im Jahr 2026 und die zukünftige politische Zusammensetzung des Senats. Die Kontrolle und die Stärke der Mehrheit im US-Senat haben erhebliche Auswirkungen auf die Gesetzgebung (z.B. Fiskalpolitik, Regulierung, Ernennungen), was wiederum die US-Wirtschaft und globale Finanzmärkte beeinflusst. Eine klare Mehrheit von 52 Sitzen für die Republikaner würde die Durchsetzbarkeit ihrer Agenda erleichtern. Obwohl die Wahlen noch in der Ferne liegen, sind Prognosen über zukünftige politische Machtverhältnisse für quantitative Risikoanalysten relevant, um langfristige Szenarien und potenzielle Marktverschiebungen zu bewerten. Der Impact Score spiegelt die Bedeutung der US-Gesetzgebung für globale Portfolios wider, ohne ein unmittelbares Schockereignis darzustellen.",RISK_ON,False,"Ein 'Ja' zur Frage, also das Erreichen von genau 52 Senatssitzen für die Republikaner, deutet auf eine gestärkte Mehrheit und damit eine erhöhte Fähigkeit zur Umsetzung ihrer politischen Agenda hin. Historisch gesehen werden Politikbereiche, die oft mit republikanischen Mehrheiten in Verbindung gebracht werden (z.B. Steuersenkungen, Deregulierung), von den Märkten als potenziell vorteilhaft für Unternehmensgewinne und Wirtschaftswachstum wahrgenommen, was zu einer 'Risk-On'-Stimmung für Aktien und bestimmte Vermögenswerte führen kann. Eine klare politische Richtung kann auch Unsicherheiten reduzieren und potenziellen Gridlock entgegenwirken, was von Märkten generell als positiv für die Stabilität bewertet wird."
2026-08-17T10:05:01.700245+00:00,,656312,openai-ipo-by,Will OpenAI IPO by December 31 2026?,877063.77941,0.2,active,"openai ipo, ipos, big tech, ai, finance, business, ipo, openai",Sektorale & Unternehmensereignisse,2,60,92,"Der potenzielle Börsengang (IPO) eines der prominentesten und einflussreichsten Unternehmen im Bereich Künstliche Intelligenz wie OpenAI ist von erheblicher Bedeutung für den Technologie- und Innovationssektor. Ein solcher Event kann nicht nur die Bewertungen und Kapitalflüsse innerhalb des KI-Ökosystems maßgeblich beeinflussen, sondern auch als wichtiger Indikator für die allgemeine Marktstimmung und das Vertrauen in zukünftige Wachstumstechnologien dienen. Es handelt sich zwar nicht um ein systemisches Risiko, aber es ist ein relevantes Ereignis, das auf dem 'Radar' von Portfoliomanagern liegt, die in globale Multi-Faktor-Portfolios investieren, insbesondere in Sektoren mit hoher Tech-Exposition.",RISK_ON,False,"Ein erfolgreicher Börsengang von OpenAI ('JA'-Seite des Kontrakts) würde in der Regel als positives Signal für den Gesamtmarkt, und insbesondere für den Technologie- und KI-Sektor, interpretiert werden. Er würde Marktoptimismus, Liquidität und Wachstumschancen demonstrieren und somit ein 'RISK_ON'-Umfeld fördern. Das Ausbleiben eines IPOs bis zum Stichtag ('NEIN'-Seite) könnte hingegen als 'RISK_OFF'-Signal verstanden werden, das auf Schwierigkeiten, eine schwächere Marktbewertung oder eine allgemeine Abnahme der Risikobereitschaft hindeutet."
2026-08-17T10:05:01.700257+00:00,2026-12-31T00:00:00Z,2154920,will-gamestop-acquire-ebay,Will GameStop acquire eBay?,2804768.1167439995,0.065,active,"acquisitions, finance",Sektorale & Unternehmensereignisse,3,3,95,"Dieser Prognosemarkt befasst sich mit einer potenziellen Akquisition zweier spezifischer Unternehmen (GameStop, eBay). Solche M&A-Ereignisse sind primär auf Unternehmensebene relevant und betreffen bestimmte Sektoren (Einzelhandel, E-Commerce). Für ein globales Multi-Faktor-Portfolio haben sie in der Regel keine systemische, makroökonomische oder geopolitische Bedeutung. Der globale Einfluss ist minimal, weshalb das Ereignis als 'Rauschen' zu klassifizieren ist.",RISK_OFF,False,"Die 'JA'-Seite dieses Marktes – dass GameStop eBay erwirbt – wäre ein äußerst unwahrscheinliches und potenziell spekulatives Unternehmensereignis, insbesondere angesichts der relativen Größen und Geschäftsmodelle. Sollte es dennoch eintreten, würde es für die beteiligten Unternehmen erhebliche Volatilität und Neubewertungen bedeuten. Für die globalen Finanzmärkte selbst ist dies kein direktes risikoerhöhendes Ereignis im Sinne eines Crash-Triggers. Es könnte jedoch, sehr indirekt, als anekdotisches Zeichen extremer Marktspekulation oder 'Schaumigkeit' interpretiert werden, was ein subtiles, wenn auch geringfügiges, Indiz für ein generell erhöhtes Marktrisikoumfeld sein könnte ('RISK_OFF' im Sinne von 'Marktüberhitzungssignal'). Es handelt sich nicht um ein normalisierendes Ereignis."
2026-08-17T10:05:01.700279+00:00,2027-12-31T00:00:00Z,1633611,will-china-invade-taiwan-by-december-31-2027,"Will China invade Taiwan by December 31, 2027?",2704263.310657999,0.125,active,"china, politics, world, geopolitics",Geopolitischer & Militärischer Schock,1,95,95,"Eine Invasion Taiwans durch China wäre ein Geopolitischer & Militärischer Schock von globaler Tragweite. Die Auswirkungen auf die globalen Lieferketten (insbesondere Halbleiter), den internationalen Handel, die geopolitische Stabilität und die Finanzmärkte wären katastrophal. Dies würde höchstwahrscheinlich einen globalen Panik-Event auslösen, der einer 'Kill-Switch'-Bewertung in Zone 1 entspricht und zu einem massiven globalen Crash führen könnte.",RISK_OFF,False,"Die 'JA'-Seite des Marktes ('China wird Taiwan invasieren') beschreibt ein Ereignis, bei dem ein Krieg ausbricht. Dies ist eindeutig ein risikoERHÖHENDES Szenario für globale Finanzmärkte, welches zu erheblichen Kapitalabflüssen aus Risikoanlagen führen würde. Es handelt sich nicht um eine Rückkehr zur Normalität, sondern um eine massive Destabilisierung."
2026-08-17T10:05:01.700299+00:00,2026-01-31T00:00:00Z,1097263,nicols-maduro-released-from-custody-by,"Nicolás Maduro released from custody by December 31, 2026?",292333.02193499997,0.065,active,"maduro, politics, venezuela, geopolitics, trump",Politische Struktur & Wahlen,2,60,85,"Der Markt betrifft die mögliche Freilassung von Nicolás Maduro, dem aktuellen Präsidenten Venezuelas, aus Gewahrsam. Dies impliziert, dass er zuvor in Gewahrsam genommen wurde, was an sich ein massives politisches Ereignis (z.B. Umsturz, Verhaftung) wäre. Venezuela ist ein bedeutender Ölproduzent und ein Land mit erheblicher geopolitischer Relevanz. Jede größere Verschiebung in seiner politischen Führung oder Stabilität hätte weitreichende Auswirkungen über seine Grenzen hinaus, insbesondere auf Rohstoffmärkte (Öl), regionale Stabilität und internationale Beziehungen. Ein solches Ereignis wäre von globalen Portfolio-Managern genau zu beobachten.",RISK_OFF,False,"Die Annahme der 'JA'-Seite (Maduro wird freigelassen) setzt voraus, dass er zuvor in Gewahrsam genommen wurde. Ein solches Ereignis – die Inhaftierung eines Staatsoberhauptes, gefolgt von seiner Freilassung – deutet auf extreme politische Turbulenzen und Unsicherheit in Venezuela hin. Eine Freilassung würde in der Regel nicht als eine Rückkehr zur Normalität oder Entspannung der Lage interpretiert, sondern könnte vielmehr ein Zeichen für anhaltende politische Manöver, die Fortsetzung von Instabilität oder die Möglichkeit erneuter Konflikte sein. Für die globalen Finanzmärkte würde dies erhöhte Unsicherheit und Volatilität bedeuten, insbesondere in Bezug auf die Ölversorgung und die regionale Stabilität, was einem 'RISK_OFF'-Szenario entspricht."
2026-08-17T10:05:01.700354+00:00,2026-12-31T00:00:00Z,665224,ukraine-signs-peace-deal-with-russia-before-2027,Ukraine signs peace deal with Russia before 2027?,2557185.9304880006,0.165,active,"geopolitics, ukraine, politics, world, foreign policy, ukraine peace deal",Geopolitischer & Militärischer Schock,2,75,90,"Ein Friedensabkommen zwischen der Ukraine und Russland würde eine der grössten geopolitischen Unsicherheiten seit 2022 beseitigen. Dies hätte weitreichende positive Auswirkungen auf die globalen Finanzmärkte, einschliesslich einer potenziellen Stabilisierung der Energiepreise, einer Entspannung der Lieferketten und einer allgemeinen Verbesserung des Investorenvertrauens. Es würde ein grosses Risiko von der Agenda nehmen und eine Verschiebung hin zu einer risikofreundlicheren Umgebung fördern.",RISK_ON,True,"Die 'JA'-Seite dieses Prognosemarktes, nämlich das Zustandekommen eines Friedensabkommens, stellt eine De-Eskalation eines grossen Konflikts dar. Dies ist ein risikoSENKENDES Ereignis ('RISK_ON'), da es die geopolitische Unsicherheit reduziert, die globale Stabilität erhöht und die Wahrscheinlichkeit von Störungen in globalen Lieferketten und Energiemärkten verringert. Es ist eine Rückkehr zu einem Zustand geringerer globaler Spannungen."
2026-08-17T10:05:01.700390+00:00,2026-12-31T00:00:00Z,2126461,crude-oil-all-time-high-by,Will Crude Oil reach a new all-time high by December 31?,732084.544245,0.125,active,"oil, geopolitics, commodities, finance, iran",Makroökonomie & Zentralbanken,2,80,90,"Ein neues Allzeithoch für Rohöl würde signifikante globale Inflationsrisiken signalisieren und den Druck auf Zentralbanken erhöhen, ihre Geldpolitik weiter zu straffen. Dies hätte weitreichende Auswirkungen auf die globale Wirtschaft, das Konsumverhalten und die Unternehmensgewinne, was zu einer Neubewertung von Asset-Preisen und erhöhter Marktvolatilität führen würde. Die Relevanz für globale Finanzmärkte ist daher hoch, aber in der Regel nicht unmittelbar ein 'Kill-Switch'-Ereignis, sondern ein kritischer Faktor, der von Managern genau überwacht werden muss.",RISK_OFF,False,"Ein Allzeithoch bei Rohöl bedeutet höhere Inputkosten für Unternehmen und eine Belastung der Kaufkraft der Konsumenten, was das Wirtschaftswachstum dämpft und in der Regel zu einer Abkehr von Risikoaktiva ('RISK_OFF') und einer Flucht in sichere Häfen führt. Es handelt sich um ein Extremereignis, nicht um eine Normalisierung."
2026-08-17T10:05:01.700446+00:00,2026-12-09T00:00:00Z,1808547,fed-rate-hike-by,Fed Rate Hike by September 2026 Meeting?,842325.1085359997,0.235,active,"fed, jerome powell, inflation, finance, fomc, fed rates, economy, cpi release",Makroökonomie & Zentralbanken,2,70,95,"Dieser Prognosemarkt befasst sich direkt mit der zukünftigen Geldpolitik der Federal Reserve, einem primären Treiber globaler Finanzbedingungen, Zinssätze, Aktienbewertungen und Kapitalflüsse. Der Zeitpunkt und die Wahrscheinlichkeit einer Zinserhöhung sind entscheidende Inputs für makroökonomische Prognosen und die Portfolioallokation über alle Anlageklassen hinweg, was sie für einen globalen Multi-Faktor-Portfoliomanager äußerst relevant macht. Eine bestätigte Zinserhöhung würde eine Straffung der Geldpolitik signalisieren, die Kreditkosten und die Risikobereitschaft beeinflussen.",RISK_OFF,False,"Ein 'Ja'-Ergebnis (eine Zinserhöhung der Fed) impliziert in der Regel höhere Kreditkosten und engere Finanzierungsbedingungen. Dies führt typischerweise zu reduzierten Bewertungen für wachstumsorientierte Vermögenswerte, einer erhöhten Attraktivität sichererer festverzinslicher Instrumente und einer breiteren Verschiebung hin zu einer vorsichtigeren Anlagestrategie, was mit einer 'RISK_OFF'-Stimmung für Aktien und andere Risikoanlagen übereinstimmt."
2026-08-17T10:05:01.700455+00:00,2026-12-09T00:00:00Z,1808548,fed-rate-hike-by,Fed Rate Hike by October 2026 Meeting?,459846.54972699995,0.385,active,"fed, jerome powell, inflation, finance, fomc, fed rates, economy, cpi release",Makroökonomie & Zentralbanken,2,80,95,"Die Frage bezieht sich direkt auf die Zinspolitik der Federal Reserve, die ein fundamentaler Treiber für die globale Makroökonomie und die Finanzmärkte ist. Eine Zinsanhebung durch die Fed beeinflusst Anleiherenditen, Aktienbewertungen, Währungsbewegungen und die Kapitalflüsse weltweit. Dies ist ein zentraler Faktor, der von allen Managern und Investoren kontinuierlich beobachtet und in ihre Strategien integriert wird und daher weit über 'Rauschen' hinausgeht, aber kein 'Kill-Switch'-Ereignis darstellt.",RISK_OFF,False,"Eine Zinsanhebung der Federal Reserve führt in der Regel zu höheren Finanzierungskosten, steigenden Diskontierungsfaktoren für zukünftige Gewinne und potenziell restriktiveren Liquiditätsbedingungen. Dies übt typischerweise Abwärtsdruck auf risikoreichere Anlagen wie Aktien und Unternehmensanleihen aus und wird daher als risikoerhöhend für solche Assets interpretiert ('RISK_OFF')."
2026-08-17T10:05:01.700493+00:00,2026-08-31T23:59:00Z,2686766,iran-charges-hormuz-fees-byptptpt-20260625175035466,Iran charges Hormuz fees by August 31?,888928.6502980002,0.095,active,"iran, toll, geopolitics, strait of hormuz, oil",Geopolitischer & Militärischer Schock,1,90,95,"Der Vorschlag, dass Iran Gebühren für die Passage der Straße von Hormuz erhebt, stellt eine direkte Bedrohung für die globale Energieversorgung und den Welthandel dar. Die Straße von Hormuz ist ein kritischer maritimer Engpass, durch den etwa 20% des weltweit konsumierten Erdöls transportiert werden. Eine solche unilaterale Aktion Irans würde als erhebliche Eskalation geopolitischer Spannungen im Nahen Osten wahrgenommen. Dies hätte massive Auswirkungen auf die Ölpreise, würde die globale Inflation anheizen und das Risiko einer weltweiten Rezession drastisch erhöhen. Zudem wäre die Wahrscheinlichkeit militärischer Konfrontationen hoch, da internationale Mächte die freie Schifffahrt als vitales Interesse betrachten. Die Auswirkungen wären global und würden wahrscheinlich zu einer panikartigen Reaktion an den Finanzmärkten führen.",RISK_OFF,False,"Das Erheben von Gebühren durch Iran würde eine neue, unvorhersehbare und destabilisierende Variable in ein bereits sensibles geopolitisches Umfeld einführen. Dies ist ein risikoERHÖHENDES Ereignis, da es die Kosten für den Öltransport steigern, die Versorgungssicherheit gefährden und das Eskalationspotenzial in der Region drastisch erhöhen würde. Investoren würden auf Risikoanlagen reagieren, indem sie in sichere Häfen flüchten ('RISK_OFF'-Szenario)."
2026-08-17T10:05:01.700502+00:00,2026-10-31T23:59:00Z,2757806,iran-charges-hormuz-fees-byptptpt-20260625175035466,Iran charges Hormuz fees by October 31?,345308.8212510001,0.36,active,"iran, toll, geopolitics, strait of hormuz, oil",Geopolitischer & Militärischer Schock,1,85,95,"Das Laden von Gebühren durch den Iran für die Passage durch die Straße von Hormuz wäre ein direkter Verstoß gegen das internationale Seerecht und eine schwerwiegende Eskalation geopolitischer Spannungen. Da die Straße von Hormuz ein kritischer Engpass für einen erheblichen Teil der weltweiten Öllieferungen ist, würde eine solche Aktion sofort zu einem massiven Anstieg der Ölpreise, erheblichen Unsicherheiten auf den Energiemärkten und möglicherweise zu militärischen Konfrontationen führen. Dies hätte weitreichende globale Auswirkungen auf Inflation, Wirtschaftswachstum und die Risikowahrnehmung an den Finanzmärkten, was zu einem systemischen Schock führen könnte.",RISK_OFF,False,"Die 'JA'-Seite dieses Prognosemarktes, d.h. dass der Iran Gebühren erhebt, stellt ein RisikoERHOEHENDES Ereignis dar. Es würde eine Zunahme der geopolitischen Unsicherheit, eine Störung der globalen Energieversorgung und potenziell eine militärische Eskalation bedeuten, was zu einer Flucht aus Risikoanlagen ('RISK_OFF') und einem allgemeinen Marktabschwung führen würde."
2026-08-17T10:21:32.180259+00:00,2026-01-31T00:00:00Z,1107307,us-strike-on-colombia-by-january-31,US strike on Colombia by December 31?,1083879.8362049998,0.335,active,"politics, geopolitics, venezuela, trump",Geopolitischer & Militärischer Schock,2,65,90,"Ein Militärschlag der USA gegen Kolumbien würde einen erheblichen geopolitischen Schock darstellen. Während es unwahrscheinlich ist, dass dies sofort zu einem globalen systemischen Kollaps führt (Zone 1), würde es doch eine massive Instabilität in der lateinamerikanischen Region verursachen, internationale Beziehungen belasten und das globale Investorenvertrauen in Schwellenmärkte erheblich beeinträchtigen. Dies ist ein Ereignis, das Portfolio-Managern auf dem Radar haben müssen, da es signifikante regionale und sektorale Auswirkungen haben und zu einer Kapitalflucht in sichere Häfen führen könnte.",RISK_OFF,False,"Das Eintreten eines Militärschlags ('JA'-Seite) ist ein Ereignis, das die geopolitische Unsicherheit und Instabilität massiv erhöht. Solche Eskalationen führen typischerweise zu einer erhöhten Risikoaversion am Markt, einer Flucht aus Risikoanlagen (RISK_OFF) und einem allgemeinen Vertrauensverlust."
2026-08-17T10:21:32.180281+00:00,2025-12-31T00:00:00Z,677273,israel-and-syria-normalize-relations-in-2025,"Israel and Syria normalize relations by December 31, 2026?",680250.8495060002,0.105,active,"israel, middle east, geopolitics, world, syria, trump x al-sharaa",Geopolitischer & Militärischer Schock,2,65,90,"Die Normalisierung der Beziehungen zwischen Israel und Syrien wäre ein epochales geopolitisches Ereignis in einer der instabilsten Regionen der Welt. Es würde eine signifikante Entspannung der Spannungen bedeuten, das Risiko regionaler Konflikte reduzieren und potenziell weitreichende positive Auswirkungen auf die politische und wirtschaftliche Stabilität im Nahen Osten haben. Dies würde globale Finanzmärkte über verbesserte Risikostimmung, mögliche Auswirkungen auf Energiemärkte und Investitionen beeinflussen und erfordert daher die Aufmerksamkeit von Managern, ist aber kein globaler 'Kill-Switch'.",RISK_ON,True,"Die Normalisierung von Beziehungen reduziert geopolitische Spannungen und Unsicherheiten, was generell als risikoSENKEND (RISK_ON) für die globalen Finanzmärkte angesehen wird."
2026-08-17T10:21:32.180318+00:00,2026-12-31T00:00:00Z,1117222,miguel-daz-canel-out-as-leader-of-cuba-by-june-30,Miguel Díaz-Canel out as leader of Cuba by December 31?,601414.698039,0.175,active,"cuba, politics, venezuela, geopolitics, trump",Keine Relevanz,3,1,95,Die kubanische Wirtschaft ist im globalen Kontext sehr klein und nicht systemrelevant. Eine Änderung der politischen Führung in Kuba hat daher keinen messbaren direkten oder indirekten Einfluss auf globale Finanzmärkte oder multi-Faktor-Portfolios.,RISK_OFF,False,"Obwohl der globale Einfluss vernachlässigbar ist, könnte die Absetzung eines Staatsführers in einem autoritären Regime potenziell zu erhöhter interner politischer Unsicherheit oder Instabilität führen, was in einem lokalen Kontext als risikosteigernd (RISK_OFF) interpretiert werden würde."
2026-08-17T10:21:32.180347+00:00,2026-08-31T23:59:00Z,2941315,largest-company-end-of-august-20260715202138598,Will NVIDIA be the largest company in the world by market cap on August 31?,496994.27065899957,0.9735,active,"tech, economy, finance, big tech, business",Sektorale & Unternehmensereignisse,2,55,90,"Der Markt betrifft die Marktkapitalisierung und relative Positionierung eines einzelnen Unternehmens (NVIDIA). Obwohl es sich um ein 'Unternehmensereignis' handelt, ist NVIDIA ein globaler Tech-Gigant, dessen Führungsposition ein starkes Signal für den Zustand des Technologiemarktes, die Akzeptanz und das Wachstum der KI-Branche sowie die Kapitalallokation weltweit darstellt. Solche Verschiebungen in der Marktführerschaft sind für Portfolio-Manager von großer Bedeutung, da sie Auswirkungen auf Sektor-Wichtungen, Indexfonds und breitere Anlagestrategien haben, fallen aber nicht in die Kategorie systemischer Stabilitätsrisiken oder globaler Panik. Daher ist Zone 2 (Manager-Radar) angemessen.",RISK_ON,False,"Die 'JA'-Seite dieses Kontrakts – dass NVIDIA das größte Unternehmen der Welt wird – würde vom Markt als eine starke Bestätigung des anhaltenden KI-Booms und des robusten Wachstums im Technologiesektor interpretiert. Dies fördert typischerweise ein 'RISK_ON'-Sentiment, da es die Zuversicht in wachstumsorientierte Assets und Innovationen stärkt. Es signalisiert einen weiteren Kapitalfluss in diese Bereiche und verstärkt positive Marktnarrative, anstatt ein Risikoereignis darzustellen, das zu einer Flucht in sichere Häfen führt. Es ist keine Rückkehr zur Normalität, sondern ein potenzieller Paradigmenwechsel in der Marktführerschaft."
2026-08-17T10:21:32.180357+00:00,2026-08-31T23:59:00Z,2941317,largest-company-end-of-august-20260715202138598,Will Apple be the largest company in the world by market cap on August 31?,299474.98523100023,0.017,active,"tech, economy, finance, big tech, business",Sektorale & Unternehmensereignisse,2,65,90,"Der Markt betrifft die relative Marktkapitalisierung eines einzelnen Unternehmens (Apple) im Vergleich zu anderen, was direkt in die Kategorie 'Sektorale & Unternehmensereignisse' fällt. Obwohl es sich um das größte Unternehmen der Welt handelt, stellt dessen Führung keine globale Panik ('Kill-Switch') dar, ist aber für Portfolio-Manager, die globale Multi-Faktor-Portfolios verwalten, von erheblicher Bedeutung. Der Status des größten Unternehmens beeinflusst Benchmarks, Sektorallokationen und das allgemeine Marktvertrauen. Der Impact Score spiegelt diese hohe Relevanz ohne systemische Crash-Implikationen wider.",RISK_ON,False,"Die 'Ja'-Seite (Apple ist das größte Unternehmen) signalisiert eine Fortsetzung der Stärke und des Anlegervertrauens in führende Technologieunternehmen und einen stabilen Markt für Large-Cap-Wachstumswerte. Dieses Ergebnis fördert typischerweise eine 'RISK_ON'-Stimmung, da es bestehende positive Markttrends bestätigt, anstatt neue Risiken einzuführen oder eine Krise zu lösen."
2026-08-17T10:21:32.180395+00:00,2028-11-07T00:00:00Z,565064,which-party-wins-2028-us-presidential-election,Will the Republicans win the 2028 US Presidential Election?,1118255.2997549998,0.415,active,"us election, elections, politics, global elections, earn 4%",Politische Struktur & Wahlen,2,80,90,"Der Ausgang der US-Präsidentschaftswahlen hat weitreichende und tiefgreifende Auswirkungen auf die globalen Finanzmärkte. Die USA sind die größte Volkswirtschaft und eine zentrale geopolitische Macht. Ein Wechsel der Regierungspartei kann zu signifikanten Änderungen in der Fiskalpolitik (Steuern, Staatsausgaben), Handelspolitik (Zölle, Handelsabkommen), Regulierung und Außenpolitik führen. Diese Faktoren beeinflussen direkt globale Anlageklassen, Währungen, Rohstoffpreise und die allgemeine Marktstimmung über einen längeren Zeitraum. Daher ist dieses Ereignis für Portfoliomanager von größter Relevanz und erfordert eine kontinuierliche Überwachung und Positionierung.",RISK_OFF,False,"Die 'JA'-Seite dieses Prognosemarktes, also ein Sieg der Republikaner, signalisiert einen politischen Machtwechsel in den USA. Unabhängig von der spezifischen Partei oder den potenziellen positiven Aspekten bestimmter Politiken, führt ein solcher Wechsel im Weißen Haus zu einer erhöhten Unsicherheit bezüglich der zukünftigen politischen Richtung. Diese Unsicherheit – insbesondere im Hinblick auf Handel, Fiskalpolitik und internationale Beziehungen – wird von den globalen Finanzmärkten typischerweise als risikoerhöhend interpretiert und führt zu einer tendenziellen 'RISK_OFF'-Haltung, da Anleger vorerst eine vorsichtigere Position einnehmen."
2026-08-17T10:21:32.180404+00:00,2028-11-07T00:00:00Z,565065,which-party-wins-2028-us-presidential-election,Will the Democrats win the 2028 US Presidential Election?,945945.503928,0.585,active,"us election, elections, politics, global elections, earn 4%",Politische Struktur & Wahlen,2,80,95,"Die US-Präsidentschaftswahl 2028 ist ein zentrales Ereignis der politischen Struktur, das weitreichende Implikationen für globale Finanzmärkte, Handelspolitik, Regulierung und Investitionsklima hat. Die Machtübernahme einer bestimmten Partei kann zu signifikanten politischen und wirtschaftlichen Verschiebungen führen, die von Portfoliomanagern genau beobachtet und in ihren strategischen Planungen berücksichtigt werden müssen. Es handelt sich um ein langfristig relevantes Ereignis, das jedoch in der Regel keine sofortige globale Panik im Sinne eines 'Kill-Switch'-Ereignisses auslöst, sondern eher eine strategische Neuausrichtung erfordert.",RISK_OFF,False,"Eine 'JA'-Antwort auf die Frage, ob die Demokraten die Wahl gewinnen, deutet auf einen möglichen Machtwechsel oder die Fortsetzung einer demokratischen Agenda hin. Historisch wurden mit demokratischen Regierungen oft höhere Unternehmenssteuern, erhöhte Regulierung in bestimmten Sektoren (z.B. Energie, Umwelt) und verstärkte Sozialausgaben assoziiert. Solche Politikverschiebungen können Unsicherheit am Markt erzeugen, die Unternehmensgewinne belasten und Investoren dazu veranlassen, risikoreichere Anlagen zu meiden. Obwohl die tatsächlichen Auswirkungen stark von den spezifischen Kandidaten und deren Plattformen abhängen, wird ein solcher potenzieller Richtungswechsel von den Märkten oft initial als risikoerhöhend (RISK_OFF) wahrgenommen, bis Klarheit über die genaue Politik und deren Implementierung besteht. Es handelt sich hierbei nicht um ein Ereignis der 'Normalisierung'."
2026-08-17T10:21:32.180485+00:00,2027-01-01T01:00:00Z,608368,openai-ipo-closing-market-cap,"Will OpenAI not IPO by December 31, 2026?",438593.7522699998,0.805,active,"ipo, big tech, openai, ipos, openai ipo, rewards 100, 4.5, 100 deprec, finance",Sektorale & Unternehmensereignisse,2,55,90,"Der Markt bewertet ein spezifisches Unternehmensereignis (IPO) von OpenAI, einem der führenden Akteure im Bereich Künstliche Intelligenz. Obwohl es sich um ein einzelnes Unternehmen handelt, hat OpenAI eine signifikante Marktstellung und Einfluss auf den gesamten Technologie- und KI-Sektor. Das Ergebnis könnte die Bewertungsmultiple für KI-Firmen, die Stimmung im Tech-VC-Markt und das Vertrauen in die Skalierbarkeit und Profitabilität von KI-Geschäftsmodellen beeinflussen. Daher fällt es in den Bereich, den Portfoliomanager im Auge behalten müssen, ohne jedoch systemische Stabilität zu gefährden.",RISK_OFF,False,"Die 'JA'-Seite des Marktes besagt, dass OpenAI bis Ende 2026 KEINEN Börsengang durchführen wird. Ein Ausbleiben des IPOs eines so prominenten und hochbewerteten Unternehmens wie OpenAI könnte vom Markt als negatives Signal interpretiert werden. Es könnte auf interne Herausforderungen, unklare Geschäftsmodelle, regulatorische Hürden oder eine Überbewertung hindeuten. Dies würde zu erhöhter Unsicherheit im Tech-Sektor, insbesondere im KI-Bereich, führen und potenziell 'RISK_OFF'-Verhalten (Abzug von Kapital aus risikoreicheren Anlagen) fördern."
2026-08-17T10:21:32.180498+00:00,2026-08-20T23:59:00Z,2663611,us-iran-60-day-negotiation-period-extended-20260624044855448,US-Iran 60 day negotiation period extended?,1976687.5670710031,0.0395,active,"iran, politics, peace deal, geopolitics, u.s. x iran",Geopolitischer & Militärischer Schock,2,55,90,"The US-Iran relationship is a critical geopolitical factor with significant implications for global energy markets, regional stability in the Middle East, and international trade routes (e.g., Strait of Hormuz). An extension of the negotiation period indicates ongoing diplomatic efforts, which temporarily reduces the immediate risk of escalation or conflict. This development directly impacts market sentiment by providing a period of reduced uncertainty.",RISK_ON,True,"The 'Yes' side (negotiation period extended) signifies a continuation of diplomatic efforts, preventing an immediate breakdown of talks and potential escalation. This is generally perceived by markets as a de-escalation of immediate tensions, leading to reduced geopolitical risk and uncertainty, thus supporting a 'RISK_ON' sentiment. It helps maintain a 'normal' state of non-conflict."
2026-08-17T10:21:32.180522+00:00,2026-08-11T00:00:00Z,2896071,south-carolina-republican-senate-special-primary-winner-20260712135206676,Will Ralph Norman be the new Republican nominee for Senate in South Carolina?,350944.2926649999,0.135,active,"politics, elections, primaries, deprec usa election, senate primary, south carolina, primary elections, republican primary, lindsey graham, us election, august 11 primaries",Politische Struktur & Wahlen,3,2,95,"Der Prognosemarkt befasst sich mit einer parteiinternen Nominierung für einen Senatssitz in einem einzelnen US-Bundesstaat (South Carolina). Obwohl lokal relevant, hat das Ergebnis einer solchen Nominierung typischerweise einen vernachlässigbaren direkten Einfluss auf globale Finanzmärkte oder die Performance eines globalen Multi-Faktor-Portfolios. Es handelt sich um ein hochlokalisiertes politisches Ereignis ohne signifikante globale Spillover-Effekte.",RISK_OFF,False,"Das Ergebnis dieser spezifischen Nominierung hat keine inhärente oder signifikante Auswirkung auf das globale Risikoprofil. Eine Zuweisung von 'RISK_OFF' ist in diesem Kontext primär formal, da für globale Portfolios keine klare 'RISK_ON' oder 'RISK_OFF' Dynamik durch dieses Ereignis ausgelöst wird. Die Zuweisung spiegelt lediglich wider, dass politische Ungewissheit, wenn überhaupt eine Richtung zugewiesen werden müsste, tendenziell als minimal risikobereitschaftssenkend interpretiert wird, obwohl der tatsächliche Einfluss auf globaler Ebene marginal bis nicht existent ist."
2026-08-17T10:21:32.180536+00:00,2026-08-11T00:00:00Z,2896080,south-carolina-republican-senate-special-primary-winner-20260712135206676,Will Darline Graham Nordone be the new republican nominee for Senate in South Carolina?,1021555.0560020001,0.8725,active,"politics, elections, primaries, deprec usa election, senate primary, south carolina, primary elections, republican primary, lindsey graham, us election, august 11 primaries",Politische Struktur & Wahlen,3,3,90,"Der Prognosemarkt befasst sich mit dem Ausgang einer Vorwahl für einen Senatssitz im US-Bundesstaat South Carolina. Für ein globales Multi-Faktor-Portfolio ist ein solches Ereignis extrem lokal und hat eine vernachlässigbare direkte Auswirkung auf die globalen Finanzmärkte. Es fällt unter die Kategorie 'Rauschen' (Zone 3), da die Granularität des Ereignisses keine signifikante Relevanz für globale Allokationsentscheidungen hat, auch wenn die US-Politik insgesamt relevant ist.",RISK_OFF,False,"Die 'JA'-Seite bedeutet, dass Darline Graham Nordone die republikanische Nominierung erhält. Ohne spezifische Informationen über ihre politischen Positionen und deren potenziellen Einfluss auf globale Finanzmärkte stellt ihre Nominierung eine politische Veränderung dar. Jede Veränderung im politischen Personal führt neue, wenn auch geringfügige, Unsicherheiten bezüglich der zukünftigen politischen Ausrichtung ein. Diese inhärente Unsicherheit, mangels entgegenwirkender positiver Informationen, wird marginal als 'RISK_OFF'-Faktor interpretiert, selbst angesichts des extrem niedrigen Impacts."
2026-08-17T10:21:32.180602+00:00,2026-08-31T00:00:00Z,2955043,which-company-has-best-ai-model-end-of-august-20260717015626546,Will Anthropic have the best AI model at the end of August 2026?,368421.036482,0.974,active,"ai, tech, ai rankings",Sektorale & Unternehmensereignisse,2,70,90,"Der Markt betrifft die technologische Führerschaft eines spezifischen Unternehmens (Anthropic) innerhalb des transformativen KI-Sektors. Dies ist kein systemisches Risiko oder ein makroökonomisches Ereignis, sondern ein entscheidendes sektorspezifisches und unternehmerisches Ereignis. Die Entwicklung und Dominanz im KI-Bereich ist von höchster Relevanz für Investmentmanager, da sie Sektorbewertungen, Kapitalflüsse und die Wettbewerbslandschaft fundamental beeinflusst. Ein solcher Ausgang könnte signifikante Umstrukturierungen in Technologieportfolios und eine Neuausrichtung von Wachstumsstrategien zur Folge haben.",RISK_ON,False,"Ein 'JA'-Ergebnis, dass Anthropic das beste KI-Modell besitzt, würde als ein positiver Indikator für Innovation und technologischen Fortschritt im entscheidenden KI-Sektor gewertet. Dies würde voraussichtlich zu einer erhöhten Risikobereitschaft im Technologiesektor führen, Kapital in Unternehmen mit starker KI-Positionierung lenken und als Signal für eine verbesserte Produktivität und Wachstumschancen interpretiert werden, was ein 'RISK_ON'-Szenario darstellt."
2026-08-17T10:21:32.180671+00:00,2026-08-18T16:00:00Z,3414461,elon-musk-of-tweets-august-11-august-18,"Will Elon Musk post 140-159 tweets from August 11 to August 18, 2026?",259205.09458999994,0.1005,active,"culture, politics, tweet markets",Keine Relevanz,3,1,95,"Die Anzahl der Tweets eines Einzelnen, selbst einer prominenten Persönlichkeit wie Elon Musk, innerhalb eines spezifischen engen Bereichs und Zeitraums (140-159 Tweets in einer Woche), hat keine erkennbare direkte oder indirekte Relevanz für die Stabilität oder Entwicklung globaler Finanzmärkte. Es handelt sich um ein persönliches, ereignisarmes und mikro-detailiertes Thema ohne signifikanten Einfluss auf Makroökonomie, Geopolitik, Systemstabilität oder breitere Sektoren. Es ist reines Rauschen.",RISK_OFF,False,"Die 'JA'-Seite dieses Prognosemarktes (Elon Musk postet eine bestimmte Anzahl von Tweets) hat keine intrinsische Bedeutung für das globale Finanzrisiko. Weder stellt sie eine Risikoerhöhung noch eine Risikosenkung dar. Die Wahl von 'RISK_OFF' ist hier als Platzhalter zu verstehen, da das Ereignis keine kausale Wirkrichtung auf globale Märkte hat und nicht unter die Definition einer 'RISK_ON'-Normalisierung fällt. Die Relevanz für Risikoanalysen ist faktisch null."
2026-08-17T10:21:32.180773+00:00,2027-01-31T00:00:00Z,609655,us-recession-by-end-of-2026,US recession by end of 2026?,1703919.7695649997,0.075,active,"business, economy, economic policy, macro graph",Makroökonomie & Zentralbanken,1,90,95,"Eine US-Rezession ist ein signifikantes makroökonomisches Ereignis, das weitreichende globale Auswirkungen hat. Als größte Volkswirtschaft der Welt würde eine Kontraktion der US-Wirtschaft (oder die Bestätigung einer solchen) zu erheblichen Turbulenzen an den globalen Finanzmärkten führen, einschließlich eines Rückgangs der Unternehmensgewinne weltweit, einer Verschlechterung der globalen Risikostimmung und einer potenziellen Ansteckung anderer Volkswirtschaften. Dies würde als 'Kill-Switch'-Ereignis für ein globales Multi-Faktor-Portfolio betrachtet werden, das eine vollständige Neuausrichtung der Risikoallokation erfordern würde, um sich auf eine Periode der Marktvolatilität und sinkender Vermögenswerte vorzubereiten. Der 'Impact Score' spiegelt die hohe Wahrscheinlichkeit eines globalen Markt-Crashs oder einer starken Korrektur wider.",RISK_OFF,False,"Das Eintreten einer US-Rezession ('JA'-Seite des Kontrakts) ist ein stark risikoERHÖHENDES Ereignis. Eine Rezession führt typischerweise zu fallenden Unternehmensgewinnen, steigender Arbeitslosigkeit und nachlassendem Konsum und Investitionen. Dies veranlasst Anleger, risikoreiche Anlagen (Aktien, Unternehmensanleihen, Schwellenländer) zu verkaufen und in sicherere Häfen (Staatsanleihen, Gold) zu flüchten, was einen klassischen 'RISK_OFF'-Modus am Markt auslöst."
2026-08-17T10:21:32.601701+00:00,2026-12-31T00:00:00Z,1795655,kash-patel-out-by,Kash Patel out by December 31?,349791.39299500006,0.25,active,"politics, trump, trump cabinet",Politische Struktur & Wahlen,3,2,95,"Kash Patel ist ein politischer Akteur in den USA, primär bekannt für seine Rollen in der Trump-Administration. Seine mögliche Entlassung oder sein Ausscheiden bis zum 31. Dezember ist ein internes politisches Personalereignis ohne direkte oder signifikante Auswirkungen auf die globale Makroökonomie, systemische Stabilität oder geopolitische Beziehungen. Für ein globales Multi-Faktor-Portfolio ist dies als Rauschen zu betrachten, da der Einfluss auf globale Finanzmärkte vernachlässigbar ist.",RISK_ON,False,"Die 'Ja'-Seite (Kash Patel ist raus) könnte von einigen Marktteilnehmern, die ihn mit potenzieller politischer Volatilität oder kontroversen Positionen assoziieren, sehr geringfügig als Reduzierung zukünftiger politischer Reibung und damit als minimal 'RISK_ON' interpretiert werden. Der praktische Effekt auf die Märkte ist jedoch nicht messbar."
2026-08-17T10:21:32.601771+00:00,2026-12-31T00:00:00Z,678777,how-many-different-countries-will-the-us-strike-in-2026,Will the US strike 8 countries in 2026?,316522.78898,0.6435,active,"strike, foreign policy, world, geopolitics",Geopolitischer & Militärischer Schock,1,95,98,"Dieser Markt prognostiziert ein Szenario extremster militärischer Eskalation, bei dem eine globale Supermacht acht Länder angreift. Ein solches Ereignis würde eine beispiellose globale geopolitische Krise auslösen, die Lieferketten, Energieversorgung und den internationalen Handel massiv stören würde. Die Wahrscheinlichkeit eines Flächenbrandes mit direkten oder indirekten Beteiligungen weiterer Großmächte wäre extrem hoch. Dies würde zu einer globalen Panik in den Finanzmärkten führen, mit einem massiven Flight-to-Safety, extremen Volatilitätsspitzen, einer globalen Rezession und potenziell einem systemischen Schock. Es handelt sich eindeutig um ein Kill-Switch-Ereignis für globale Portfolios.",RISK_OFF,False,"Ein 'JA' bei dieser Frage bedeutet den Ausbruch einer massiven, multi-frontären militärischen Konfrontation. Dies ist ein maximales Risikoereignis, das eine extreme Unsicherheit, Destabilisierung und einen sofortigen Abzug von Kapital aus risikoreicheren Anlagen in sichere Häfen (z.B. Staatsanleihen, Gold, bestimmte Währungen) zur Folge hätte. Die Stimmung am Markt wäre extrem 'RISK_OFF'."
2026-08-17T10:21:32.601807+00:00,2026-12-31T00:00:00Z,1553591,cuban-regime-falls-in-2026,Cuban regime falls in 2026?,1613879.6580560002,0.11,active,"geopolitics, trump, cuba, pcc, overthrow, communist party of cuba, miguel diaz-canel, castro",Geopolitischer & Militärischer Schock,2,35,90,"Ein Sturz des kubanischen Regimes würde zwar primär interne Auswirkungen haben, hat aber aufgrund Kubas strategischer Lage und der Nähe zu den USA erhebliche geopolitische Implikationen für die Region (insbesondere für die USA und Lateinamerika). Es könnte zu regionaler Instabilität, Migrationsströmen und einer Neubewertung der US-Lateinamerika-Politik führen. Die direkten globalen wirtschaftlichen Auswirkungen wären aufgrund der geringen Größe der kubanischen Wirtschaft begrenzt, aber die politischen Wellen würden von globalen Portfolio-Managern beachtet werden.",RISK_OFF,False,"Ein Regimesturz, insbesondere eines autoritären Regimes, geht typischerweise mit einer Phase erhöhter politischer Unsicherheit, potenzieller Instabilität, Machtkämpfen und sozialen Verwerfungen einher. Dies führt in der Regel zu einer erhöhten Risikoaversion an den Märkten ('RISK_OFF'), da Investoren volatile Perioden meiden, bis sich die Situation klärt. Langfristige Chancen nach einer Stabilisierung würden die unmittelbaren Risiken eines solchen Ereignisses nicht aufwiegen."
2026-08-17T10:21:32.601840+00:00,2027-01-01T05:00:00Z,691547,kraken-ipo-in-2025,"Kraken IPO by December 31, 2026?",556651.291417,0.125,active,"crypto, exchange, finance, business, 2025 predictions, featured, ipos, crypto listings",Sektorale & Unternehmensereignisse,2,40,90,"Die Notierung eines großen Akteurs wie Kraken an der Börse ist ein spezifisches Unternehmensereignis im Bereich der Finanztechnologie und Kryptowährungen. Während es für den Kryptomarkt von Bedeutung ist und auf eine zunehmende Reife und potenzielle institutionelle Akzeptanz hindeutet, stellt es kein systemisches globales Risiko dar, das die Stabilität der gesamten Finanzmärkte gefährdet. Es ist jedoch relevant genug, um von Managern, die Sektoren wie Fintech oder digitale Assets abdecken, beobachtet zu werden, und fällt somit in den 'Manager-Radar'-Bereich.",RISK_ON,False,"Ein erfolgreicher Börsengang (IPO) eines großen Kryptowährungs-Players wie Kraken wird in der Regel als positives Zeichen für die Reifung und Legitimität des Sektors gewertet. Er kann das Vertrauen der Anleger in digitale Assets stärken, mehr Kapital anziehen und die Liquidität erhöhen. Dies deutet auf eine risikoERHOEHENDE Bereitschaft (RISK_ON) für Investitionen im digitalen Asset-Sektor und möglicherweise in verwandten Tech-Bereichen hin, da es die Marktzugänglichkeit und das Wachstumspotenzial signalisiert."
2026-08-17T10:21:32.601857+00:00,2026-12-31T00:00:00Z,1796138,iran-agrees-to-end-enrichment-of-uranium-by-december-31, Iran agrees to end enrichment of uranium by December 31?,1587976.9486530002,0.135,active,"geopolitics, trump, nuclear, middle east, iran, u.s. x iran, iran ceasefire, politics, negotiation topics, peace deal",Geopolitischer & Militärischer Schock,2,70,95,"Ein Abkommen zur Beendigung der Urananreicherung durch den Iran würde eine erhebliche Deeskalation der geopolitischen Spannungen im Nahen Osten bedeuten. Dies hätte positive Auswirkungen auf die globalen Ölmärkte, würde das Risiko regionaler Konflikte reduzieren und das allgemeine Anlegervertrauen durch die Beseitigung eines großen Tail-Risikos verbessern.",RISK_ON,True,"Die JA-Seite des Kontrakts (Iran stimmt der Beendigung der Anreicherung zu) signalisiert eine Reduzierung des geopolitischen Risikos und eine Bewegung hin zu größerer Stabilität. Dies wird als Normalisierung betrachtet, da eine zentrale Quelle internationaler Spannungen und potenzieller Instabilität entschärft wird."
2026-08-17T10:21:32.601888+00:00,2026-12-31T00:00:00Z,2371882,which-country-will-join-abraham-accords-before-2027,Will Turkey join the Abraham Accords before 2027?,486161.0106289999,0.05,active,"politics, middle east, gaza, world, geopolitics, israel, abraham accords",Geopolitischer & Militärischer Schock,2,75,90,"Turkey's potential entry into die Abraham Accords represents eine signifikante geopolitische Neuausrichtung im Nahen Osten. Als wichtige Regionalmacht und NATO-Mitglied würde ein solcher Schritt die bestehenden Machtdynamiken, Allianzen und die Stabilität in einer global kritischen Region fundamental verändern. Dieses Ereignis ist für globale Portfoliomanager hochrelevant, da es Risikoprämien, Energiemärkte und Anlagestrategien über Schwellenländer und spezifische Sektoren hinweg beeinflussen würde. Es ist eine substantielle geopolitische Entwicklung, wird aber voraussichtlich keinen unmittelbaren globalen Finanzcrash auslösen.",RISK_ON,True,"Der Beitritt zu den Abraham Accords signalisiert eine diplomatische Normalisierung und Friedensvereinbarungen. Tritt die Türkei bei, würde dies eine Reduzierung langjähriger geopolitischer Spannungen und einen Schritt hin zu größerer Stabilität und Kooperation im Nahen Osten bedeuten. Diese Verringerung der Unsicherheit und des Risikos in einer Schlüsselregion wird von den Märkten im Allgemeinen als positive Entwicklung wahrgenommen und ist somit ein 'RISK_ON'-Signal."
2026-08-17T10:21:32.601901+00:00,2026-12-31T00:00:00Z,665474,which-country-will-join-abraham-accords-before-2027,Will Saudi Arabia join the Abraham Accords before 2027?,291415.56229100004,0.065,active,"politics, middle east, gaza, world, geopolitics, israel, abraham accords",Geopolitischer & Militärischer Schock,2,80,90,"Der Beitritt Saudi-Arabiens zu den Abraham Accords wäre eine transformative geopolitische Entwicklung im Nahen Osten. Als größter Ölproduzent und bedeutender strategischer Akteur hätte eine Normalisierung der Beziehungen zu Israel weitreichende Auswirkungen auf die regionale Stabilität, die globalen Energiemärkte, Handelsrouten und die allgemeine Investorenstimmung. Es würde ein erhebliches Maß an geopolitischem Risiko reduzieren, während das Ausbleiben einer solchen Annäherung die bestehenden Spannungen aufrechterhalten könnte. Dies ist ein Ereignis, das auf dem Radar globaler Portfoliomanager steht und strategische Neuausrichtungen erfordert.",RISK_ON,True,"Die Abraham Accords sind Abkommen zur Normalisierung der Beziehungen und zum Frieden. Ein Beitritt Saudi-Arabiens würde eine tiefgreifende Deeskalation langjähriger geopolitischer Spannungen in einer kritischen Region darstellen. Dies würde als ein stabilitätsförderndes Ereignis gewertet, das Risikoprämien senkt und das Vertrauen in die Märkte stärkt, was einer 'RISK_ON'-Bewegung entspricht. Der Vertrag fragt explizit nach der 'Normalisierung' der Beziehungen."
2026-08-17T10:21:32.601918+00:00,2027-07-01T00:00:00Z,2413329,anthropic-ipo-by,"Will Anthropic IPO by September 30, 2026?",504292.16192299995,0.1,active,"finance, ipo, anthropic ipo, anthropic, ipos, dario",Sektorale & Unternehmensereignisse,2,55,95,"Der Börsengang (IPO) eines führenden Unternehmens im Bereich der Künstlichen Intelligenz (KI) wie Anthropic ist ein bedeutendes Ereignis für den Technologiesektor und den gesamten Wachstumsmarkt. Es liefert wichtige Signale über die Investorenbereitschaft, die Bewertung von KI-Unternehmen und die zukünftige Kapitalallokation in einem der strategisch wichtigsten Sektoren der Weltwirtschaft. Für Portfoliomanager mit Tech- und Wachstumsfokus ist dies ein relevanter Faktor, der die sektorale Dynamik beeinflussen kann.",RISK_ON,False,"Ein erfolgreicher IPO von Anthropic, einem der Top-Player im KI-Bereich, würde als starkes Zeichen für das Vertrauen der Investoren in das Unternehmen und den breiteren KI-Sektor interpretiert werden. Dies würde typischerweise eine 'RISK_ON'-Stimmung fördern, insbesondere in wachstumsorientierten Portfolios, da es die Attraktivität und die potenziellen Renditen im Technologiesegment unterstreicht und weiteres Kapital anziehen könnte."
2026-08-17T10:21:32.601927+00:00,2027-07-01T00:00:00Z,2413330,anthropic-ipo-by,"Will Anthropic IPO by December 31, 2026?",376479.8993339999,0.875,active,"finance, ipo, anthropic ipo, anthropic, ipos, dario",Sektorale & Unternehmensereignisse,2,60,90,"Das IPO von Anthropic, einem führenden Unternehmen im Bereich der künstlichen Intelligenz, wäre ein bedeutsames Ereignis für den Technologiesektor und den breiteren Kapitalmarkt. Es würde als Indikator für die Investitionsbereitschaft in hochbewertete Wachstumsunternehmen, insbesondere im AI-Bereich, dienen. Dies hätte Auswirkungen auf die Sektorbewertungen, das Sentiment für Tech-Aktien und die Allokation von Risikokapital. Für ein globales Multi-Faktor-Portfolio ist dies relevant, da es die Performance von Growth-Faktoren und spezifischen Sektor-Exposures beeinflussen kann, ohne jedoch ein systemisches Schockereignis darzustellen.",RISK_ON,False,"Ein erfolgreicher Börsengang von Anthropic würde generell als positives Zeichen für das Marktvertrauen, die Liquidität und die Risikobereitschaft der Anleger im Technologiesektor interpretiert. Es signalisiert, dass der Markt bereit ist, Wachstum zu finanzieren und dass Investoren optimistisch hinsichtlich der Zukunftsaussichten von Schlüsseltechnologien wie KI sind. Dies ist typischerweise mit einem 'Risk-On'-Umfeld verbunden, da es eine stärkere Nachfrage nach risikoreicheren Anlagen und Wachstumswerten impliziert."
2026-08-17T10:21:32.601936+00:00,2027-07-01T00:00:00Z,2421094,anthropic-ipo-by,"Will Anthropic IPO by October 31, 2026?",444174.98302099993,0.695,active,"finance, ipo, anthropic ipo, anthropic, ipos, dario",Sektorale & Unternehmensereignisse,2,55,90,"Der Börsengang (IPO) von Anthropic, einem der führenden Unternehmen im Bereich künstliche Intelligenz, ist ein bedeutendes Ereignis für den Technologiesektor. Er würde als wichtiger Indikator für die Bewertung von KI-Unternehmen, die allgemeine Marktstimmung für Technologie-IPOs und das Anlegerinteresse an wachstumsstarken Innovatoren dienen. Obwohl es kein systemisches Risiko für die globale Wirtschaft darstellt, hat es erhebliche Auswirkungen auf sektorspezifische Anlagestrategien und die breitere Wahrnehmung von innovationsgetriebenem Wachstum. Es gehört daher in die 'Manager-Radar'-Zone.",RISK_ON,False,"Ein erfolgreicher Börsengang von Anthropic würde wahrscheinlich als starkes positives Signal für den KI-Sektor und den gesamten Technologiemarkt interpretiert werden. Dies würde ein robustes Anlegervertrauen und ein günstiges Umfeld für neue Börsennotierungen signalisieren, was typischerweise eine 'RISK_ON'-Stimmung fördert und Investitionen in Wachstumsanlagen anregt. Ein Ausbleiben des IPOs könnte hingegen auf zugrunde liegende Markt- oder unternehmensspezifische Probleme hindeuten und potenziell zu einer 'RISK_OFF'-Stimmung im Tech-Sektor führen."
2026-08-17T10:21:32.601959+00:00,2027-12-31T00:00:00Z,1298649,openai-ipo-closing-market-cap-above,OpenAI IPO closing market cap above $1T?,1046719.6431870001,0.76,active,"finance, ipos, ai, big tech, openai, business, ipo, sam altman, openai ipo",Sektorale & Unternehmensereignisse,2,80,90,"Der potentielle Börsengang von OpenAI mit einer Bewertung über 1 Billion USD wäre ein epochales Ereignis für den Technologiesektor und den breiteren Finanzmarkt. Es würde nicht nur die extreme Dynamik im Bereich der Künstlichen Intelligenz unterstreichen, sondern auch die Bewertungsmultiplikatoren für andere KI- und Tech-Unternehmen beeinflussen. Auch wenn es kein systemisches Stabilitätsrisiko darstellt, wäre es ein Leuchtturmereignis, das die Aufmerksamkeit globaler Portfolio-Manager auf sich zieht und die Allokation von Kapital in bestimmte Sektoren oder Themengebiete maßgeblich beeinflusst. Die schiere Größe der Bewertung macht es zu einem 'Manager-Radar'-Ereignis, weit über 'Rauschen' hinaus.",RISK_ON,False,"Eine erfolgreiche IPO-Bewertung von OpenAI oberhalb von 1 Billion USD würde als starkes Zeichen des Anlegervertrauens in das Wachstumspotenzial der Künstlichen Intelligenz und des gesamten Technologiesektors interpretiert werden. Dies würde tendenziell eine 'RISK_ON'-Stimmung fördern, da Anleger bereit wären, höhere Risiken für überdurchschnittliche Renditen in Wachstums- und Tech-Aktien einzugehen. Es signalisiert eine Fortsetzung der starken Marktperformance im Tech-Sektor und könnte als Katalysator für weitere Investitionen in innovative Technologien wirken, trotz möglicher zukünftiger Blasenbedenken."
2026-08-17T10:21:32.602027+00:00,2026-12-31T00:00:00Z,1073791,how-many-7pt0-or-above-earthquakes-in-2026,Will there be between 11 and 13 earthquakes of magnitude 7.0 or higher worldwide in 2026?,415699.38414000004,0.095,active,"weather, climate & science, science, earthquakes, natural disasters",Keine Relevanz,3,2,95,"Der Markt fragt nach der globalen Häufigkeit von Erdbeben der Stärke 7.0 oder höher innerhalb einer spezifischen Spanne (11-13) im Jahr 2026. Die historische jährliche Durchschnittszahl liegt typischerweise bei 15-20 solcher Ereignisse. Die Prognose einer Häufigkeit in der Spanne von 11-13 ist daher nicht als eine extreme Abweichung anzusehen, die globale systemische Stabilität signifikant beeinflussen, weitreichende Panik auslösen oder ein globales Multi-Faktor-Portfolio merklich beeinflussen würde. Der eigentliche Einfluss von Erdbeben auf Finanzmärkte hängt primär von deren spezifischer Lokation, Tiefe und den betroffenen Infrastrukturen ab, nicht von der globalen Gesamtzahl innerhalb eines relativ normalen oder leicht unterdurchschnittlichen Bereichs. Für ein globales Portfolio stellt dies somit 'Rauschen' dar.",RISK_ON,False,"Die 'JA'-Seite des Kontrakts (11-13 Erdbeben der Stärke 7.0 oder höher) würde eine Häufigkeit bedeuten, die leicht unter dem oder am unteren Ende des historischen Durchschnitts liegt. Eine geringere Anzahl schwerer Naturkatastrophen, wenn auch nur marginal, könnte theoretisch als leicht risikosenkend (RISK_ON) interpretiert werden, da potenzielle globale Störungen, Schäden und damit verbundene Kosten (z.B. Versicherungsleistungen) geringer ausfallen könnten. Der Effekt auf globale Märkte aus dieser spezifischen statistischen Spanne ist jedoch vernachlässigbar."
2026-08-17T10:21:32.602067+00:00,2026-12-31T00:00:00Z,680951,how-high-will-inflation-get-in-2026,Will inflation reach more than 5% in 2026?,308675.0266519999,0.075,active,"inflation, macro indicators, economy, politics",Makroökonomie & Zentralbanken,2,80,95,"Ein prognostizierter Anstieg der Inflation über 5% bis 2026 ist ein signifikantes makroökonomisches Risiko. Dies würde in der Regel aggressive Zinserhöhungen der Zentralbanken bedeuten, was zu höheren Diskontierungssätzen, Druck auf die Unternehmensmargen und potenziell zu einer Rezession führt. Für ein globales Multi-Faktor-Portfolio hätte dies weitreichende Auswirkungen auf Anleihe-, Aktien-, Währungs- und Rohstoffmärkte und würde eine Neubewertung von Risikoprämien und Faktor-Exposures erzwingen.",RISK_OFF,False,"Die 'JA'-Seite dieses Marktes ('Inflation wird mehr als 5% erreichen') stellt ein risikoerhöhendes Ereignis dar. Anhaltend hohe Inflation führt in der Regel zu einer 'RISK_OFF'-Stimmung, da Anleger Sicherheitsassets bevorzugen, höhere Zinserwartungen die Bewertungen von Risikoaktiva unter Druck setzen und die Unsicherheit über zukünftiges Wirtschaftswachstum steigt."
2026-08-17T10:21:32.602092+00:00,2026-01-31T00:00:00Z,1097262,cilia-flores-released-from-custody-by,"Cilia Flores released from custody by December 31, 2026?",328402.68744799984,0.17,active,"trump, geopolitics, politics, venezuela, maduro",Politische Struktur & Wahlen,2,55,85,"Cilia Flores ist die Ehefrau des venezolanischen Präsidenten Nicolás Maduro und eine hochrangige politische Persönlichkeit. Eine mögliche Inhaftierung und Freilassung von ihr stellt ein hochgradig signifikantes politisches Ereignis in Venezuela dar, das die politische Struktur und Stabilität des Landes direkt beeinflusst. Dies könnte auf eine große Verschiebung in den Machtverhältnissen, der Stabilität des Regimes oder den internationalen Beziehungen Venezuelas hindeuten. Obwohl es kein globales systemisches Risiko darstellt, hat ein solches Ereignis regionale geopolitische Implikationen, insbesondere für Ölmärkte, Migration und Beziehungen zu den USA und Nachbarländern, und erfordert daher die Aufmerksamkeit von Portfoliomanagern.",RISK_ON,False,"Die Freilassung einer hochrangigen politischen Persönlichkeit wie Cilia Flores, insbesondere wenn sie aufgrund von politischem oder internationalem Druck inhaftiert wäre, würde in der Regel eine Deeskalation politischer Spannungen, eine erfolgreiche Verhandlung oder eine Verschiebung hin zu einem stabileren (oder weniger konfliktreichen) politischen Umfeld in Venezuela signalisieren. Ein solches Ergebnis würde die politische Unsicherheit und die damit verbundenen Risiken für regionale und potenziell globale Märkte reduzieren."
2026-08-17T10:21:32.602121+00:00,2026-12-31T00:00:00Z,666667,who-will-leave-trump-administration-before-2027,Will Kash Patel leave the Trump administration before 2027?,301236.7650359999,0.25,active,"politics, trump",Keine Relevanz,3,1,95,"Die Prognosemarktfrage befasst sich mit dem potenziellen Abgang von Kash Patel aus einer hypothetischen zukünftigen Trump-Administration vor 2027. Kash Patel ist zwar eine prominente politische Figur, hat jedoch keine Rolle auf Kabinettsebene (wie z.B. Finanzminister, Außenminister oder Zentralbankchef) inne, deren Abgang direkte, messbare oder signifikante Auswirkungen auf globale Finanzmärkte oder die Makroökonomie hätte. Es handelt sich hierbei um ein hochspezifisches personelles Ereignis innerhalb der innenpolitischen Sphäre der USA, das für ein globales Multi-Faktor-Portfolio als Rauschen ('Noise') einzustufen ist und keine direkte Relevanz für systemische Stabilität, geopolitische Entwicklungen oder wichtige Wirtschaftsindikatoren besitzt.",RISK_ON,False,"Die 'JA'-Seite des Kontrakts bedeutet, dass Kash Patel die Administration verlässt. Im äußerst unwahrscheinlichen Fall, dass dieses Ereignis überhaupt eine wahrnehmbare Reaktion auf globalen Finanzmärkten hervorrufen würde, könnte es marginal als 'RISK_ON' interpretiert werden. Kash Patel wird oft mit polarisierenden oder konfrontativen Aspekten der Trump-Administration in Verbindung gebracht. Sein Abgang könnte von einigen Marktteilnehmern als eine minimale Reduzierung der politischen Unsicherheit oder als eine Bewegung weg von potenziell unbeständigen Elementen innerhalb der Regierung wahrgenommen werden, was theoretisch eine sehr geringe Tendenz zu 'RISK_ON' bedeuten würde. Die tatsächliche Marktrelevanz ist jedoch praktisch nicht vorhanden."
2026-08-17T10:21:32.602160+00:00,2026-12-31T00:00:00Z,1294368,what-will-gold-gc-hit-by-end-of-december,"Will Gold (GC) hit (HIGH) $6,000 by end of December?",897009.2121100001,0.115,active,"gold, comex gold features, hide from new, commodities, finance",Systemische Stabilitätsrisiken,1,95,95,"Ein Anstieg des Goldpreises auf 6.000 US-Dollar bis Jahresende würde eine extrem seltene und schwerwiegende Störung des globalen Finanzsystems signalisieren. Dies würde auf eine massive Flucht in sichere Häfen hindeuten, getrieben durch tiefe systemische Stabilitätsrisiken wie Hyperinflation, eine globale Währungskrise, einen weitreichenden Verlust des Vertrauens in zentrale Finanzinstitutionen oder eine Eskalation geopolitischer Spannungen zu einem global systemrelevanten Schock. Ein solches Ereignis würde weitreichende und katastrophale Auswirkungen auf alle Anlageklassen und die Weltwirtschaft haben, was es zu einem 'Kill-Switch'-Ereignis macht und eindeutig in Zone 1 einordnet.",RISK_OFF,False,"Das Erreichen von 6.000 US-Dollar für Gold bedeutet, dass die 'Ja'-Seite des Kontrakts eintritt. Ein solcher extremer Anstieg des Goldpreises ist ein unmissverständliches Zeichen für ein 'RISK_OFF'-Szenario. Investoren würden risikoreiche Anlagen meiden und panisch in den vermeintlichen sicheren Hafen Gold flüchten, was ein hohes Maß an Angst, Unsicherheit und eine Destabilisierung der Märkte indiziert. Dies ist keineswegs eine Rückkehr zur Normalität."
2026-08-17T10:21:32.602227+00:00,2026-12-31T00:00:00Z,687642,china-x-japan-military-clash-before-2027,China x Japan military clash before 2027?,1284967.02295,0.075,active,"hfc, china, world, geopolitics, japan",Geopolitischer & Militärischer Schock,1,90,95,"Ein militärischer Konflikt zwischen China und Japan würde zwei der weltweit größten Volkswirtschaften und Militärmächte umfassen. Dies hätte immense globale Auswirkungen auf Handel, Lieferketten (insbesondere Halbleiter und maritime Schifffahrt), Rohstoffpreise und Finanzmärkte. Es würde höchstwahrscheinlich andere Großmächte (z.B. die USA aufgrund von Sicherheitsabkommen) involvieren und zu einem schweren geopolitischen und wirtschaftlichen Schock, globaler Marktpanik und erheblicher Neupreisgestaltung von Vermögenswerten führen.",RISK_OFF,False,"Die 'JA'-Seite dieses Prognosemarktes, dass ein militärischer Zusammenstoß stattfindet, beschreibt ein risikoERHÖHENDES Ereignis. Eine steigende Wahrscheinlichkeit dafür würde zu einem massiven Abzug von Kapital aus Risikopositionen und einer Flucht in sichere Häfen führen ('RISK_OFF')."
2026-08-17T10:21:32.602293+00:00,,897019,who-will-close-warner-bros-acquisition,Will Paramount close Warner Bros acquisition?,524811.668222,0.735,active,"politics, tech, big tech, warner bros",Sektorale & Unternehmensereignisse,3,6,95,"Die mögliche Übernahme eines großen Medienunternehmens durch ein anderes ist zwar für die direkt beteiligten Unternehmen und den Mediensektor von Bedeutung, stellt jedoch kein systemisches Risiko dar und hat keinen umfassenden Einfluss auf globale Finanzmärkte oder die diversifizierten Faktoren eines globalen Multi-Faktor-Portfolios. Ihre Relevanz ist auf ein spezifisches Industriesegment beschränkt und fällt für ein globales Portfolio in die Kategorie 'Rauschen'.",RISK_OFF,False,"Das erfolgreiche Zustandekommen einer großen Akquisition bringt erhebliche Integrationsrisiken, potenzielle Schuldenlasten und strategische Ausführungsherausforderungen für das übernehmende Unternehmen mit sich. Dies kann auch zu erhöhter Wettbewerbsintensität oder regulatorischer Prüfung innerhalb des Sektors führen. Solche Faktoren werden aus Risikosicht eher als risikoERHÖHEND (RISK_OFF) denn als risikosenkend betrachtet."
2026-08-17T10:21:32.602371+00:00,2026-12-31T00:00:00Z,1075290,how-many-large-volcano-eruption-vei-4-in-2026-657,Will there be exactly 0 confirmed VEI 4 or higher volcanic eruptions worldwide in 2026?,499082.08975000004,0.715,active,"climate & science, earthquakes, weather, natural disasters, science",Systemische Stabilitätsrisiken,1,85,90,"Dieser Markt bewertet das potenzielle Ausbleiben von vulkanischen Großereignissen (VEI 4 oder höher). Die Definition schließt Supervulkane (VEI 8) sowie andere hochpotente Ausbrüche (z.B. VEI 6-7 wie Krakatoa oder Tambora) ein, welche explizit als 'Systemische Stabilitätsrisiken' und Zone 1 deklariert sind. Selbst VEI 4-5 Ereignisse können erhebliche regionale Auswirkungen auf Luftverkehr, Klima und Wirtschaft haben, das 'oder höher' deutet jedoch auf das Risiko globaler, katastrophaler Auswirkungen hin, sollte die '0'-Bedingung nicht erfüllt werden. Ein Ausbleiben solcher Ereignisse ist global von größter Bedeutung für die Systemstabilität.",RISK_ON,False,"Die JA-Seite des Marktes ('Exactly 0 confirmed VEI 4 or higher volcanic eruptions') bedeutet, dass im Jahr 2026 keine signifikanten oder katastrophalen Vulkanausbrüche stattfinden. Dies ist ein risikoSENKENDES Ereignis, da es das Ausbleiben potenziell verheerender globaler Schocks signalisiert. Daher ist die JA-Seite als 'RISK_ON' zu bewerten. Es handelt sich nicht um einen Normalisierungskontrakt, da er das Ausbleiben einer *neuen* Störung und nicht die Wiederherstellung der Normalität nach einer bereits bestehenden Abweichung misst."
2026-08-17T10:21:32.602381+00:00,2026-12-31T00:00:00Z,1075291,how-many-large-volcano-eruption-vei-4-in-2026-657,Will there be exactly 1 confirmed VEI 4 or higher volcanic eruption worldwide in 2026?,273925.42773100006,0.19,active,"climate & science, earthquakes, weather, natural disasters, science",Keine Relevanz,3,3,90,"Der Markt fragt nach der spezifischen Bedingung 'genau 1 bestätigten Vulkanausbruch der Stärke VEI 4 oder höher weltweit im Jahr 2026'. Ein einzelner Vulkanausbruch der Stärke VEI 4 (z.B. Eyjafjallajökull 2010), obwohl regional und sektoral (z.B. Luftfahrt) bedeutsam, wird auf globaler Ebene in der Regel nicht als systemisches Risiko eingestuft, das die Stabilität globaler Finanzmärkte gefährden würde. Solche Ereignisse kommen mit gewisser Regelmäßigkeit vor und verursachen selten weitreichende, globale Schocks. Die zusätzliche Bedingung 'genau 1' verlagert den Fokus von der potenziellen Auswirkung eines Vulkanausbruchs auf eine präzise statistische Zählung, was für eine globale Risikoanalyse von geringer Relevanz ist. Für ein globales Multi-Faktor-Portfolio stellt dieser Kontrakt primär Rauschen dar, da die erwarteten Auswirkungen nicht makroökonomisch oder systemisch bedeutsam wären.",RISK_OFF,False,"Ein Vulkanausbruch, selbst wenn er keine globalen systemischen Auswirkungen hat, stellt per se eine Störung dar. Er ist mit potenziellen Kosten, Zerstörungen, Unterbrechungen von Lieferketten oder Beeinträchtigungen von Transportwegen (z.B. Luftverkehr) verbunden. Die Bestätigung eines solchen Ereignisses würde daher im Allgemeinen als risikoerhöhend (RISK_OFF) für die betroffenen Sektoren und Regionen gewertet, auch wenn die globale Relevanz als gering eingestuft wird."
2026-08-17T10:21:32.602411+00:00,2026-12-31T03:59:00Z,2639520,israeli-forces-withdraw-from-beyond-the-litani-river-by-20260607234645733,Will Israeli forces withdraw from beyond the Litani River by December 31,319820.24795700016,0.115,active,"israel, litani, lebanon, politics, geopolitics, middle east, israel x iran, rewards 50, 4.5, 20, peace deal",Geopolitischer & Militärischer Schock,2,65,90,"Der Markt befasst sich mit dem Abzug israelischer Truppen aus dem Libanon, was ein direktes militärisches und geopolitisches Ereignis in einer extrem volatilen Region ist. Das Ergebnis hat erhebliche Implikationen für die regionale Stabilität, die Ölpreise, die Seefahrt (indirekt) und das globale Anlegersentiment. Eine Eskalation oder Deeskalation in diesem Konflikt erfordert die Aufmerksamkeit von Portfoliomanagern, da sie das globale Risikoprofil beeinflusst, ohne jedoch unmittelbar einen globalen Kill-Switch auszulösen.",RISK_ON,True,"Ein 'JA' auf diese Frage bedeutet einen Abzug der israelischen Streitkräfte aus dem Libanon. Dies würde als eine Deeskalation militärischer Spannungen und eine Reduzierung des unmittelbaren Konfliktrisikos in der Region wahrgenommen werden. Solche Ereignisse führen in der Regel zu einer Verringerung der Risikoaversion an den Märkten und fördern ein 'RISK_ON'-Sentiment, da die Besorgnis über eine regionale Eskalation und mögliche Auswirkungen auf globale Lieferketten und Energiepreise nachlässt. Es handelt sich um eine Rückkehr zur 'Normalität' im Sinne einer Reduzierung militärischer Präsenz."
2026-08-17T10:21:32.602431+00:00,2026-12-31T00:00:00Z,1397281,will-russia-capture-all-of-kostyantynivka-by,"Will Russia capture all of Kostyantynivka by December 31, 2026?",514075.56096900004,0.505,active,"politics, ukraine map, geopolitics",Geopolitischer & Militärischer Schock,2,65,90,"Der Markt bezieht sich auf einen taktischen militärischen Erfolg Russlands im anhaltenden Krieg in der Ukraine. Dies ist ein klares geopolitisches und militärisches Ereignis. Obwohl die Eroberung einer einzelnen Stadt in der Ukraine kein 'Kill-Switch'-Ereignis für die Weltwirtschaft darstellt, ist der Ausgang des Konflikts und die damit verbundenen militärischen Fortschritte für globale Multi-Faktor-Portfolios relevant. Er beeinflusst Risikoprämien, Rohstoffpreise (insbesondere Energie und Agrarprodukte) und die europäische Stabilität. Daher gehört es auf das 'Manager-Radar' (Zone 2) und hat einen moderaten bis signifikanten Einfluss innerhalb dieses Bereichs.",RISK_OFF,False,"Ein 'Ja' (Russland erobert Kostyantynivka) würde einen militärischen Erfolg für Russland in diesem Konflikt bedeuten. Dies würde voraussichtlich zu einer erhöhten geopolitischen Unsicherheit, einer potenziellen Eskalation oder Verlängerung des Krieges führen und damit die Risikobereitschaft an den Märkten reduzieren, was als 'RISK_OFF'-Ereignis zu bewerten ist. Es stellt keine Normalisierung dar, sondern eine Verschlechterung der Konfliktsituation aus Marktsicht."
2026-08-17T10:21:32.602445+00:00,,630772,maine-senate-election-winner,Will the Democrats win the Maine Senate race in 2026?,716344.357804,0.695,active,"maine midterm, senate midterms, midterms, us election, politics, elections, graham platner, susan collins, troy jackson",Politische Struktur & Wahlen,3,2,90,"Der Markt betrifft eine spezifische Senatswahl in einem einzelnen US-Bundesstaat (Maine) im Jahr 2026. Für ein globales Multi-Faktor-Portfolio ist dies ein hochlokalisiertes und granuläres politisches Ereignis, das zudem noch zwei Jahre in der Zukunft liegt. Der direkte Einfluss auf globale Finanzmärkte, Makroökonomie oder systemische Stabilität ist als vernachlässigbar einzustufen. Es handelt sich um 'Rauschen' für globale Portfolioentscheidungen, da selbst der Ausgang einer US-Senatswahl auf globaler Ebene selten direkte Auswirkungen hat, geschweige denn eine einzelne Wahl in einem Bundesstaat.",RISK_OFF,False,"Für ein derart granuläres Ereignis mit minimaler globaler Relevanz ist es schwierig, eine eindeutige globale Risikoausrichtung zu definieren. Die 'Ja'-Seite ('Demokraten gewinnen') könnte jedoch, basierend auf einer sehr allgemeinen und oft vereinfachten Marktwahrnehmung, mit potenziellen politischen Veränderungen (z.B. erhöhte Regulierung, potenziell höhere Steuern oder erhöhte Staatsausgaben) assoziiert werden, die von Teilen der Märkte als weniger vorteilhaft für Unternehmensgewinne oder als steigendes fiskalisches Risiko interpretiert werden könnten. Dies würde in einem sehr eingeschränkten und global kaum spürbaren Kontext zu einer leicht 'RISK_OFF'-Tendenz führen. Die tatsächliche Auswirkung ist jedoch für ein globales Portfolio als vernachlässigbar einzustufen."
2026-08-17T10:21:32.602454+00:00,,630773,maine-senate-election-winner,Will the Republicans win the Maine Senate race in 2026?,431735.794925,0.295,active,"maine midterm, senate midterms, midterms, us election, politics, elections, graham platner, susan collins, troy jackson",Keine Relevanz,3,1,95,"Die 'Maine Senate race' im Jahr 2026, ob auf Bundes- oder auf einzelstaatlicher Ebene, hat für ein globales Multi-Faktor-Portfolio praktisch keine direkte oder indirekte Relevanz. Es handelt sich um ein sehr lokales/nationales politisches Ereignis, dessen Auswirkungen auf globale Finanzmärkte oder systemische Risiken vernachlässigbar sind. Es fällt klar in die Kategorie 'Rauschen' für die Bewertung globaler Risiken.",RISK_ON,False,"Da das Ereignis als 'Keine Relevanz' eingestuft wird und der Impact Score minimal ist (1 von 10), ist die Zuweisung einer Wirkrichtung ('RISK_OFF' oder 'RISK_ON') im Kontext globaler Finanzmärkte faktisch nicht zutreffend. Wenn jedoch eine Auswahl erzwungen wird, könnte die Klärung eines Wahlergebnisses (unabhängig vom Gewinner) im Allgemeinen eine minimale Reduzierung lokaler Unsicherheit bedeuten, was technisch als eine winzige Bewegung hin zu 'RISK_ON' interpretiert werden könnte, obwohl der globale Einfluss Null ist. Es handelt sich nicht um eine Normalisierung im Sinne der Beispiele."
2026-08-17T10:21:32.602502+00:00,2027-01-03T00:00:00Z,637910,will-mitch-mcconnell-resign-from-the-senate-before-his-term-ends,Mitch McConnell steps down from Senate before his term ends?,1145041.5218950002,0.235,active,"politics, congress, senate",Politische Struktur & Wahlen,2,35,95,"Der mögliche Rücktritt von Mitch McConnell, einer langjährigen und einflussreichen Figur in der US-Politik, wäre ein bedeutendes Ereignis für die politische Struktur der Vereinigten Staaten. Obwohl es keinen globalen systemischen Schock oder eine globale Panik auslösen würde, hätte ein solcher Führungswechsel direkte Auswirkungen auf die interne Dynamik der Republikanischen Partei, die legislative Agenda des Senats und die Erwartungen an die politische Stabilität in den USA. Für globale Multi-Faktor-Portfolios ist dies ein Ereignis, das auf dem Radar von Managern liegen sollte, da es die politische Risikoprämie für US-Assets leicht beeinflussen und potenzielle Auswirkungen auf spezifische Sektoren oder Fiskalpolitik haben könnte, auch wenn der globale Spillover-Effekt begrenzt ist.",RISK_OFF,False,"Der Rücktritt einer so etablierten Führungspersönlichkeit würde eine Periode der Ungewissheit hinsichtlich der Nachfolge, der zukünftigen Strategie der Republikaner im Senat und der potenziellen Auswirkungen auf die Gesetzgebung (z.B. Haushaltsverhandlungen, Ernennungen) einleiten. Märkte präferieren Stabilität und Vorhersehbarkeit; eine erhöhte politische Unsicherheit wird tendenziell als ein leichter 'RISK_OFF'-Faktor wahrgenommen, da sie das Potenzial für unerwartete politische Entwicklungen erhöht."
2026-08-17T10:21:32.602572+00:00,2026-08-31T16:00:00Z,2926628,next-google-gemini-pro-model-released-byptptpt,"Will the next Google Gemini Pro model be released by August 31, 2026?",282723.088467,0.1425,active,"ai, tech, gemini, google, ai releases, gemini pro",Sektorale & Unternehmensereignisse,3,6,90,"Der Markt betrifft die Veröffentlichung eines spezifischen Produktes (Google Gemini Pro Modell) eines einzelnen Unternehmens (Google/Alphabet) innerhalb des Technologiesektors. Während KI ein wichtiger Trend ist, ist der genaue Zeitpunkt der Veröffentlichung der 'nächsten' Generation dieses Modells bis zu einem bestimmten Datum primär ein unternehmensspezifisches Ereignis. Für ein globales Multi-Faktor-Portfolio ist die direkte Relevanz für breite Marktbewegungen oder systemische Risiken gering, auch wenn es für den Technologiesektor und einzelne Aktienpositionen bedeutsam sein kann. Es fällt eher in die Kategorie 'Rauschen' für die *globale* Risikoanalyse.",RISK_ON,False,"Die erfolgreiche und pünktliche Veröffentlichung eines neuen, fortschrittlichen KI-Modells durch einen führenden Technologiekonzern wie Google wird im Allgemeinen als positives Signal für das Unternehmen und den Technologiesektor gewertet. Dies deutet auf Innovation, Wettbewerbsfähigkeit und Wachstumspotenzial hin, was typischerweise zu einer 'RISK_ON'-Stimmung bei den Anlegern führt und sich positiv auf die Aktien des Unternehmens und verwandte Tech-Werte auswirken kann."
2026-08-17T10:21:32.602604+00:00,2026-09-30T00:00:00Z,2479348,tesla-and-spacex-merger-officially-announced-by-june-30,Tesla and SpaceX merger officially announced by September 30?,329514.37623299996,0.0645,active,"tesla, elon musk, spacex, big tech, space, tech",Sektorale & Unternehmensereignisse,2,70,90,"Der Titel beschreibt die potenzielle Fusion zweier hochprofilierter und marktprägender Unternehmen: Tesla und SpaceX. Obwohl es sich um ein unternehmensspezifisches Ereignis handelt, sind beide Firmen von globaler Bedeutung in ihren jeweiligen Sektoren (Automobil, Energie, Weltraum, Technologie) und haben erheblichen Einfluss auf die Marktsentiment- und Kapitalströme. Eine solche Fusion würde weitreichende Implikationen für Wettbewerber, Lieferketten, Investoren und die Bewertung ganzer Branchen haben. Dies rechtfertigt die Einstufung als 'Sektorale & Unternehmensereignisse' und 'Manager-Radar' (Zone 2), da es die Aufmerksamkeit von Portfolio Managern erfordern würde, ohne jedoch einen globalen systemischen Schock auszulösen.",RISK_OFF,False,"Die Ankündigung einer solch großen und komplexen Fusion würde zunächst erhebliche Unsicherheit in den Markt bringen. Fragen zur Bewertung des kombinierten Unternehmens, zu Integrationsrisiken, potenziellen regulatorischen Hürden, synergistischen Effekten und möglichen Verwässerungen für bestehende Aktionäre von Tesla würden aufkommen. Obwohl eine Fusion langfristig positive Auswirkungen haben könnte, führt die sofortige Notwendigkeit einer Neubewertung von Risiken und Chancen sowie die erhöhte Komplexität in der Regel zu einer initialen Risikoaversion ('RISK_OFF') für die betroffenen Werte und Sektoren, da Investoren Zeit benötigen, um die Implikationen vollständig zu verarbeiten und die zukünftige Performance abzuschätzen. Es handelt sich um ein neues, transformatives Ereignis, nicht um die Rückkehr zu einem normalen Zustand."
2026-08-17T10:21:32.602694+00:00,2026-12-31T00:00:00Z,2264327,russia-x-ukraine-ceasefire-by,"Russia x Ukraine ceasefire by October 31, 2026?",311349.664112,0.085,active,"geopolitics, ukraine peace deal, putin, zelensky, trump, ukraine, zelenskyy",Geopolitischer & Militärischer Schock,1,88,95,"Der Krieg in der Ukraine hat weitreichende globale Auswirkungen auf Energie- und Rohstoffmärkte, Lieferketten, Inflation und die geopolitische Stabilität. Ein Waffenstillstand bis Oktober 2026 würde eine signifikante De-Eskalation eines der größten geopolitischen Risiken der letzten Jahrzehnte darstellen, während das Ausbleiben eines solchen die anhaltende Unsicherheit und potenzielle Eskalation dieses systemischen Risikofaktors unterstreichen würde. Die Implikationen sind global und beeinflussen alle Sektoren.",RISK_ON,True,"Die JA-Seite des Kontrakts ('Waffenstillstand') würde eine Reduzierung der geopolitischen Spannungen und Unsicherheiten bedeuten. Dies wäre generell positiv für die globalen Finanzmärkte, da es zu einer Entspannung der Rohstoffpreise, einer Verbesserung des Investorenvertrauens und einer Verringerung systemischer Risiken führen könnte. Es ist ein Ereignis, das auf eine Rückkehr zur Normalität nach einer Phase signifikanter Störung hindeutet."
2026-08-17T10:21:32.602703+00:00,2026-12-31T00:00:00Z,2264328,russia-x-ukraine-ceasefire-by,"Russia x Ukraine ceasefire by December 31, 2026?",373052.3160739999,0.195,active,"geopolitics, ukraine peace deal, putin, zelensky, trump, ukraine, zelenskyy",Geopolitischer & Militärischer Schock,1,88,95,"Der Krieg zwischen Russland und der Ukraine ist ein geopolitischer und militärischer Schock von globaler Tragweite, der weitreichende Auswirkungen auf Energie- und Rohstoffmärkte, globale Lieferketten, Inflation und die allgemeine geopolitische Stabilität hatte. Ein Waffenstillstand würde eine signifikante Deeskalation dieses Konflikts darstellen und somit eine der größten Quellen globaler Unsicherheit und makroökonomischer Instabilität beseitigen oder zumindest stark reduzieren.",RISK_ON,True,"Ein Waffenstillstand würde eine erhebliche Risikoreduktion bedeuten, da er eine Entspannung der geopolitischen Lage, potenziell sinkende Energie- und Rohstoffpreise, eine Stabilisierung der Lieferketten und eine Abnahme der Inflationsängste mit sich bringen würde. Dies wäre ein klares Signal für die Märkte, Risiken wieder stärker einzugehen ('RISK_ON') und wäre ein Schritt in Richtung Normalisierung der von der Krise gestörten globalen Verhältnisse."
2026-08-17T10:21:32.602788+00:00,2026-12-31T00:00:00Z,677356,india-strike-on-pakistan-by,"Will India strike Pakistan by December 31, 2026?",323258.6721270001,0.125,active,"politics, india-pakistan, geopolitics, world",Geopolitischer & Militärischer Schock,1,85,95,"Ein militärischer Schlag zwischen Indien und Pakistan, zwei Atommächten, stellt ein erhebliches globales Risiko dar. Ein solches Ereignis würde eine massive regionale Destabilisierung hervorrufen und könnte weitreichende Konsequenzen für globale Finanzmärkte haben, einschliesslich eines Flugs in sichere Häfen, Störungen von Lieferketten und Energieversorgungsrouten sowie potenzielle Einmischung globaler Grossmächte. Die inhärente Gefahr einer Eskalation, auch wenn gering, rechtfertigt die Einordnung in Zone 1 als potenziellen 'Kill-Switch'-Auslöser für globale Panikereignisse, nicht zuletzt wegen der nuklearen Dimension, die die Anweisung explizit als Teil von 'Systemische Stabilitätsrisiken' und Zone 1 hervorhebt.",RISK_OFF,False,"Die 'JA'-Seite des Kontrakts bedeutet, dass Indien Pakistan angreift. Dies ist ein eindeutig risikoERHOEHENDES Ereignis, das zu erhöhter Unsicherheit und Risikoaversion an den globalen Märkten führen würde. Es handelt sich nicht um eine Rückkehr zur Normalität, sondern um den Beginn eines Konflikts."
2026-08-17T10:21:32.602945+00:00,2026-12-31T00:00:00Z,950852,bitcoin-vs-gold-vs-sp-500-in-2026,Will Bitcoin have the best performance in 2026?,428912.3563179999,0.125,active,"s&p 500, price comparison, crypto prices, finance, crypto, spx, bitcoin, commodities",Sektorale & Unternehmensereignisse,2,55,95,"Dieser Prognosemarkt bewertet die relative Performance von Bitcoin im Vergleich zu anderen globalen Finanzanlagen über einen zukünftigen Zeitraum. Für ein globales Multi-Faktor-Portfolio ist die Leistung von Bitcoin ein relevanter Indikator für die Marktstimmung, die Risikobereitschaft der Anleger und potenzielle Kapitalströme in den Bereich der digitalen Vermögenswerte. Eine signifikante Outperformance von Bitcoin würde auf eine Verschiebung der Anlegerpräferenzen und des Kapitalflusses hindeuten, was die Allokationsentscheidungen und Faktor-Exposures des Portfolios beeinflussen kann. Es ist kein systemisches Risiko oder Makroereignis im direkten Sinne, aber ein wichtiger Faktor für das Management von Sektor- und Stil-Risiken.",RISK_ON,False,"Ein 'JA'-Ergebnis, bei dem Bitcoin die beste Performance erzielt, würde typischerweise ein starkes Risiko-Bereitschafts-Umfeld (RISK_ON) signalisieren. In einem solchen Szenario sind Anleger eher bereit, in hochvolatile, spekulative und potenziell wachstumsstarke Anlagen wie Bitcoin zu investieren, was auf eine erhöhte Risikobereitschaft und einen optimistischen Ausblick hindeutet."
2026-08-17T10:21:32.602954+00:00,2026-12-31T00:00:00Z,950853,bitcoin-vs-gold-vs-sp-500-in-2026,Will Gold have the best performance in 2026?,268229.7887089999,0.185,active,"s&p 500, price comparison, crypto prices, finance, crypto, spx, bitcoin, commodities",Makroökonomie & Zentralbanken,2,65,90,"Der Markt bewertet die zukünftige Performance von Gold im Vergleich zu anderen Anlageklassen im Jahr 2026. Gold ist ein traditioneller 'Safe-Haven'-Vermögenswert und ein Indikator für Inflation, Realzinsen und geopolitische Unsicherheit. Eine Voraussage über seine Bestleistung spiegelt eine Einschätzung der zukünftigen makroökonomischen Bedingungen (Inflation, Zinspolitik der Zentralbanken, Wirtschaftswachstum/Rezession) wider, die für die strategische Asset-Allokation eines globalen Portfolios von hoher Relevanz ist.",RISK_OFF,False,"Eine überdurchschnittliche Performance von Gold deutet typischerweise auf ein 'RISK_OFF'-Szenario hin, da Investoren in Zeiten hoher Inflation, wirtschaftlicher Unsicherheit, niedriger Realzinsen oder erhöhter geopolitischer Risiken Schutz in 'Safe-Haven'-Anlagen suchen und risikoreichere Assets meiden."
2026-08-17T10:21:32.879123+00:00,2026-12-31T00:00:00Z,1403679,romanian-pm-bolojan-out-by,Romanian PM Bolojan out by December 31?,320346.9991469998,0.88,active,"romania, politics, world, romania government",Politische Struktur & Wahlen,3,4,95,"Der Markt betrifft einen möglichen Regierungswechsel in Rumänien. Für ein globales Multi-Faktor-Portfolio ist der direkte Einfluss eines solchen Ereignisses in einer relativ kleineren EU-Volkswirtschaft minimal. Es stellt weder ein systemisches Stabilitätsrisiko dar, noch wird es globale Panik auslösen. Das Ereignis fällt in die Kategorie 'Rauschen' für globale Märkte, könnte aber für spezialisierte regionale Portfolios eine geringe Relevanz haben.",RISK_OFF,False,"Ein möglicher Wechsel des Premierministers führt in der Regel zu einer erhöhten politischen Unsicherheit bezüglich zukünftiger Regierungsstrategien und Stabilität, was tendenziell als risikoerhöhend (RISK_OFF) wahrgenommen wird, auch wenn der globale Impact gering ist."
2026-08-17T10:21:32.879165+00:00,2027-03-31T00:00:00Z,1007579,will-russia-capture-sumy-before-october,"Will Russia capture Sumy by March 31, 2027?",402312.3955510001,0.075,active,"geopolitics, world, putin, russia capture, ukraine map",Geopolitischer & Militärischer Schock,2,80,95,"Die mögliche Eroberung Sumys durch Russland würde einen signifikanten militärischen Erfolg Russlands im andauernden Krieg in der Ukraine darstellen. Dies wäre ein wichtiges geopolitisches Ereignis, das die globale Risikobereitschaft, Energiemärkte, Lieferketten und internationale Beziehungen erheblich beeinflussen würde. Obwohl es für sich genommen kein 'Kill-Switch'-Ereignis ist, wäre es eine kritische Entwicklung, die Asset-Manager beobachten und auf die sie reagieren müssten, weshalb es eindeutig in die Kategorie 'Manager-Radar' fällt.",RISK_OFF,False,"Das 'JA'-Ereignis (Russland erobert Sumy) signalisiert eine Verschlechterung der geopolitischen Lage aus Sicht der Marktstabilität. Es würde voraussichtlich zu erhöhter Unsicherheit, verschärften geopolitischen Spannungen, einem Potenzial für weitere Eskalation und negativen wirtschaftlichen Auswirkungen (z.B. Rohstoffpreisvolatilität, erhöhte Verteidigungsausgaben) führen und somit eine 'RISK_OFF'-Reaktion an den globalen Finanzmärkten auslösen."
2026-08-17T10:21:32.879219+00:00,,630963,texas-senate-election-winner,Will the Democrats win the Texas Senate race in 2026?,382504.11845999997,0.515,active,"texas senate, texas midterm, senate midterms, ken paxton, james talarico, midterms, politics, us election, elections",Politische Struktur & Wahlen,2,35,90,"Eine Senatsabstimmung in einem wichtigen US-Bundesstaat wie Texas kann ein Indikator für breitere politische Trends in den USA sein. Änderungen in der Zusammensetzung des US-Senats können die nationale Politik (z.B. Fiskal-, Regulierungs-, Handelspolitik) beeinflussen, was sich wiederum auf die globalen Märkte und die Anlegerstimmung auswirkt. Auch wenn es sich nicht um einen direkten globalen Schock handelt, verdient es aufgrund seiner potenziellen langfristigen Auswirkungen auf die größte Volkswirtschaft der Welt Aufmerksamkeit.",RISK_OFF,False,"Ein Sieg der Demokraten in Texas, insbesondere wenn er unerwartet ist, könnte eine Verschiebung der politischen Landschaft hin zu potenziell verstärkter Regulierung oder Besteuerung signalisieren. Solche Verschiebungen führen oft zu Unsicherheit und können von einem breiten Markt als weniger günstig wahrgenommen werden, was zu einer 'RISK_OFF'-Stimmung führt."
2026-08-17T10:21:32.879229+00:00,,630964,texas-senate-election-winner,Will the Republicans win the Texas Senate race in 2026?,423086.90311700007,0.495,active,"texas senate, texas midterm, senate midterms, ken paxton, james talarico, midterms, politics, us election, elections",Politische Struktur & Wahlen,3,2,95,"Der Prognosemarkt befasst sich mit dem Ausgang einer einzelnen staatlichen Senatswahl in den Vereinigten Staaten im Jahr 2026. Obwohl die US-Politik globale Märkte beeinflussen kann, hat ein spezifisches Rennen im Senat von Texas, insbesondere zwei Jahre im Voraus, nur einen äußerst lokalen und indirekten Einfluss. Für ein globales Multi-Faktor-Portfolio ist die direkte Relevanz für breite Anlageklassen (Aktien, Anleihen, Rohstoffe, Devisen) über mehrere Regionen hinweg minimal, was es als Marktrauschen (Zone 3) klassifiziert. Der potenzielle Impact auf globale Finanzmärkte ist daher sehr gering.",RISK_OFF,False,"Der Markt fragt nach einem spezifischen Wahlergebnis (Sieg der Republikaner). Für globale Finanzmärkte stellen die direkten Auswirkungen des Gewinns eines einzelnen staatlichen Senatsrennens durch die Republikaner weder ein intrinsisch risikosenkendes (wie ein Friedensvertrag) noch ein so dramatisch risikoerhöhendes Ereignis (wie der Ausbruch eines Krieges) dar, dass es klar den Standarddefinitionen von 'RISK_ON'/'RISK_OFF' entsprechen würde. Da es sich um ein politisches Ergebnis handelt, das nicht explizit eine Normalisierung oder eine eindeutig positive Entwicklung für globale Märkte signalisiert, wird es aus konservativer Risikoperspektive tendenziell als 'RISK_OFF' eingestuft, da politische Ergebnisse, selbst erwartete, immer ein Element der Unsicherheit über zukünftige Politik und deren Auswirkungen mit sich bringen können, auch wenn diese im globalen Kontext hier minimal sind. Es handelt sich nicht um einen Kontrakt zur Rückkehr zur Normalität ('is_normalization': false)."
2026-08-17T10:21:32.879366+00:00,2026-12-31T00:00:00Z,566760,will-trump-pardon-ghislaine-maxwell,Will Trump pardon Ghislaine Maxwell by end of 2026?,745044.0751010003,0.065,active,"politics, epstein, trump, maxwell, ghislaine maxwell, earn 4%",Keine Relevanz,3,1,95,"Der Markt betrifft die Möglichkeit einer Präsidentschaftsbegnadigung für eine einzelne Person, Ghislaine Maxwell, durch Donald Trump. Obwohl das Ereignis politisch kontrovers sein kann und mit einer hochrangigen Figur in Verbindung steht, fehlt ihm jeglicher direkter Mechanismus, um globale Finanzmärkte, makroökonomische Trends, systemische Stabilität oder die Performance von Sektoren signifikant zu beeinflussen. Es handelt sich um ein spezifisches, isoliertes Ereignis im politischen und juristischen Bereich, dessen Relevanz für ein globales Multi-Faktor-Portfolio als Rauschen zu betrachten ist.",RISK_OFF,False,"Obwohl der direkte finanzielle Einfluss dieses Ereignisses als praktisch null einzuschätzen ist, wird eine potenziell kontroverse Begnadigung, die Fragen der Rechtsstaatlichkeit oder politischer Einflussnahme aufwirft, tendenziell als ein Element der Unsicherheit oder negativen politischen Schlagzeile interpretiert. Selbst bei minimalster Wirkung würden solche Ereignisse eher dem 'RISK_OFF'-Szenario zugeordnet, da sie, wenn auch sehr marginal, das allgemeine Vertrauen oder die politische Stabilität beeinträchtigen könnten. Es ist jedoch zu betonen, dass der tatsächliche finanzielle Impact für globale Portfolios vernachlässigbar ist."
2026-08-17T10:21:32.879386+00:00,2026-09-16T00:00:00Z,2118801,fed-decisions-jun-sep,Will the Fed Pause–Pause–Pause in the next three decisions (Jun–Jul–Sep)?,290923.609505,0.755,active,"fed, fomc, economy, parlays, fed rates, jerome powell, cpi release",Makroökonomie & Zentralbanken,2,80,90,"Der Markt befasst sich direkt mit der Zinspolitik der Federal Reserve, einer der weltweit einflussreichsten Zentralbanken. Eine Reihe von drei aufeinanderfolgenden Pausen in den Zinsentscheidungen der Fed (Juni, Juli, September) würde eine signifikante Verschiebung in der globalen Geldpolitik signalisieren. Dies hat weitreichende Auswirkungen auf Anleihemärkte, Aktienbewertungen, Währungsbewegungen, Rohstoffpreise und die allgemeine globale Risikobereitschaft. Es ist ein zentrales Thema für alle quantitativen Portfoliomanager und fällt somit klar in Zone 2.",RISK_ON,False,"Die 'JA'-Seite dieses Kontrakts ('Fed Pause-Pause-Pause') deutet auf ein Ende oder eine signifikante Unterbrechung des Straffungszyklus der Fed hin. Dies wird in der Regel als eine weniger restriktive geldpolitische Haltung interpretiert. Eine solche Entwicklung würde tendenziell den Druck auf die Wirtschaft und die Finanzmärkte verringern, die Wahrscheinlichkeit einer Rezession durch Überstraffung reduzieren und die Liquidität fördern. Dies führt typischerweise zu einer Erhöhung der Risikobereitschaft und einem 'RISK_ON'-Umfeld für risikoreichere Anlagen wie Aktien, während Anleihezinsen fallen könnten und der US-Dollar möglicherweise schwächer wird."
2026-08-17T10:21:32.879396+00:00,2026-09-16T00:00:00Z,2118805,fed-decisions-jun-sep,Will the Fed decide differently in the next three decisions (Jun–Jul–Sep)?,320274.0387479999,0.235,active,"fed, fomc, economy, parlays, fed rates, jerome powell, cpi release",Makroökonomie & Zentralbanken,2,80,90,"Dieser Prognosemarkt bewertet die Wahrscheinlichkeit, dass die US-Notenbank (Fed) in ihren nächsten drei Sitzungen (Juni, Juli, September) von ihrem erwarteten geldpolitischen Kurs abweicht. Die Entscheidungen der Fed sind einer der kritischsten Treiber für globale Finanzmärkte, da sie direkte Auswirkungen auf Zinsniveaus, Liquidität, Währungskurse, Anleihemärkte und die globale Risikobereitschaft haben. Unerwartete Änderungen in der Fed-Politik können erhebliche Volatilität in allen Asset-Klassen verursachen und haben tiefgreifende Implikationen für die Asset-Allokation und das Risikomanagement eines globalen Multi-Faktor-Portfolios. Es ist ein zentrales Thema, das von Portfoliomanagern kontinuierlich überwacht wird.",RISK_OFF,False,"Ein 'Ja' auf die Frage, ob die Fed 'anders' entscheiden wird, impliziert eine Abweichung vom aktuellen Marktkonsens oder der erwarteten Forward Guidance. Solche unerwarteten Abweichungen, unabhängig davon, ob sie letztlich restriktiver oder expansiver Natur sind, führen in der Regel zu erhöhter Marktunsicherheit und Volatilität. Die mangelnde Vorhersehbarkeit einer so zentralen Institution wie der Fed wird von Investoren als risikoerhöhendes Ereignis interpretiert, da es die Planungssicherheit reduziert und eine Neubewertung von Risikoprämien über die Märkte hinweg erforderlich macht. Dies führt typischerweise zu einer 'RISK_OFF'-Stimmung, bei der Investoren risikoreichere Anlagen reduzieren."
2026-08-17T10:21:32.879416+00:00,2026-12-31T00:00:00Z,681144,will-ukraine-agree-to-cede-territory-to-russia-before-2027,Will Ukraine agree to cede territory to Russia before 2027?,694317.1820199996,0.075,active,"zelenskyy, russia, trump, geopolitics, politics, ukraine, world, ukraine peace deal",Geopolitischer & Militärischer Schock,1,85,95,"Der Ausgang des Ukraine-Konflikts, insbesondere die Frage der territorialen Souveränität, ist ein zentraler globaler Geopolitk-Treiber. Eine Einigung über Gebietsabtretungen vor 2027 würde die internationale Ordnung, Energie- und Rohstoffmärkte sowie die Risikoprämien für diverse Anlageklassen fundamental beeinflussen. Dies ist ein potenzielles 'Kill-Switch'-Ereignis für bestimmte Marktsegmente und die globale Risikowahrnehmung.",RISK_OFF,False,"Die 'JA'-Seite (Ukraine stimmt Gebietsabtretungen zu) würde als ein Erfolg der Aggression interpretiert, der die Prinzipien des Völkerrechts untergräbt und potenziell andere revisionistische Mächte ermutigt. Dies würde die langfristige geopolitische Instabilität erhöhen und die globale Risikowahrnehmung verschärfen ('RISK_OFF'), anstatt eine echte Normalisierung darzustellen, da die 'Einigung' unter Zwang erfolgen würde und eine Quelle zukünftiger Konflikte bleiben könnte."
2026-08-17T10:21:32.879441+00:00,2026-12-31T00:00:00Z,1060714,nothing-ever-happens-2026,Nothing Ever Happens: 2026,728808.6822089994,0.815,active,"20 (50) daily, parlays, world, geopolitics, politics",Systemische Stabilitätsrisiken,1,90,95,"Der Markt 'Nothing Ever Happens: 2026' prognostiziert das Ausbleiben signifikanter negativer Ereignisse bis 2026. Dies ist direkt relevant für die Bewertung systemischer Stabilitätsrisiken, da ein 'Ja' die Nichtmaterialisierung von globalen Schocks oder Krisen bedeutet, die das Finanzsystem destabilisieren könnten. Die Vermeidung solcher 'Kill-Switch'-Ereignisse macht es zu einem Zone-1-Ereignis mit extrem hohem positiven Einfluss auf ein globales Portfolio.",RISK_ON,True,"Wenn die 'JA'-Seite des Kontrakts eintritt ('Nothing Ever Happens'), bedeutet dies, dass keine größeren negativen Schocks eintreten. Dies führt zu einem risikoSENKENDEN ('RISK_ON') Marktumfeld, da die Erwartung von Stabilität und das Ausbleiben von Krisen positiv für die Asset-Preise sind. Es impliziert eine Fortsetzung oder Aufrechterhaltung normaler, stabiler Bedingungen und somit eine 'Rueckkehr-zur-Normalitaet' im Sinne der Stabilisierung von Erwartungen."
2026-08-17T10:21:32.879472+00:00,2026-10-28T23:59:00Z,2589837,fed-decisions-juloct-20260617191209856,Will the Fed decide differently in the next three decisions (Jul–Sep–Oct)?,310868.13252999994,0.39,active,"fed, fomc, economy, parlays, fed rates, kevin warsh, jerome powell, economic policy, cpi release",Makroökonomie & Zentralbanken,2,85,95,"Die Entscheidungen der US-Notenbank (Fed) haben einen massiven Einfluss auf die globalen Finanzmärkte, da sie die Kapitalkosten, Wechselkurse, Anleiherenditen und die Bewertung von Risikoaktiva weltweit beeinflussen. Eine signifikante Abweichung von den Markterwartungen über drei aufeinanderfolgende Sitzungen (Juli, September, Oktober) würde eine fundamentale Neubewertung der globalen Anlageallokation und des Wirtschaftsausblicks erfordern. Dies ist ein hochrelevantes Ereignis für das Manager-Radar (Zone 2), da es zwar keine sofortige globale physische Katastrophe darstellt, aber weitreichende und tiefgreifende finanzielle Verwerfungen verursachen kann. Die Bedeutung der Fed für die globale Liquidität und Risikobereitschaft ist entscheidend.",RISK_OFF,False,"Die Ja-Seite, dass die Fed 'anders entscheiden' wird, impliziert eine Abweichung von den aktuellen Markterwartungen oder der etablierten Forward Guidance. Märkte bevorzugen tendenziell Vorhersehbarkeit und Stabilität bei der Zentralbankpolitik. Unerwartete oder unvorhergesehene Kurswechsel der Fed über einen so wichtigen Zeitraum würden die Unsicherheit erhöhen, Risikoprämien steigen lassen und typischerweise zu einem Rückzug aus Risikoaktiva (RISK_OFF) führen, da Investoren ihre Portfolios neu bewerten müssen."
2026-08-17T10:21:32.879521+00:00,2026-12-31T17:00:00Z,2412367,which-countries-will-recognize-israel-by-december-31,Will Venezuela recognize Israel by December 31?,328125.3276809999,0.105,active,"syria, yemen, israel, geopolitics, middle east",Keine Relevanz,3,2,95,"Die potenzielle Anerkennung Israels durch Venezuela ist ein diplomatisches Ereignis mit äußerst lokalen und geringfügigen Auswirkungen. Weder Venezuela noch Israel spielen eine so zentrale Rolle in der globalen Finanzwelt oder Geopolitik, dass dieses spezifische Ereignis globale Multi-Faktor-Portfolios oder die allgemeine Marktstimmung wesentlich beeinflussen würde. Es handelt sich um ein Randereignis ohne messbare Relevanz für globale Finanzmärkte.",RISK_ON,False,"Diplomatische Anerkennung, sofern sie stattfindet, stellt eine Formalisierung staatlicher Beziehungen dar. Auch wenn die globalen finanziellen Auswirkungen vernachlässigbar sind, fallen solche Ereignisse im Allgemeinen unter die Kategorie einer geringfügigen Verringerung internationaler Reibungen, was theoretisch ein 'RISK_ON'-Signal auf Mikroebene für die beteiligten Parteien wäre. Es handelt sich jedoch nicht um eine Rückkehr zur Normalität nach einer spezifischen globalen Marktstörung oder Krise."
2026-08-17T10:21:32.879592+00:00,2027-12-31T00:00:00Z,1098288,maduro-prison-time-527,Will Nicolás Maduro be sentenced to no prison time?,436033.46839400014,0.355,active,"politics, nicolas maduro, trump, geopolitics, courts, venezuela",Politische Struktur & Wahlen,2,50,95,"Der Prognosemarkt befasst sich mit dem juristischen Schicksal von Nicolás Maduro, dem aktuellen Präsidenten Venezuelas. Dies hat direkte Auswirkungen auf die politische Stabilität, die Regierungsstruktur und die zukünftigen politischen Weichenstellungen eines geopolitisch wichtigen, ölproduzierenden Landes. Es fällt daher in den Cluster 'Politische Struktur & Wahlen'. Venezuela ist zwar keine Kernwirtschaftsmacht, aber seine Instabilität beeinflusst die regionale Dynamik, Migrationsströme und den globalen Ölmarkt (wenn auch mit begrenzter aktueller Produktionskapazität). Ein solches Ereignis ist relevant genug, um von Portfoliomanagern beachtet zu werden, erreicht aber keine globale 'Kill-Switch'-Dimension, weshalb es in Zone 2 eingeordnet wird. Der Impact Score von 50 reflektiert eine moderate, aber spürbare Relevanz innerhalb dieser Zone.",RISK_OFF,False,"Die Frage lautet: 'Will Nicolás Maduro be sentenced to no prison time?' Ein 'JA' würde bedeuten, dass Nicolás Maduro keine Gefängnisstrafe erhält. Im aktuellen Kontext von internationaler Kritik, Sanktionen und Bestrebungen zur Rechenschaftspflicht für Menschenrechtsverletzungen und Korruption würde ein solches Ergebnis voraussichtlich als eine Fortsetzung oder Verfestigung des gegenwärtigen, risikoreichen politischen Status quo in Venezuela interpretiert. Dies würde die politische Instabilität verlängern, internationale Sanktionen oder den Druck zu deren Aufhebung aufrechterhalten und Investitionen abschrecken. Für ein globales Portfolio wird dies im Allgemeinen als 'RISK_OFF' angesehen. Es handelt sich nicht um eine 'Normalisierung' des politischen oder wirtschaftlichen Zustands Venezuelas, da die zugrundeliegenden Risikofaktoren bestehen bleiben oder sich verstärken könnten."
2026-08-17T10:21:32.879655+00:00,2026-11-19T00:00:00Z,668591,gta-6-launch-postponed-again,GTA 6 launch postponed again?,659859.741582,0.085,active,"culture, video games, tech, gta vi",Sektorale & Unternehmensereignisse,3,3,95,"Der Markt betrifft die Verschiebung des Veröffentlichungstermins eines Videospiels, GTA 6. Dies ist ein spezifisches Ereignis, das die Geschäftstätigkeit und die Aktienkursentwicklung des Entwicklers (Rockstar Games) und des Publishers (Take-Two Interactive) betrifft. Es hat keine nachweisbare direkte Auswirkung auf globale Finanzmärkte, makroökonomische Indikatoren, systemische Stabilität oder geopolitische Faktoren. Für ein globales Multi-Faktor-Portfolio ist dies 'Rauschen' und keine relevante Kennzahl für das Management von übergreifenden Marktrisiken.",RISK_OFF,False,"Sollte die Veröffentlichung von GTA 6 tatsächlich verschoben werden (JA-Seite des Prognosemarktes), wäre dies tendenziell ein negatives Signal für den Publisher Take-Two Interactive. Es würde auf mögliche Produktionsprobleme, Verzögerungen bei der Umsatzrealisierung und potenzielle Enttäuschung der Verbraucher hindeuten, was in der Regel zu einem kurzfristigen Kursrückgang der betreffenden Aktie und möglicherweise des gesamten Gaming-Sektors führen würde. Dies ist ein risikoERHÖHENDES Ereignis für die spezifisch betroffenen Unternehmenswerte."
2026-08-17T10:21:32.879701+00:00,2026-12-31T00:00:00Z,1373746,will-xi-jinping-visit-us-before-2027,Will Xi Jinping visit US before 2027?,637217.3181630002,0.9545,active,"china, trump, geopolitics, politics",Geopolitischer & Militärischer Schock,1,80,90,"Der Markt bewertet die Wahrscheinlichkeit eines hochrangigen diplomatischen Engagements zwischen den USA und China, den zwei größten Volkswirtschaften und geopolitischen Akteuren. Ein Besuch Xi Jinpings in den USA bis 2027 wäre ein starkes Signal für die Entspannung der bilateralen Beziehungen, die Förderung des Dialogs und die potenzielle Zusammenarbeit bei globalen Herausforderungen. Dies würde die geopolitische Unsicherheit reduzieren und systemische Tail-Risiken für globale Finanzmärkte mindern. Umgekehrt würde das Ausbleiben eines solchen Besuchs bis 2027 auf anhaltende oder eskalierende Spannungen hindeuten, was das Risiko von Handelskriegen, technologischer Abkopplung und regionaler Instabilität erhöht. Die Entwicklung der US-chinesischen Beziehungen ist ein zentraler Treiber für globale Marktstabilität und langfristige strategische Portfolioentscheidungen.",RISK_ON,True,"Ein 'JA'-Ergebnis (Xi Jinping besucht die USA) würde eine Verbesserung des diplomatischen Engagements und eine potenzielle Deeskalation der Spannungen zwischen den USA und China signalisieren. Dies würde die geopolitische Unsicherheit verringern, die Vorhersehbarkeit erhöhen und einen Weg zur Zusammenarbeit statt Konfrontation andeuten. Dies ist für Investoren ein Risiko-reduzierendes Signal (RISK_ON) und repräsentiert eine Normalisierung der hochrangigen Kommunikation und des Managements kritischer bilateraler Beziehungen."
2026-08-17T10:21:32.879764+00:00,2026-12-31T00:00:00Z,567690,erdoan-out-before-2027,"Erdoğan out by December 31, 2026?",613086.0038779998,0.045,active,"geopolitics, turkey, politics, world, earn 4%",Politische Struktur & Wahlen,2,70,90,"Der Markt bewertet einen möglichen Führungswechsel in der Türkei. Aufgrund der strategischen Bedeutung der Türkei (NATO-Mitglied, geopolitische Lage, Größe der Volkswirtschaft) würde ein solcher Wechsel signifikante Auswirkungen auf die regionale Stabilität, die Außenpolitik und insbesondere die Wirtschaftspolitik des Landes haben. Dies ist ein Ereignis, das über reines 'Rauschen' hinausgeht und von globalen Fondsmanagern genau beobachtet werden würde, insbesondere im Hinblick auf Schwellenländerportfolios. Es ist jedoch unwahrscheinlich, dass es eine globale 'Kill-Switch'-Panik auslöst.",RISK_ON,False,"Die lange Amtszeit von Präsident Erdoğan war geprägt von unorthodoxen Wirtschaftspolitiken (insbesondere bzgl. Zinsen und Inflation) und einer teils angespannten Beziehung zu westlichen Partnern. Ein potenzieller Führungswechsel wird von den Finanzmärkten mehrheitlich als Chance für eine Rückkehr zu orthodoxeren Wirtschaftsprinzipien, verbesserte institutionelle Rahmenbedingungen und potenziell stabilere internationale Beziehungen wahrgenommen. Daher würde das Eintreten des Ereignisses ('Erdoğan out') als ein de-risking Faktor für Investitionen in der Türkei und möglicherweise in breiteren Emerging Markets interpretiert, was 'RISK_ON' bedeutet. Es handelt sich hierbei nicht um die Rückkehr zu einem früheren Normalzustand nach einer Störung, sondern um einen fundamentalen politischen Wandel."
2026-08-17T10:21:32.879789+00:00,2026-12-31T00:00:00Z,694027,russia-x-ukraine-peace-parlay,Russia x Ukraine Peace Parlay,599160.1010199998,0.085,active,"sports, peace, geopolitics, putin, ukraine, russia, zelenskyy, parlays, ukraine peace deal",Geopolitischer & Militärischer Schock,2,80,95,"Der Markt 'Russia x Ukraine Peace Parlay' adressiert direkt die Möglichkeit einer Deeskalation oder einer friedlichen Lösung eines der bedeutendsten geopolitischen und militärischen Konflikte der letzten Jahre. Ein Erfolg dieses Parlays würde tiefgreifende Auswirkungen auf globale Energiemärkte, Agrarrohstoffe, Inflationserwartungen und die allgemeine Risikobereitschaft der Investoren haben. Es ist ein zentrales Ereignis, das von Managern genau beobachtet wird, um Portfolioanpassungen vorzunehmen.",RISK_ON,True,"Ein 'Peace Parlay' im Kontext des Russland-Ukraine-Konflikts würde eine Rückkehr zur Normalität oder zumindest eine deutliche Reduzierung der geopolitischen Risiken signalisieren. Eine erfolgreiche Einigung oder ein Waffenstillstand würde zu einem Abbau von Risikoprämien führen, die globale Unsicherheit verringern und somit als risikoSENKENDes ('RISK_ON') Ereignis für die Finanzmärkte wirken."
2026-08-17T10:21:32.879812+00:00,2027-01-01T05:00:00Z,1122084,okx-ipo-in-2026,OKX IPO in 2026?,591975.9261579998,0.065,active,"crypto listings, crypto, ipos, pre-market, okx, finance",Sektorale & Unternehmensereignisse,2,50,90,"Ein Börsengang (IPO) von OKX, einer der größten Kryptowährungsbörsen, ist ein primäres unternehmensbezogenes Ereignis mit erheblichen sektoralen Auswirkungen. Es würde die Reife und Mainstream-Akzeptanz des Kryptowährungssektors signalisieren und könnte institutionelles Interesse sowie regulatorische Entwicklungen beeinflussen. Während es keine direkten globalen Systemrisiken birgt, ist es relevant für Portfoliomanager mit Engagements in Technologie, Fintech oder digitalen Vermögenswerten und gehört daher auf den Manager-Radar (Zone 2). Der Impact Score spiegelt die Bedeutung für den Sektor wider, ohne globale Märkte umfassend zu destabilisieren.",RISK_ON,False,"Ein erfolgreicher IPO einer großen Kryptobörse wie OKX im Jahr 2026 würde in der Regel als positives Signal für den Kryptomarkt und den breiteren Finanztechnologie-Sektor gewertet. Es würde auf eine zunehmende Legitimierung, Reife und potenzielle Wachstumschancen hindeuten, was typischerweise eine risikoERHOEHENDE (RISK_ON) Stimmung fördert, da Anleger bereit wären, mehr Risiko für potenzielle Gewinne einzugehen."
2026-08-17T10:21:32.879891+00:00,2026-09-30T23:59:00Z,2602761,strc-hits-100-by-20260618001620693,Will STRC hit $100 by September 30?,323284.44129700004,0.32,active,"strc, hits, crypto, bitcoin, finance, microstrategy, corporate financials",Sektorale & Unternehmensereignisse,3,3,95,"Dieser Prognosemarkt bezieht sich auf das Erreichen eines spezifischen Kursziels einer einzelnen Aktie (STRC) bis zu einem bestimmten Datum. Dies ist ein unternehmensspezifisches Ereignis und hat für ein globales Multi-Faktor-Portfolio in der Regel eine sehr geringe Relevanz. Es wird nicht erwartet, dass es systemische Risiken auslöst oder die makroökonomische Landschaft global beeinflusst. Ohne weitere Informationen, die STRC als systemrelevant oder als Indikator für einen sehr breiten Sektor-Shift ausweisen würden, fällt es in die Kategorie 'Rauschen' für die globale Portfolioverwaltung.",RISK_ON,False,"Das Erreichen eines Kursziels für eine Aktie, insbesondere wenn es eine signifikante Aufwärtsbewegung impliziert (STRC steigt auf $100), wird typischerweise als positives Ereignis gewertet. Es deutet auf Marktzutrauen, gute Unternehmensleistung oder positive Zukunftsaussichten hin, was im Allgemeinen eine 'RISK_ON'-Stimmung unterstützt. Es handelt sich nicht um eine Normalisierung, sondern um das Eintreten eines spezifischen, positiven Kursereignisses."
2026-08-17T10:21:32.879941+00:00,2026-08-15T23:59:00Z,3324624,us-iran-hormuz-agreement-byptptpt-20260803235957575,US-Iran Hormuz Agreement by August 15?,369093.5469989999,0.0,active,"iran, trump, peace deal, geopolitics, strait of hormuz",Geopolitischer & Militärischer Schock,1,80,95,"Der Markt bewertet die Wahrscheinlichkeit eines Abkommens zwischen den USA und dem Iran bezüglich der Straße von Hormus. Diese Meerenge ist ein kritischer Knotenpunkt für den globalen Ölhandel und die Energieversorgung. Ein erfolgreiches Abkommen würde eine erhebliche Deeskalation der Spannungen in einer geopolitisch hochsensiblen Region bedeuten und das Risiko einer Unterbrechung des globalen Handels oder militärischer Konfrontation mindern. Das Ausbleiben eines Abkommens würde die bestehende Risikoprämie aufrechterhalten oder sogar erhöhen. Angesichts der potenziellen globalen Auswirkungen auf Energiemärkte, Wirtschaftswachstum und systemische Stabilität ist dies ein Ereignis mit höchster Relevanz (Zone 1), dessen Ausgang direkte Auswirkungen auf die globale Marktstimmung und Rohstoffpreise hat.",RISK_ON,True,"Ein 'JA' zu einem US-Iran Hormuz Agreement würde eine signifikante Entspannung der geopolitischen Lage signalisieren. Dies würde die Unsicherheit reduzieren, das Risiko einer Ölversorgungsstörung mindern und generell das Vertrauen der Anleger stärken. Solche Ereignisse führen typischerweise zu einem Rückgang der Risikoprämien und einer Verlagerung von Risikoaversion hin zu 'Risk-On'-Verhalten, da ein großes Tail-Risiko im Energiesektor und in der globalen Wirtschaft gemindert wird. Es stellt eine Rückkehr zu einer potenziell stabileren oder 'normaleren' Situation in Bezug auf einen kritischen globalen Chokepoint dar."
2026-08-17T10:21:32.879964+00:00,2026-12-31T00:00:00Z,665363,lee-jae-myung-arrested-before-2027,Lee Jae-myung arrested before 2027?,530121.979626,0.0685,active,"politics, south korea, world",Politische Struktur & Wahlen,2,65,90,"Der Markt betrifft die mögliche Verhaftung von Lee Jae-myung, dem Vorsitzenden der Demokratischen Partei Südkoreas und ehemaligen Präsidentschaftskandidaten. Eine solche Verhaftung würde die politische Landschaft Südkoreas erheblich beeinflussen, die interne Stabilität erhöhen und Unsicherheiten bezüglich zukünftiger Wahlen und der Regierungsführung schaffen. Obwohl Südkorea eine wichtige Wirtschaftsmacht ist, ist dieses Ereignis primär ein innenpolitischer Schock und unwahrscheinlich, einen globalen 'Kill-Switch' auszulösen. Es wäre jedoch ein signifikantes Ereignis für Manager mit Engagements in südkoreanischen oder asiatischen Schwellenmärkten, die ihre Risikobewertungen anpassen müssten.",RISK_OFF,False,"Eine Verhaftung des Oppositionsführers würde die politische Unsicherheit und Instabilität in Südkorea erhöhen. Dies würde typischerweise zu einer erhöhten Risikoaversion bei Anlegern führen, potenziell Kapitalabflüsse aus dem Land verursachen und Abwärtsdruck auf südkoreanische Vermögenswerte (Aktien, Währung, Anleihen) ausüben, was als 'RISK_OFF'-Ereignis zu bewerten ist."
2026-08-17T10:21:32.880138+00:00,2026-12-31T00:00:00Z,665513,friedrich-merz-out-as-chancellor-of-germany-before-2027,Friedrich Merz out as Chancellor of Germany before 2027?,480884.161052,0.175,active,"politics, germany, world",Politische Struktur & Wahlen,2,55,90,"Der Markt betrifft die politische Zukunft einer Schlüsselfigur in Deutschland, einer führenden Wirtschaftsnation in Europa. Unerwartete politische Veränderungen in Deutschland haben das Potenzial, die Märkte der Eurozone, Anleiherenditen und die allgemeine Stabilität der EU zu beeinflussen. Es ist kein systemisches globales Schockereignis (Zone 1), aber ein Ereignis, das von Portfoliomanagern genau beobachtet und in ihre Risikomodelle integriert werden muss.",RISK_OFF,False,"Die 'JA'-Seite (Merz ist vor 2027 als Kanzler ausgeschieden) impliziert entweder seine Entlassung aus dem Amt oder das Scheitern seiner Kanzlerschaft, obwohl er ein starker Anwärter war oder bereits im Amt. Ein solches unerwartetes politisches Ergebnis in Deutschland würde höchstwahrscheinlich als politische Instabilität oder Unsicherheit interpretiert werden. Dies führt in der Regel zu einer 'Risk-Off'-Stimmung an den Finanzmärkten, insbesondere in Europa, da Investoren unsichere Zeiten meiden."
2026-08-17T10:21:33.145588+00:00,2026-12-31T00:00:00Z,665218,israel-and-saudi-arabia-normalize-relations-before-2027,Israel and Saudi Arabia normalize relations before 2027?,427975.5834969999,0.065,active,"middle east, geopolitics, foreign policy, world, israel, trump x saudi, trump-netanyahu",Geopolitischer & Militärischer Schock,2,80,95,"Eine Normalisierung der Beziehungen zwischen Israel und Saudi-Arabien wäre ein tiefgreifendes geopolitisches Ereignis mit weitreichenden Implikationen für die regionale Stabilität, die Energiepreise, globale Allianzen und Investitionsflüsse. Es würde die Dynamik im Nahen Osten signifikant verändern und hat das Potenzial, die geopolitische Risikolandschaft für globale Portfolios zu beeinflussen. Obwohl es kein unmittelbar 'kill-switch'-Ereignis ist, erfordert es die Aufmerksamkeit von Portfolio-Managern aufgrund seiner strategischen Bedeutung und potenziellen Kaskadeneffekte auf makroökonomische Faktoren und Sektoren (z.B. Energie, Verteidigung, Technologie-Transfer). Der hohe Impact Score spiegelt die Bedeutung dieser beiden Schlüsselstaaten und der Region wider.",RISK_ON,True,"Die 'JA'-Seite dieses Prognosemarktes beschreibt die Normalisierung von Beziehungen. Dies würde in der Regel eine Reduzierung geopolitischer Spannungen, eine erhöhte regionale Zusammenarbeit und möglicherweise eine stabilere Umgebung für globale Energieversorgung und Handel bedeuten. Solche Entwicklungen werden von den Finanzmärkten typischerweise als risikoSENKEND und positiv für Risikobereitschaft wahrgenommen (RISK_ON)."
2026-08-17T10:21:33.145651+00:00,2027-06-30T00:00:00Z,1811266,will-china-invade-taiwan-by-june-30-2027,"Will China invade Taiwan by June 30, 2027?",419700.68867400015,0.085,active,"china, politics, geopolitics, taiwan",Geopolitischer & Militärischer Schock,1,95,95,"Die potenzielle Invasion Taiwans durch China stellt einen der schwerwiegendsten geopolitischen und militärischen Schocks dar, die vorstellbar sind. Ein solches Ereignis würde einen globalen 'Kill-Switch'-Zustand auslösen, der zu massiver Panik an den Finanzmärkten, einer katastrophalen Unterbrechung kritischer globaler Lieferketten (insbesondere bei Halbleitern) und einer potenziellen Eskalation zu einem globalen Wirtschaftsabschwung oder sogar militärischen Konflikt mit weitreichenden Beteiligungen führen würde. Die Auswirkungen wären systemisch und global verheerend.",RISK_OFF,False,"Ein 'JA' bei dieser Prognose bedeutet das Eintreten einer Invasion. Dies ist ein extrem destabilisierendes und risikoerhöhendes Ereignis für die globalen Finanzmärkte, das zu einer starken 'RISK_OFF'-Stimmung, Kapitalflucht und massiven Kursverlusten führen würde."
2026-08-17T10:21:33.145692+00:00,2026-12-31T00:00:00Z,1194695,will-russia-invade-another-country-in-2026,Will Russia invade another country in 2026?,400783.0723289999,0.045,active,"politics, armenia, military actions, geopolitics, putin, russia, nato",Geopolitischer & Militärischer Schock,1,90,95,"Eine weitere Invasion Russlands in ein anderes Land im Jahr 2026 würde eine erhebliche Eskalation der geopolitischen Spannungen darstellen. Dies hätte weitreichende Konsequenzen für globale Finanzmärkte, darunter erhöhte Volatilität, Energiepreisschocks, Unterbrechungen von Lieferketten, verschärfte Sanktionsregime und eine massive Flucht in sichere Häfen. Das Ereignis hätte das Potenzial, die globale Risikoprämie grundlegend zu verändern und zu systemischen Schocks zu führen, die weit über regionale Auswirkungen hinausgehen. Es fällt klar in die Kategorie eines globalen Panik-Ereignisses, das die Funktionsweise globaler Märkte tiefgreifend beeinflussen würde.",RISK_OFF,False,"Die 'JA'-Seite des Kontrakts, also die tatsächliche Invasion, ist ein Ereignis, das die globale Unsicherheit und Instabilität massiv erhöht. Dies würde zu einer massiven Risikovermeidung ('RISK_OFF') seitens der Investoren führen, da geopolitische Risiken und die Aussicht auf weitere Konflikte und wirtschaftliche Störungen steigen, was Kapital aus risikoreicheren Anlagen abziehen und in sichere Häfen lenken würde."
2026-08-17T10:21:33.145814+00:00,2026-12-31T00:00:00Z,665727,will-iran-withdraw-from-the-npt-before-2027,Will Iran withdraw from the NPT before 2027?,359118.3573009999,0.0875,active,"iran, geopolitics, politics, middle east, nuclear",Geopolitischer & Militärischer Schock,1,88,95,"Der Austritt Irans aus dem Atomwaffensperrvertrag (NPT) vor 2027 würde eine dramatische Eskalation der geopolitischen Spannungen im Nahen Osten und darüber hinaus darstellen. Dies würde die Risiken einer nuklearen Proliferation massiv erhöhen, möglicherweise einen regionalen Rüstungswettlauf auslösen und das Potenzial für militärische Konfrontationen (z.B. präventive Schläge gegen iranische Nuklearanlagen, regionale Stellvertreterkriege) erheblich steigern. Die wirtschaftlichen Folgen wären weitreichend, einschließlich eines massiven Anstiegs der Ölpreise (aufgrund von Lieferunsicherheiten, insbesondere in Bezug auf die Straße von Hormus), eines deutlichen Anstiegs der Risikoprämien an den globalen Märkten, eines Ausverkaufs von risikoreichen Vermögenswerten und einer Flucht in sichere Häfen. Das Ereignis würde das globale Nichtverbreitungsregime fundamental in Frage stellen und könnte eine globale Panik auslösen, die einer 'Kill-Switch'-Situation für die Märkte gleichkommt.",RISK_OFF,False,"Die 'JA'-Seite des Prognosemarktes, d.h. der Austritt Irans aus dem NPT, ist ein massiv risikoERHÖHENDES Ereignis. Es signalisiert eine Destabilisierung der regionalen und globalen Sicherheitsarchitektur, eine erhöhte Kriegsgefahr und erhebliche wirtschaftliche Verwerfungen. Dies führt zu einer deutlichen Risikoaversion und einem Abzug von Kapital aus risikobehafteten Anlagen, was einen 'RISK_OFF'-Impuls darstellt. Es handelt sich um eine Eskalation, nicht um eine Rückkehr zur Normalität."
2026-08-17T10:21:33.145834+00:00,2026-09-30T00:00:00Z,2318064,will-russia-capture-mala-tokmachka-by,"Will Russia capture Mala Tokmachka by September 30, 2026?",271874.32773599995,0.125,active,"ukraine map, geopolitics",Geopolitischer & Militärischer Schock,2,70,90,"Die mögliche Eroberung von Mala Tokmachka durch russische Kräfte würde einen bedeutenden militärischen Erfolg im Kontext des anhaltenden Krieges in der Ukraine darstellen. Obwohl es kein globales 'Kill-Switch'-Ereignis wäre, würde es eine erhebliche Verschiebung der taktischen Lage signalisieren, möglicherweise die ukrainischen Kräfte und ihre westlichen Verbündeten demoralisieren. Dies würde die Unsicherheit bezüglich des Kriegsverlaufs erhöhen, die europäische Stabilität und die Energiepreise weiter beeinflussen und die allgemeine Risikostimmung für globale Multi-Faktor-Portfolios belasten. Ein solches Ereignis würde zweifellos von Portfoliomanagern genau beobachtet werden.",RISK_OFF,False,"Eine erfolgreiche russische Eroberung von ukrainischem Territorium wird als eine Eskalation oder zumindest eine Verschlechterung der Lage aus westlicher Sicht interpretiert. Dies würde die geopolitischen Spannungen erhöhen, die Aussichten auf eine baldige Konfliktbeilegung trüben und somit eine 'risk-off'-Stimmung an den globalen Finanzmärkten hervorrufen."
2026-08-17T10:21:33.145904+00:00,2026-12-31T00:00:00Z,2105921,uae-x-qatar-sever-diplomatic-relations-in-2026,UAE x Qatar sever diplomatic relations in 2026?,344346.7099399999,0.0495,active,"uae, opec, middle east, qatar, geopolitics, oil",Geopolitischer & Militärischer Schock,2,65,90,"Die Aufhebung diplomatischer Beziehungen zwischen den VAE und Katar im Jahr 2026 würde eine erhebliche Verschlechterung der regionalen Stabilität im Golf markieren, insbesondere nach der jüngsten Normalisierung. Beide Länder sind wichtige Akteure in den globalen Energie- und Finanzmärkten (LNG, Rohöl, regionale Finanzen). Ein solcher Schritt könnte zu erhöhten geopolitischen Spannungen, einer potenziellen Störung regionaler Handelsrouten und Logistik, Volatilität an den Energiemärkten (insbesondere LNG und Rohölpreise aufgrund erhöhter Risikoprämien) und einem Rückgang des Anlegervertrauens in die Golfregion führen. Dies würde eine Anpassung der regionalen Allokationen und Risikopositionen in einem globalen Portfolio erfordern, ohne jedoch einen globalen systemischen 'Kill-Switch' auszulösen.",RISK_OFF,False,"Das Trennen diplomatischer Beziehungen ist ein Indikator für erhöhte regionale Spannungen und Instabilität. Ein solches Ereignis signalisiert eine Zunahme des geopolitischen Risikos und führt typischerweise zu einem 'Risk-Off'-Verhalten an den Finanzmärkten, da Investoren risikoreichere Anlagen meiden und sichere Häfen suchen."
2026-08-17T10:21:33.145935+00:00,2026-12-31T00:00:00Z,1058988,will-any-category-4-hurricane-make-landfall-in-the-us-in-before-2027,Will any Category 4 hurricane make landfall in the US in before 2027?,340141.6471749998,0.165,active,"climate, weather, hurricane, earthquake, science, climate & science, natural disasters",Systemische Stabilitätsrisiken,2,75,95,"Eine Landung eines Hurrikans der Kategorie 4 in den USA stellt ein erhebliches Naturkatastrophenrisiko dar. Obwohl es kein globales 'Kill-Switch'-Ereignis ist, verursacht es beträchtliche wirtschaftliche Kosten (Sachschäden, Betriebsunterbrechungen, Infrastrukturreparaturen) und kann Schlüsselsektoren (Versicherung, Immobilien, Energie, Landwirtschaft) sowie Lieferketten erheblich beeinträchtigen. Dies kann zu regionaler wirtschaftlicher Instabilität führen und die nationale Wirtschaft (BIP, Inflation) beeinflussen. Für ein globales Multi-Faktor-Portfolio ist ein solches Ereignis ein wichtiger Faktor, der Marktvolatilität auslösen, die Bewertung von Vermögenswerten in betroffenen Sektoren neu bestimmen und die breitere Wirtschaftsmentalität beeinflussen kann. Es fällt unter 'Systemische Stabilitätsrisiken' im Sinne von regionalem Systemstress mit potenziellen Spillover-Effekten, insbesondere über die Versicherungsmärkte und Staatsfinanzen.",RISK_OFF,False,"Die Tatsache, dass ein Hurrikan der Kategorie 4 an Land geht, bedeutet ein zerstörerisches Ereignis. Dieses Ergebnis führt zu erheblichen wirtschaftlichen Verlusten, humanitären Kosten und Unsicherheit, was das allgemeine Marktrisiko erhöht und Anleger zu einer 'RISK_OFF'-Haltung veranlasst."
2026-08-17T10:21:33.145998+00:00,2026-12-31T00:00:00Z,1316930,will-anyone-be-jailed-over-epstein-disclosures,Will anyone be jailed over Epstein disclosures? ,329187.2808790001,0.0785,active,"epstein, kash patel, politics, trump, pam bondi",Keine Relevanz,3,2,95,"Die potenziellen strafrechtlichen Verfolgungen im Zusammenhang mit den Epstein-Enthüllungen sind zwar von großer gesellschaftlicher und rechtlicher Bedeutung, haben jedoch keine direkte oder materielle Auswirkung auf die globalen Finanzmärkte, makroökonomische Indikatoren, die systemische Stabilität oder die Performance eines globalen Multi-Faktor-Portfolios. Es handelt sich um ein Thema der Rechtsstaatlichkeit und der sozialen Gerechtigkeit, das als 'Rauschen' für globale Finanzmärkte zu betrachten ist.",RISK_OFF,False,"Obwohl das Ereignis für globale Finanzmärkte kaum relevant ist, würde eine Verurteilung mächtiger Individuen (JA-Seite) theoretisch eine Phase der Unsicherheit oder erhöhten Prüfungsdrucks für bestimmte Eliten signalisieren. Dies könnte, wenn überhaupt, zu minimalen, isolierten Turbulenzen führen, die im weitesten Sinne als 'RISK_OFF'-Stimmung interpretiert werden könnten. Dieser Effekt ist jedoch für die globalen Märkte zu vernachlässigen."
2026-08-17T10:21:33.146025+00:00,2026-12-31T00:00:00Z,1811265,pete-hegseth-out-as-secretary-of-defense-by-december-31,Pete Hegseth out as Secretary of Defense by December 31?,326053.46682300005,0.24,active,"trump cabinet, geopolitics, politics, trump, iran, hegseth",Politische Struktur & Wahlen,3,4,90,"Der Markt spekuliert über die Ablösung von Pete Hegseth als US-Verteidigungsminister bis zum 31. Dezember, was seine hochgradig unwahrscheinliche Ernennung in diese kritische Kabinettsposition voraussetzt. Während ein Wechsel an der Spitze des Verteidigungsministeriums unter 'Politische Struktur & Wahlen' fällt, macht die extrem spekulative Natur und die geringe Wahrscheinlichkeit der zugrunde liegenden Prämisse (Hegseths Ernennung gefolgt von seiner Ablösung) diesen spezifischen Prognosemarkt für ein globales Multi-Faktor-Portfolio weitgehend zu 'Rauschen'. Seine direkte, isolierte Relevanz für die globalen Finanzmärkte ist für ein aktives Risikomanagement vernachlässigbar.",RISK_OFF,False,"Sollte ein solches Ereignis eintreten (Hegseths Ernennung und schnelle Ablösung), würde dies erhebliche politische Instabilität und Unordnung innerhalb der US-Regierung signalisieren. Politische Turbulenzen und Unsicherheit werden von den Märkten in der Regel negativ wahrgenommen und führen zu einer 'RISK_OFF'-Stimmung, da Anleger sicherere Häfen suchen."
2026-08-17T10:21:33.146100+00:00,2026-12-31T00:00:00Z,665484,israel-x-turkey-military-clash-before-2027,Israel x Turkey military clash before 2027?,321380.05423699995,0.115,active,"israel, turkey, middle east, syria, geopolitics",Geopolitischer & Militärischer Schock,1,88,95,"Ein militärischer Konflikt zwischen Israel und der Türkei würde einen massiven geopolitischen Schock darstellen. Beide Länder sind bedeutende regionale Mächte mit starken militärischen Kapazitäten. Ein solcher Konflikt hätte weitreichende Konsequenzen für die regionale Stabilität, die globale Energieversorgung (insbesondere im östlichen Mittelmeerraum) und die Schifffahrtsrouten. Er birgt ein hohes Eskalationsrisiko, das andere regionale oder globale Akteure involvieren könnte, und würde zu erheblicher globaler Marktvolatilität sowie einem starken 'Risk-Off'-Verhalten führen.",RISK_OFF,False,"Ein militärischer Zusammenstoß ist ein kriegerisches Ereignis und per Definition eine Zuspitzung der geopolitischen Risiken, die zu erhöhter Unsicherheit und einem Abzug von Risikokapital führen würde."
2026-08-17T10:21:33.146207+00:00,2026-12-31T00:00:00Z,1073747,5kt-meteor-strike-in-2026,5kt meteor strike in 2026?,312010.01066600013,0.295,active,"climate & science, nasa, space, natural disaster, spacex, science, weather, astroid",Systemische Stabilitätsrisiken,1,90,95,"Die Hypothese eines 5kt Meteoriteneinschlags in 2026 ist eine klassische, schwerwiegende 'Black Swan'-Katastrophe. Gemäß den Richtlinien fallen hypothetische Katastrophen wie Meteoriteneinschläge unter 'Systemische Stabilitätsrisiken' und sind in Zone 1 ('Kill-Switch: globale Panik-Ereignisse') einzuordnen. Ein solches Ereignis würde zu massivem Verlust von Menschenleben, Zerstörung von Infrastruktur und globaler Panik führen, was die Weltwirtschaft und die Finanzmärkte fundamental destabilisieren würde.",RISK_OFF,False,"Das Eintreten eines 5kt Meteoriteneinschlags (die JA-Seite des Kontrakts) würde einen extremen exogenen Schock darstellen. Dies würde zu einem sofortigen und massiven Ausverkauf von Risikoanlagen, einem 'Flight-to-Safety' und einer fundamentalen Neubewertung des globalen Risikos führen. Die Märkte würden extrem risikoscheu reagieren."
2026-08-17T10:21:33.146227+00:00,2026-12-31T00:00:00Z,920210,will-apple-release-a-new-product-line-before-2027,Will Apple release a new product line before 2027?,303805.52430299995,0.295,active,"tech, business, big tech, apple",Sektorale & Unternehmensereignisse,2,65,90,"Der Markt betrifft ein spezifisches Ereignis (die Einführung einer neuen Produktlinie) bei einem der größten und einflussreichsten Unternehmen der Welt (Apple). Ein solches Ereignis ist nicht systemrelevant im Sinne eines globalen Crashs (Zone 1) und geht über reines Marktrauschen (Zone 3) hinaus. Es würde jedoch erhebliche Auswirkungen auf den Technologiesektor, die Lieferkette, das Konsumverhalten und die Bewertung von Apple selbst haben, was von globalen Portfoliomanagern genau beobachtet werden würde (Zone 2). Der Impact Score spiegelt die Bedeutung von Apple und die potenzielle Marktverschiebung durch eine neue Produktlinie wider, ohne jedoch eine globale Katastrophe auszulösen.",RISK_ON,False,"Die Einführung einer neuen, potenziell erfolgreichen Produktlinie durch ein innovationsführendes Unternehmen wie Apple wird im Allgemeinen als positives Signal für zukünftiges Wachstum, gesteigerte Umsätze und höhere Profitabilität interpretiert. Dies würde die Anlegerstimmung verbessern und Kapitalflüsse in den Technologiesektor sowie in den breiteren Markt anregen, was typischerweise eine 'RISK_ON'-Bewegung darstellt. Es handelt sich nicht um die Rückkehr zu einem Normalzustand, sondern um eine potenzielle Expansion und Stärkung der Marktposition."
2026-08-17T10:21:33.400897+00:00,2026-12-31T00:00:00Z,656313,openai-1t-ipo-before-2027,OpenAI $1t+ IPO before 2027?,296452.018209,0.255,active,"big tech, openai, sam altman, ipo, business, ipos, finance",Sektorale & Unternehmensereignisse,2,70,90,"Der erfolgreiche Börsengang eines führenden KI-Unternehmens wie OpenAI mit einer Bewertung von über 1 Billion US-Dollar vor 2027 wäre ein wegweisendes sektoral-spezifisches und unternehmensbezogenes Ereignis. Es würde signifikante Auswirkungen auf den gesamten Technologiesektor, insbesondere den KI-Bereich, haben, neue Bewertungsmaßstäbe setzen und das globale Anlegervertrauen in Wachstumsaktien stark beeinflussen. Es ist kein systemisches Risiko, aber ein wichtiger Treiber für die Kapitalallokation und Markttrends im Innovationsbereich, der auf dem Radar globaler Portfolio-Manager wäre.",RISK_ON,False,"Ein erfolgreicher IPO zu einer derart hohen Bewertung würde robustes Anlegervertrauen in zukünftiges Technologiewachstum und einen hohen Risikoappetit im Markt signalisieren. Dieses Szenario korreliert typischerweise mit einem 'RISK_ON'-Umfeld, in dem Anleger eher bereit sind, in wachstumsorientierte Anlagen zu investieren, und weniger geneigt sind, sichere Häfen aufzusuchen."
2026-08-17T11:02:19.772896+00:00,2026-10-04T00:00:00Z,1366414,next-brazil-senate-election-most-seats-won,Will Partido Liberal (PL) win the most seats in the next Brazilian Senate election?,258922.44986999995,0.785,active,"elections, global elections, world, brazil, politics, international election props",Politische Struktur & Wahlen,2,45,90,"Der Markt betrifft das Ergebnis einer Senatswahl in Brasilien, der größten Volkswirtschaft Lateinamerikas und einem wichtigen Schwellenland. Politische Stabilität und die Zusammensetzung des Parlaments haben direkte Auswirkungen auf die Regierungsfähigkeit, die Umsetzung von Wirtschaftsreformen und das Investitionsklima. Obwohl ein einzelnes Wahlergebnis in Brasilien wahrscheinlich keinen globalen 'Kill-Switch'-Effekt auslöst (Zone 1), ist es für Portfolio-Manager mit Engagements in Schwellenländern oder globalen Multi-Faktor-Portfolios, die makroökonomische und politische Risiken berücksichtigen, ein wichtiger Faktor, der auf dem Radar sein sollte (Zone 2). Die Zusammensetzung des Senats kann die Gesetzgebung maßgeblich beeinflussen und somit Auswirkungen auf Fiskalpolitik, Regulierung und die allgemeine Marktstimmung haben.",RISK_OFF,False,"Sollte das Partido Liberal (PL) die meisten Sitze im Senat gewinnen, könnte dies zu einer Verschiebung der politischen Kräfteverhältnisse führen. Angesichts der politischen Ausrichtung des PL (verbunden mit dem ehemaligen Präsidenten Bolsonaro) könnte eine Stärkung dieser Partei als potenzielle Quelle erhöhter politischer Unsicherheit, erschwerter Regierungsführung oder einer Neuausrichtung der Gesetzgebung wahrgenommen werden, die von den Märkten als weniger 'marktfreundlich' oder destabilisierend interpretiert werden könnte. Dies würde typischerweise zu einem 'RISK_OFF'-Szenario führen, da Investoren erhöhte Risikoprämien für brasilianische Vermögenswerte fordern oder ihre Engagements reduzieren könnten."
2026-08-17T11:02:19.772928+00:00,2026-09-06T00:00:00Z,2244513,will-afd-win-an-absolute-majority-of-seats-in-sachsen-anhalt,Will AfD win an absolute majority of seats in Sachsen-Anhalt?,292938.98948899994,0.305,active,"politics, global elections, elections, german elections, germany, saxony-anhalt, sachsen-anhalt, international election props",Politische Struktur & Wahlen,2,60,90,"Der Markt befasst sich mit dem Ausgang einer Landtagswahl in Deutschland, bei der eine spezifische politische Partei (AfD) eine absolute Mehrheit erringen könnte. Dies ist ein klares Ereignis der politischen Struktur und Wahlen. Obwohl es sich um eine Landtagswahl handelt, wäre eine absolute Mehrheit der AfD in einem deutschen Bundesland ein äußerst signifikantes politisches Signal. Es würde erhebliche Auswirkungen auf die nationale politische Landschaft Deutschlands, die Wahrnehmung der politischen Stabilität in der EU und die allgemeine Investorenstimmung gegenüber Deutschland und Europa haben. Es ist kein globaler 'Kill-Switch' (Zone 1), aber aufgrund der potenziellen Signalwirkung und der möglichen Auswirkungen auf die Politik eines wichtigen EU-Mitgliedsstaates deutlich mehr als nur 'Rauschen' (Zone 3). Es ist ein Ereignis, das von Managern globaler Portfolios genau beobachtet werden würde (Zone 2). Der Impact Score von 60 reflektiert die hohe Bedeutung eines solchen Wahlausgangs für die politische Risikobewertung in einer Schlüsselregion.",RISK_OFF,False,"Ein Wahlsieg der AfD mit absoluter Mehrheit in einem Bundesland wird im Allgemeinen als ein Anstieg der politischen Unsicherheit und des Risikos wahrgenommen. Die AfD wird oft mit europaskeptischen und migrationskritischen Positionen in Verbindung gebracht, deren Stärkung als potenziell destabilisierend für traditionelle politische Strukturen und die europäische Integration angesehen werden könnte. Ein solches Ergebnis würde daher wahrscheinlich eine 'RISK_OFF'-Stimmung auslösen, da es die Befürchtung schürt, dass sich die politische Landschaft in Deutschland und möglicherweise darüber hinaus weiter radikalisiert. Es handelt sich nicht um eine Normalisierung, sondern um ein Abweichen von bestehenden politischen Normen."
2026-08-17T11:02:19.773008+00:00,2026-12-31T00:00:00Z,664045,will-mamdani-freeze-nyc-rents-before-2027,Will Mamdani freeze NYC rents before 2027?,286778.2206929999,0.7715,active,"nyc mayor, politics, new york city, mamdani",Sektorale & Unternehmensereignisse,3,3,95,"Der Markt bezieht sich auf eine lokale politische Entscheidung (Mietpreisbindung in NYC) durch einen lokalen Politiker. Für ein globales Multi-Faktor-Portfolio ist ein solches Ereignis als Rauschen (Zone 3) einzustufen, da die Auswirkungen auf eine bestimmte Stadt und den dortigen Immobiliensektor begrenzt sind und keine signifikanten globalen oder systemischen Risiken darstellen. Der Fokus liegt auf einem sektoralen Ereignis (Immobilien/Wohnungswirtschaft) und dessen Auswirkungen auf die Unternehmen und Investitionen in diesem Sektor in NYC.",RISK_OFF,False,"Wenn Mamdani die Mieten einfriert (JA-Seite des Vertrags), würde dies typischerweise als negativ für Vermieter, Immobilienentwickler und Investoren im New Yorker Immobiliensektor angesehen werden, da es Einnahmen und Wertsteigerungspotenziale einschränkt. Dies wäre ein risikoerhöhendes Ereignis ('RISK_OFF') für diesen spezifischen Markt und Sektor."
2026-08-17T11:02:19.785205+00:00,2026-12-31T00:00:00Z,1734780,tyler-robinson-convicted-of-homicide,Tyler Robinson convicted of homicide?,282670.379579,0.415,active,"politics, charlie kirk, trump, culture, kirk, charlie",Keine Relevanz,3,1,95,"Der Prognosemarkt-Titel 'Tyler Robinson convicted of homicide?' bezieht sich auf ein individuelles kriminelles Ereignis. Ohne zusätzliche Informationen, die Tyler Robinson mit einer Position von globaler finanzieller Bedeutung (z.B. CEO eines großen multinationalen Unternehmens, Schlüsselperson in der Politik oder einer Branche von systemischer Relevanz) in Verbindung bringen, hat dieses Ereignis keine ersichtliche Relevanz für globale Finanzmärkte oder ein Multi-Faktor-Portfolio. Es stellt weder ein systemisches Risiko dar, noch beeinflusst es makroökonomische Faktoren, geopolitische Stabilität oder breite Sektoren. Es ist als 'Rauschen' zu klassifizieren.",RISK_OFF,False,"Obwohl die Verurteilung wegen Mordes ein inhärent negatives Ereignis für die betroffene Person ist, hat dieses spezifische Ereignis (basierend auf den verfügbaren Informationen) keine direkte oder indirekte Auswirkung auf die globale Marktstimmung oder die Risikobereitschaft ('RISK_OFF' oder 'RISK_ON') von Investoren in einem globalen Multi-Faktor-Portfolio. Die Zuweisung von 'RISK_OFF' ist hier eher eine formale Notwendigkeit des Schemas, da keine tatsächliche Marktbewegung in irgendeine Richtung erwartet wird. Das Ereignis ist irrelevant für die Bestimmung einer Wirkrichtung im Finanzmarktkontext."
2026-08-17T11:02:19.785298+00:00,2026-12-31T00:00:00Z,920401,will-apple-release-a-foldable-iphone-before-2027,Will Apple release a foldable iPhone before 2027?,273962.429454,0.885,active,"kpis, apple, tech, big tech",Sektorale & Unternehmensereignisse,3,6,90,"Dieser Prognosemarkt befasst sich ausschließlich mit der Produktstrategie und -entwicklung eines einzelnen Unternehmens (Apple) im Technologiesektor. Obwohl Apple ein Unternehmen mit extrem hoher Marktkapitalisierung ist, stellt die Einführung eines neuen Produktes, selbst eines neuen Formfaktors wie eines faltbaren iPhones, kein Ereignis dar, das globale Finanzmärkte systemisch destabilisieren, makroökonomische Schocks auslösen oder geopolitische Risiken verursachen würde. Für ein globales Multi-Faktor-Portfolio ist dies ein Rauschen (Zone 3), da die direkten Auswirkungen auf die breitere Marktrisikolandschaft minimal sind und hauptsächlich auf spezifische Sektor- und Unternehmensaktien beschränkt bleiben. Der Impact Score von 6 spiegelt die Relevanz von Apple als Unternehmen innerhalb dieser Rauschzone wider – es ist nicht irrelevant für Investoren, aber eben kein globaler Risikotreiber.",RISK_ON,False,"Ein 'JA' (Apple bringt ein faltbares iPhone vor 2027 auf den Markt) würde eine erfolgreiche Innovation und Produktentwicklung durch einen führenden Technologiekonzern bedeuten. Dies wird im Allgemeinen als positives Zeichen für den Technologie- und Konsumgütersektor sowie für die allgemeine Marktstimmung interpretiert. Es signalisiert Innovationskraft und potenzielles Marktwachstum, was tendenziell risikobereite Stimmungen ('RISK_ON') fördert, anstatt Risikoaversion ('RISK_OFF') zu verursachen. Es handelt sich hierbei um eine Neuentwicklung und nicht um die Normalisierung einer Krisensituation."
2026-08-17T11:02:19.785316+00:00,2026-12-31T00:00:00Z,897843,9pt0-or-above-earthquake-before-2027,9.0 or above earthquake before 2027?,273788.64849299996,0.0685,active,"earthquakes, weather, science, climate & science, natural disasters",Systemische Stabilitätsrisiken,1,90,95,"Ein Erdbeben der Stärke 9.0 oder höher ist ein katastrophales Naturereignis, das, abhängig von seiner Lage (z.B. in einer dicht besiedelten Region oder in der Nähe kritischer Infrastruktur/Versorgungsketten), weitreichende globale Auswirkungen haben kann. Dies würde nicht nur massive menschliche Tragödien verursachen, sondern auch globale Finanzmärkte durch erhebliche Schäden an Infrastruktur, Unterbrechungen von Lieferketten, enorme Versicherungsforderungen und eine allgemeine Flucht in sichere Häfen ('Risk-Off') massiv destabilisieren. Es fällt in die Kategorie der 'Kill-Switch'-Ereignisse, die globale Panik auslösen können, analog zu anderen hypothetischen Katastrophen, wie in den Anweisungen beschrieben.",RISK_OFF,False,Das Eintreten eines Erdbebens der Stärke 9.0 oder höher wäre ein extrem risikoERHÖHENDES Ereignis. Es würde zu einem sofortigen und starken Verkauf von Risikoaktiva und einer Bewegung hin zu sicheren Anlagen führen.
2026-08-17T11:02:19.785341+00:00,2026-12-31T00:00:00Z,665427,will-a-new-country-join-the-abraham-accords-before-2027,Will a new country join the Abraham Accords before 2027?,272664.99360899994,0.234,active,"gaza, israel, geopolitics, middle east",Geopolitischer & Militärischer Schock,2,65,90,"Der Beitritt eines weiteren Landes zu den Abraham Accords stellt eine bedeutende geopolitische Entwicklung dar, die die regionalen Machtverhältnisse und die Stabilität im Nahen Osten beeinflussen kann. Obwohl es sich nicht um einen plötzlichen 'Schock' im Sinne einer Katastrophe handelt, ist die Ausweitung dieser Abkommen ein substanzielles geopolitisches Ereignis mit weitreichenden Implikationen für globale Finanzmärkte, insbesondere in Bezug auf regionale Stabilität, Investitionsflüsse, Energiepreise und internationale Beziehungen. Es ist ein Ereignis, das von globalen Portfolio-Managern genau beobachtet werden muss, um potenzielle regionale Chancen und Risiken zu bewerten.",RISK_ON,True,"Der Beitritt weiterer Länder zu den Abraham Accords wird im Allgemeinen als eine positive Entwicklung für die regionale Stabilität und Kooperation im Nahen Osten angesehen. Dies reduziert die wahrgenommenen geopolitischen Risiken und fördert eine risikoaffine Marktstimmung (RISK_ON), da sie die Normalisierung von Beziehungen und eine potenzielle wirtschaftliche und politische Integration in einer historisch volatilen Region signalisiert."
2026-08-17T11:02:19.785356+00:00,2026-12-31T00:00:00Z,2126490,who-will-trump-talk-to,KRG declares independence from Iraq by December 31?,272581.679215,0.0615,active,"politics, regional spillover, kurds, iraq, geopolitics, kurdistan, kurdistan regional government, iran",Geopolitischer & Militärischer Schock,2,70,95,"Eine Unabhängigkeitserklärung der KRG von Irak würde zu erheblicher geopolitischer Instabilität in der ölreichen Region führen. Dies könnte militärische Konfrontationen zwischen KRG- und irakischen Streitkräften sowie möglicherweise regionalen Akteuren wie der Türkei auslösen. Die direkten Auswirkungen wären eine erhebliche Unsicherheit auf den globalen Ölmärkten (Irak ist ein großer Ölproduzent), erhöhte Flucht- und Migrationsrisiken sowie eine allgemeine Risikoaversion gegenüber Schwellenmärkten und der MENA-Region. Die Konsequenzen wären für Manager auf dem Radar und würden eine Neupositionierung von Portfolios erfordern.",RISK_OFF,False,"Die 'JA'-Seite des Kontrakts – also die Unabhängigkeitserklärung der KRG – stellt ein neues, risikovergrößerndes Ereignis dar. Sie würde politische Spannungen, die Wahrscheinlichkeit militärischer Konflikte und Unsicherheiten bezüglich der Ölversorgung und -preise erhöhen, was zu einer Kapitalflucht aus risikoreichen Anlagen führen würde."
2026-08-17T11:02:19.785371+00:00,2026-12-31T00:00:00Z,1108137,will-the-us-invade-a-latin-american-country-in-2026,Will the U.S. invade a Latin American country in 2026?,269822.960498,0.115,active,"venezuela, politics, trump, geopolitics, macro geopolitics",Geopolitischer & Militärischer Schock,1,85,95,"Eine Invasion der USA in ein lateinamerikanisches Land im Jahr 2026 wäre ein schwerwiegender geopolitischer Schock mit weitreichenden globalen Auswirkungen. Es würde zu erheblicher politischer Instabilität, humanitären Krisen, potenziellen Sanktionen und einer massiven Verschiebung des globalen Risikosentiments führen. Die engen wirtschaftlichen und politischen Verflechtungen der USA mit dem Rest der Welt bedeuten, dass ein solcher Konflikt weit über die Region hinaus Finanzmärkte, Rohstoffpreise und Investitionsflüsse beeinflussen würde, was zu einem globalen Risk-Off-Szenario und Kapitalflucht führen könnte. Dies hat das Potenzial, als 'Kill-Switch'-Ereignis für globale Märkte zu wirken.",RISK_OFF,False,"Das Eintreten einer US-Invasion würde eine erhebliche Eskalation der geopolitischen Spannungen und Konflikte darstellen. Dies ist ein destabilisierendes Ereignis, das die Unsicherheit erhöht, die Märkte verunsichert und Investoren dazu veranlasst, risikoreiche Anlagen zu meiden und in sichere Häfen zu flüchten (Risk-Off-Verhalten)."
2026-08-17T11:02:19.785518+00:00,2026-12-31T00:00:00Z,1302038,will-alberta-vote-for-independence-in-2026,Will Alberta vote for independence in 2026?,253949.05042999997,0.0615,active,"canada, world, politics, trump",Politische Struktur & Wahlen,2,45,90,"Die Frage betrifft eine mögliche Sezession einer kanadischen Provinz, was eine fundamentale Änderung der politischen Struktur Kanadas und einen erheblichen innenpolitischen Vorgang darstellt. Als G7-Land hat Kanada eine signifikante globale Wirtschaftsrolle, insbesondere Alberta als wichtiger Ölproduzent. Eine erfolgreiche Unabhängigkeitsabstimmung würde zwar keine globale Panik auslösen, aber erhebliche Unsicherheit für die kanadische Wirtschaft und Politik bedeuten, Währung und Anleihen beeinflussen und daher von globalen Fondsmanagern genau beobachtet werden (Zone 2). Der Impact Score reflektiert die nationale Bedeutung und die potenziellen, wenn auch begrenzten, internationalen Spillover-Effekte.",RISK_OFF,False,"Eine 'Ja'-Stimme für die Unabhängigkeit würde eine Periode intensiver politischer und wirtschaftlicher Unsicherheit in Kanada einleiten. Dies würde die Risikoprämien für kanadische Vermögenswerte erhöhen, die CAD-Währung unter Druck setzen und die Investitionssicherheit mindern, was typisch für ein 'RISK_OFF'-Szenario ist."
2026-08-17T22:00:45.455747+00:00,2026-08-31T23:59:00Z,2849008,us-announces-withdrawal-from-mou-negotiations-byptptpt-20260622192051747,Will the US announce withdrawal from MOU negotiations by August 31?,260962.17835899998,0.085,active,"iran, trump, politics, agreement, peace deal, geopolitics, middle east, u.s. x iran",Geopolitischer & Militärischer Schock,2,60,90,"Der potenzielle Rückzug der USA aus internationalen MOU-Verhandlungen (Memorandum of Understanding) signalisiert eine Störung diplomatischer Bemühungen oder eine signifikante Verschiebung der politischen Ausrichtung. Obwohl der genaue Einfluss stark von der Natur des spezifischen MOU abhängt (z.B. Handel, Sicherheit, Technologie), erhöht ein solcher Schritt generell die geopolitische Unsicherheit. Dies kann zu Marktvolatilität, einer Veränderung der Anlegerstimmung und einer Neubewertung regionaler oder sektoraler Risiken führen, was für ein globales Portfolio relevant ist.",RISK_OFF,False,"Ein 'JA'-Ergebnis (US-Rückzug) impliziert eine Unterbrechung laufender diplomatischer Prozesse. Dies erhöht die Unsicherheit und kann potenziell zu ungünstigeren internationalen Bedingungen (z.B. Handelsspannungen, verminderte Zusammenarbeit) führen, was von den Märkten typischerweise als negativ (risikovermeidend) interpretiert wird."
2026-08-18T22:00:44.680896+00:00,2028-11-07T00:00:00Z,559655,democratic-presidential-nominee-2028,Will Josh Shapiro win the 2028 Democratic presidential nomination?,9557051.153586008,0.0505,active,"united states, elections, politics, us election, world elections, earn 4%, primaries",Politische Struktur & Wahlen,2,55,90,"Der Markt betrifft die Nominierung eines Kandidaten für die US-Präsidentschaftswahlen 2028. Dies ist ein klares Ereignis unter 'Politische Struktur & Wahlen'. Die US-Präsidentschaft hat weitreichende globale Auswirkungen auf Handel, Außenpolitik und Regulierungen, wodurch sie für globale Finanzmärkte relevant ist und auf den 'Manager-Radar' (Zone 2) gehört. Obwohl das Ereignis noch vier Jahre entfernt ist und es sich 'nur' um eine Nominierung handelt, dient es als früher Indikator für mögliche zukünftige politische Führung und Richtungswechsel. Diese Entwicklungen werden von Fondsmanagern beobachtet, sind aber keine unmittelbaren 'Kill-Switch'-Ereignisse. Der Impact Score spiegelt diese vorausschauende, aber nicht sofortige Relevanz wider.",RISK_OFF,False,"Die 'JA'-Seite, also der Sieg von Josh Shapiro bei der Nominierung, wird als 'RISK_OFF' bewertet. Der Aufstieg eines potenziellen neuen Anführers in einem so frühen Stadium führt in der Regel zu einer anfänglichen Periode der Unsicherheit hinsichtlich zukünftiger politischer Ausrichtung und deren potenzieller Auswirkungen auf die Märkte. Diese Einführung neuer, noch nicht vollständig definierter Variablen wird von den Märkten oft als risikoerhöhend wahrgenommen, bis sich klarere Positionen und die damit verbundenen Implikationen abzeichnen. Es handelt sich nicht um ein Ereignis der Rückkehr zur Normalität, sondern um einen Schritt in einem Entwicklungsprozess."
2026-08-18T22:00:45.141008+00:00,,943827,republican-senate-seats-after-the-2026-midterm-elections-927,Will the Republican Party hold exactly 55 Senate seats after the 2026 midterm elections?,444401.840916,0.0515,active,"midterms, united states, elections, politics, us election, congress, trump",Politische Struktur & Wahlen,2,80,90,"Der Markt bewertet den potenziellen Ausgang der US-Zwischenwahlen 2026, spezifisch die Senatsmehrheit der Republikaner. Dies fällt klar in den Bereich politischer Struktur und Wahlen. Die Relevanz ist als Manager-Radar (Zone 2) einzustufen, da US-Wahlen globale Auswirkungen auf Fiskal-, Regulierungs- und Handelspolitik haben und mittelfristige strategische Anpassungen erfordern, aber nicht als unmittelbares globales Panik-Ereignis gelten. Ein Resultat von 'exakt 55 Senatssitzen' für eine Partei deutet auf eine signifikante Mehrheit hin, die weitreichende Gesetzgebung ermöglichen könnte und somit einen hohen Einfluss auf die Finanzmärkte hat.",RISK_OFF,False,"Eine starke Mehrheit der Republikaner (55 Sitze) ermöglicht entschlossene Politikwechsel, die, obwohl sie die Gesetzgebungseffizienz erhöhen könnten, auch das Potenzial für signifikante und potenziell disruptive Änderungen in Bereichen wie Steuerpolitik, Regulierung und internationalem Handel mit sich bringen. Solche tiefgreifenden politischen Verschiebungen erzeugen Unsicherheit und Anpassungsbedarf für globale Portfolios, was in der Regel als risikoerhöhend (RISK_OFF) interpretiert wird, da sie erhöhte Volatilität und die Notwendigkeit von Neuanpassungen bedeuten."
2026-08-18T22:00:46.461232+00:00,2026-12-31T00:00:00Z,2071657,lee-jae-myung-out-as-president-of-south-korea-in-2026,Lee Jae-myung out as president of South Korea in 2026?,252265.24131200006,0.099,active,"politics, south korea",Politische Struktur & Wahlen,2,70,95,"Dieser Markt bewertet die politische Zukunft eines wichtigen Kandidaten in Südkorea, einer der größten Volkswirtschaften der Welt und einem zentralen Akteur in globalen Lieferketten (insbesondere Halbleiter, Elektronik, Batterien) sowie in der regionalen Geopolitik. Ein potenzieller Machtwechsel oder die definitive Nicht-Präsidentschaft einer prominenten Figur wie Lee Jae-myung kann weitreichende Implikationen für die Wirtschaftspolitik des Landes (Fiskalpolitik, Industriepolitik), die Regulierung von Schlüsselindustrien und die außenpolitische Ausrichtung (z.B. Beziehungen zu den USA, China, Nordkorea) haben. Solche Entwicklungen sind für globale Multi-Faktor-Portfolios relevant, da sie regionale Allokationen, spezifische Sektor-Investitionen und Währungsengagements beeinflussen können. Es handelt sich um ein 'Manager-Radar'-Ereignis, da es keine unmittelbare, globale Panik auslöst (Zone 1), aber signifikant genug ist, um nicht als reines Rauschen abgetan zu werden (Zone 3).",RISK_ON,False,"Die Frage zielt darauf ab, ob Lee Jae-myung 'aus dem Rennen' um die Präsidentschaft in Südkorea im Jahr 2026 (im Vorfeld der Wahl 2027) ist oder sein wird. Lee Jae-myung wird oft mit einer eher populistisch-progressiven Agenda und einer potenziell stärkeren staatlichen Intervention in die Wirtschaft in Verbindung gebracht. Zudem gab es in seiner politischen Laufbahn auch rechtliche Kontroversen, die ein Element der Unsicherheit darstellen können. Sollte er 'aus dem Rennen' sein (d.h. nicht Präsident werden), könnte dies von den Märkten als Vermeidung politischer Unsicherheit, einer potenziell weniger marktfreundlichen Politik oder erhöhter Staatsausgaben interpretiert werden. Die Entwarnung in Bezug auf seine Präsidentschaft würde daher tendenziell als risikoMINDERND ('RISK_ON') wahrgenommen, da sie ein Element der politischen und wirtschaftlichen Unsicherheit reduziert."
2026-08-19T22:00:46.057475+00:00,2026-08-31T23:59:00Z,3348048,iran-oman-hormuz-management-agreement-byptptpt-20260804222725871,Iran-Oman Hormuz Agreement by August 31?,258414.74930099997,0.195,active,"iran, trump, peace deal, geopolitics, strait of hormuz",Geopolitischer & Militärischer Schock,1,85,95,"Der Markt betrifft ein potenzielles Abkommen zwischen Iran und Oman bezüglich der Straße von Hormuz, einem der weltweit wichtigsten und sensibelsten Nadelöhre für den globalen Öl- und LNG-Transport. Eine Einigung würde signifikant zur Deeskalation regionaler Spannungen beitragen und die Sicherheit der globalen Energieversorgung stärken. Die Auswirkungen auf die globalen Rohölpreise, die Shipping-Kosten und das allgemeine geopolitische Risiko wären immens. Ein Scheitern der Verhandlungen oder das Ausbleiben eines Abkommens könnte hingegen rasch zu erhöhten Spannungen, Lieferkettenstörungen und massiven Ölpreisanstiegen führen, mit dem Potenzial für einen globalen wirtschaftlichen Schock. Die strategische Relevanz und die direkten Auswirkungen auf die Weltwirtschaft rechtfertigen eine Einstufung in Zone 1, da das Ereignis (oder dessen Ausbleiben) zu unmittelbaren, weitreichenden Repricing-Ereignissen an den globalen Finanzmärkten führen kann.",RISK_ON,True,"Eine 'JA'-Antwort auf diesen Markt ('Iran-Oman Hormuz Agreement by August 31?') bedeutet, dass ein Abkommen erzielt wird. Ein solches Abkommen würde die geopolitischen Spannungen in einer kritischen Energieversorgungsregion reduzieren und die Wahrscheinlichkeit von Störungen im Seeverkehr der Straße von Hormuz senken. Dies führt zu einer Stabilisierung der Energiemärkte, einer Verringerung der Risikoprämien und wird von den Finanzmärkten als risikoSENKENDes ('RISK_ON') Ereignis gewertet. Es stellt eine Normalisierung der Situation dar, indem es Unsicherheiten und Konfliktpotenziale abbaut."
2026-08-19T22:00:46.058146+00:00,,630805,michigan-senate-election-winner,Will the Democrats win the Michigan Senate race in 2026?,260787.08361699997,0.615,active,"michigan midterm, senate midterms, midterms, us election, politics, elections, abdul el-sayed, mike rogers",Politische Struktur & Wahlen,2,50,90,"Der Markt betrifft ein einzelnes US-Senatsrennen in Michigan für das Jahr 2026. Obwohl es sich um ein einzelnes Rennen handelt, kann das Ergebnis die Mehrheitsverhältnisse im US-Senat beeinflussen. Die Kontrolle über den Senat hat direkte Auswirkungen auf die US-amerikanische Gesetzgebung, Haushaltsentscheidungen, Regulierungen und die Besetzung von Richterposten, was wiederum signifikante Auswirkungen auf die Makroökonomie und spezifische Sektoren hat. Für ein globales Multi-Faktor-Portfolio ist dies ein Faktor, der auf dem Manager-Radar (Zone 2) beobachtet werden sollte, da US-Politik globale Relevanz besitzt, auch wenn ein einzelnes Rennen zwei Jahre im Voraus keine unmittelbare Panik auslöst (Zone 1) und mehr als nur Rauschen ist (Zone 3). Der Impact Score von 50 reflektiert die mittlere Relevanz dieses spezifischen Ereignisses für ein globales Portfolio, da es Teil eines größeren politischen Puzzles ist.",RISK_OFF,False,"Ein Sieg der Demokraten in einem entscheidenden Senatsrennen könnte als risikoerhöhend (RISK_OFF) interpretiert werden, falls die damit verbundenen politischen Implikationen (z.B. potenzielle Erhöhungen von Steuern, strengere Regulierungen in bestimmten Sektoren oder eine Verschiebung der Fiskalpolitik) von den Finanzmärkten als weniger günstig für Unternehmensgewinne oder als Quelle erhöhter Unsicherheit wahrgenommen werden. Die 'JA'-Seite würde in diesem Fall ein Ereignis signalisieren, das traditionell mit einer risikoaverseren Haltung in Verbindung gebracht wird, auch wenn spezifische Marktsegmente anders reagieren könnten. Es handelt sich hier nicht um eine Normalisierung von Risiken."
2026-08-20T22:00:44.759875+00:00,2026-12-31T00:00:00Z,1250957,measles-cases-in-us-in-2026,Will there be at least 12500 measles cases in the U.S. in 2026?,350732.83874199993,0.055,active,"rewards 20, 4.5, 50, climate & science, weather, pandemics, science, measles",Sektorale & Unternehmensereignisse,2,30,90,"Der Kontrakt betrifft eine signifikante öffentliche Gesundheitsherausforderung in den USA. Während 12500 Masernfälle ernsthaft sind, würden sie wahrscheinlich keine globalen systemischen Finanzstabilitätsrisiken auslösen (Zone 1). Der primäre Einfluss wäre auf spezifische Sektoren wie das Gesundheitswesen, den Reiseverkehr und möglicherweise Konsumgüter, sowie auf die lokale Wirtschaft und das Konsumentenvertrauen innerhalb der USA. Daher ist es relevant für das 'Manager-Radar' (Zone 2), um potenzielle sektorale Allokationsanpassungen vorzunehmen, aber kein globales Schockereignis.",RISK_OFF,False,"Die Bejahung des Kontrakts (mindestens 12500 Masernfälle) signalisiert eine Verschärfung der öffentlichen Gesundheitslage. Dies könnte zu erhöhten Gesundheitskosten, Belastungen des Gesundheitssystems, potenziellen Einschränkungen der Konsumaktivitäten in betroffenen Regionen und einer allgemeinen Eintrübung der Marktstimmung für relevante Sektoren führen, was als risikoerhöhend für Märkte (RISK_OFF) interpretiert wird."
2026-08-20T22:00:44.760559+00:00,2026-08-31T00:00:00Z,3120761,nato-x-russia-military-clash-in-2025,"NATO x Russia military clash by August 31, 2026?",1201519.44757,0.325,active,"nato, trump presidency, trump, russia, geopolitics, world, ukraine",Geopolitischer & Militärischer Schock,1,95,95,"Ein direkter militärischer Zusammenstoß zwischen NATO und Russland wäre ein Ereignis von globaler Tragweite mit potenziell katastrophalen Auswirkungen auf die Weltwirtschaft und die Finanzmärkte. Dies würde zu extremer Unsicherheit, massiver Risikoaversion, einem Zusammenbruch der Anlegerstimmung und erheblichen Störungen globaler Lieferketten und Energieversorgungen führen. Es handelt sich um einen 'Kill-Switch', der eine globale Panik auslösen würde.",RISK_OFF,False,"Das Eintreten eines militärischen Konflikts zwischen diesen Akteuren (die 'JA'-Seite des Marktes) ist ein eindeutig risikoERHÖHENDES Ereignis, das zu einer Flucht aus Risikoanlagen ('RISK_OFF') führen würde, da geopolitische Spannungen eskalieren und die Aussicht auf weitreichende Konsequenzen steigt."
2026-08-20T22:00:44.760795+00:00,2026-08-21T16:00:00Z,3506020,elon-musk-of-tweets-august-14-august-21,"Will Elon Musk post 240-259 tweets from August 14 to August 21, 2026?",322956.0723069998,0.225,active,"culture, politics, tweet markets",Keine Relevanz,3,1,95,"Der Prognosemarkt bewertet die spezifische Anzahl von Tweets, die Elon Musk in einem eng definierten Zeitraum veröffentlichen wird. Dies ist ein extrem granularer und individueller Verhaltensindikator, der keinerlei direkte oder signifikante Relevanz für die Stabilität globaler Finanzmärkte, makroökonomische Entwicklungen, geopolitische Ereignisse, systemische Risiken oder größere sektorale/unternehmerische Ereignisse besitzt. Für ein globales Multi-Faktor-Portfolio ist diese Information als reines Rauschen ('Noise') einzustufen.",RISK_OFF,False,"Die Anzahl der Tweets eines Individuums, selbst einer prominenten Persönlichkeit wie Elon Musk, hat keine intrinsische kausale Verbindung zu einer allgemeinen Risikoerhöhung ('RISK_OFF') oder Risikoreduzierung ('RISK_ON') für globale Finanzmärkte. Die Zuweisung einer Wirkrichtung ist in diesem Kontext rein formal, da das Ereignis selbst keine relevante Marktauswirkung hat und somit auch keine interpretierbare Risikodimension besitzt."
2026-08-20T22:00:44.760804+00:00,2026-08-21T16:00:00Z,3506025,elon-musk-of-tweets-august-14-august-21,"Will Elon Musk post 260-279 tweets from August 14 to August 21, 2026?",306055.33119400014,0.4645,active,"culture, politics, tweet markets",Keine Relevanz,3,1,95,"Der Markt bezieht sich auf die persönliche Tweet-Anzahl von Elon Musk in einem spezifischen, engen Zeitfenster im Jahr 2026. Dies ist ein hochspezifisches und granular-triviales Ereignis, das keinerlei direkte oder indirekte materielle Relevanz für globale Finanzmärkte, makroökonomische Entwicklungen, Systemstabilität, geopolitische Ereignisse oder sektorale/unternehmensbezogene Risiken eines globalen Multi-Faktor-Portfolios hat. Selbst für die direkten Unternehmen, an denen Musk beteiligt ist, wäre die Erfüllung dieser spezifischen Tweet-Zahl innerhalb des gegebenen Bereichs kein signifikantes Ereignis. Es handelt sich um reines Rauschen.",RISK_OFF,False,"Die 'JA'-Seite (Elon Musk postet 260-279 Tweets) repräsentiert weder ein risikoerhöhendes noch ein risikosenkendes Ereignis für globale Finanzmärkte. Es besteht kein kausaler Zusammenhang mit globalen Marktrisiken. Die Wahl von 'RISK_OFF' ist willkürlich und dient lediglich dazu, dem JSON-Schema zu entsprechen, da das Ereignis in Bezug auf globale Marktrisiken neutral und irrelevant ist und somit keine inhärente Wirkrichtung besitzt."
2026-08-20T22:00:44.760812+00:00,2026-08-21T16:00:00Z,3506026,elon-musk-of-tweets-august-14-august-21,"Will Elon Musk post 280-299 tweets from August 14 to August 21, 2026?",285915.05491899996,0.2075,active,"culture, politics, tweet markets",Keine Relevanz,3,1,95,"Der Markt bezieht sich auf eine hochspezifische, persönliche Online-Aktivität (Anzahl der Tweets innerhalb eines engen Bereichs) einer Einzelperson (Elon Musk) zu einem zukünftigen Zeitpunkt im Jahr 2026. Obwohl Elon Musk eine prominente Persönlichkeit im Technologiesektor ist, hat die reine Anzahl seiner Tweets in diesem sehr spezifischen numerischen Bereich keinerlei direkten oder indirekten quantifizierbaren Einfluss auf globale Finanzmärkte, makroökonomische Trends, systemische Stabilität oder geopolitische Ereignisse. Es handelt sich um ein triviales Detail, das keinerlei Relevanz für die quantitative Risikoanalyse eines globalen Portfolios besitzt und als reines Rauschen einzustufen ist.",RISK_OFF,False,"Angesichts der Einstufung als 'Keine Relevanz' und Zone 3 (Rauschen) ist die Bestimmung einer 'Wirkrichtung' (risikoERHOEHEND oder risikoSENKEND) für globale Finanzmärkte analytisch nicht sinnvoll. Das Eintreten des 'JA'-Szenarios (Elon Musk postet 280-299 Tweets) hat per se keine inhärente Auswirkung auf die Risikolandschaft der Finanzmärkte. Die Zuweisung von 'RISK_OFF' erfolgt hier primär zur Erfüllung der obligatorischen JSON-Schema-Vorgabe für `risk_direction`, obwohl in diesem Kontext keine tatsächliche Risikoassoziation besteht. Es handelt sich zudem nicht um ein Ereignis, das eine Rückkehr zur Normalität darstellt."
2026-08-20T22:00:45.998093+00:00,,630806,michigan-senate-election-winner,Will the Republicans win the Michigan Senate race in 2026?,250411.69438799997,0.375,active,"michigan midterm, senate midterms, midterms, us election, politics, elections, abdul el-sayed, mike rogers",Politische Struktur & Wahlen,3,3,90,"Der Prognosemarkt betrifft eine spezifische Einzelwahl (US-Senat, Bundesstaat Michigan) in der Zukunft (2026). Für ein globales Multi-Faktor-Portfolio ist ein solches Ereignis aufgrund seiner hohen Granularität und des zukünftigen Zeitpunkts von sehr geringer direkter Relevanz für globale Finanzmärkte. Es gehört nicht zu globalen Panik-Ereignissen (Zone 1) oder primären Manager-Radar-Themen (Zone 2), sondern ist eher als Hintergrundrauschen (Zone 3) zu betrachten, dessen Auswirkungen in breiteren nationalen politischen Erwartungen verankert sein dürften, anstatt ein eigenständiger globaler Markttreiber zu sein.",RISK_OFF,False,"Ein Wahlsieg einer Partei, auch in einem einzelnen Rennen, kann als eine potenzielle Verschiebung im politischen Kräftegleichgewicht interpretiert werden. Solche Verschiebungen können Unsicherheit über zukünftige Politik und Gesetzgebung hervorrufen, was tendenziell als risikoERHÖHEND (RISK_OFF) wahrgenommen wird. Es gibt hier keine klare 'Normalisierung' oder allgemeingültige risikoSENKENDE Nachricht für globale Märkte."
2026-08-20T22:00:46.504319+00:00,2026-12-31T00:00:00Z,2382819,will-china-blockade-taiwan-by-in-2026,Will China blockade Taiwan in 2026?,250050.15449600003,0.063,active,"geopolitics, taiwan, china, hfc",Geopolitischer & Militärischer Schock,1,95,95,"Eine chinesische Blockade Taiwans wäre ein Ereignis von global-systemischer Bedeutung. Es würde zu massiven Störungen der globalen Lieferketten (insbesondere im Halbleiterbereich), einer extremen Eskalation geopolitischer Spannungen, potenziellen militärischen Konflikten mit weitreichenden internationalen Verwicklungen und einem beispiellosen Vertrauensverlust in die globale Stabilität führen. Dies wäre ein klassisches 'Kill-Switch'-Ereignis, das globale Panik an den Finanzmärkten auslösen würde.",RISK_OFF,False,"Die 'Ja'-Seite des Marktes beschreibt das Eintreten einer Blockade. Eine solche Blockade ist ein extrem risikoERHOEHENDES Ereignis, das zu militärischer Eskalation, Wirtschaftsblockaden und globaler Instabilität führen würde, was typischerweise eine 'RISK_OFF'-Reaktion an den Märkten zur Folge hätte."
2026-08-21T22:00:45.064677+00:00,2027-01-01T12:00:00Z,2307825,will-anthropics-valuation-hit-by-december-31,Will Anthropic's valuation hit (HIGH) $5.0T by December 31?,251828.93801700004,0.0665,active,"finance, privates, llm, anthropic, dario amodei, claude, big tech, ai, anthropic ipo",Sektorale & Unternehmensereignisse,2,70,95,"Der Markt bewertet die potenzielle zukünftige Bewertung eines einzelnen, wenngleich hochrelevanten, Unternehmens im KI-Sektor. Ein Erreichen von 5,0 Billionen US-Dollar bis Jahresende wäre ein außergewöhnliches Ereignis, das weit über normale Unternehmensbewertungen hinausgeht. Es würde jedoch keinen globalen Panik-Ereignis-Schalter umlegen (Zone 1). Stattdessen würde es als starkes Signal für die Dynamik, Investitionsbereitschaft und das disruptive Potenzial des gesamten KI-Sektors sowie der Technologiebranche insgesamt dienen, was für globale Portfolio-Manager von höchster Relevanz wäre (Zone 2). Der Impact Score reflektiert die enorme Implikation eines solchen Wertes für Kapitalallokation, Sektor-Performance und allgemeines Marktsentiment.",RISK_ON,False,"Die 'JA'-Seite dieses Kontrakts bedeutet, dass Anthropic eine extrem hohe Bewertung von 5,0 Billionen US-Dollar erreicht. Dies würde als ein immenser Erfolg des Unternehmens und als Bestätigung für das enorme Wachstumspotenzial des gesamten KI-Sektors interpretiert. Ein solches Ereignis würde die Anlegerstimmung positiv beeinflussen, die Risikobereitschaft erhöhen und Kapitalflüsse in technologie- und wachstumsorientierte Anlagen lenken, was ein 'RISK_ON'-Umfeld schaffen würde. Es handelt sich nicht um eine Rückkehr zur Normalität, sondern um ein außergewöhnliches Wachstumsereignis."
2026-08-21T22:00:45.463760+00:00,2026-10-01T03:59:00Z,1333258,gpt-6-released-by,"Will GPT-6 be released by September 30, 2026?",254993.93708499995,0.325,active,"openai, gpt-5, big tech, ai, tech, sam altman, ai releases",Sektorale & Unternehmensereignisse,2,55,90,"Der Prognosemarkt befasst sich mit der Veröffentlichung eines spezifischen AI-Modells (GPT-6). Dies fällt direkt in den Bereich der Technologieentwicklung und betrifft primär den Software- und AI-Sektor sowie die Unternehmen, die in diesem Umfeld agieren. Es ist kein systemisches Risiko oder geopolitischer Schock, sondern ein branchenspezifisches Ereignis mit potenziell weitreichenden Auswirkungen auf Produktivität, Geschäftsmodelle und Wettbewerbsfähigkeit innerhalb und ausserhalb des Tech-Sektors. Als solches gehört es auf den Radar von Managern, um Sektorallokationen und Wachstumsaussichten zu bewerten, ohne jedoch einen globalen Panik-Kill-Switch auszulösen.",RISK_ON,False,"Die erfolgreiche Veröffentlichung einer potenziell transformativen Technologie wie GPT-6 wird im Allgemeinen als positiver Treiber für Innovation, Produktivitätswachstum und neue Geschäftsfelder angesehen. Dies würde voraussichtlich das Vertrauen in den Technologiemarkt stärken und als ein risikofreudiges ('RISK_ON') Signal gewertet werden, da es auf zukünftiges Wirtschaftswachstum und Wertschöpfung hindeutet, auch wenn disruptive Effekte auf Arbeitsmärkte oder spezifische Branchen diskutiert werden könnten."
2026-08-21T22:00:45.464162+00:00,2026-08-31T23:59:00Z,3700194,us-ceasefire-against-iran-continues-throughptptpt,US ceasefire against Iran continues through August 31?,348132.09421100013,0.875,active,"iran, trump, israel, military, politics, geopolitics, middle east, israel x iran, military actions, military strikes",Geopolitischer & Militärischer Schock,1,85,95,"Der Markt bewertet das Fortbestehen eines Waffenstillstands zwischen den USA und dem Iran. Ein Bruch dieses Waffenstillstands hätte das Potenzial für eine erhebliche militärische Eskalation, die globale Energiemärkte (insbesondere den Ölpreis und die Durchfahrt durch die Straße von Hormuz) massiv destabilisieren könnte. Dies könnte einen globalen Wirtschaftsschock auslösen und stellt ein kritisches 'Kill-Switch'-Ereignis für die Finanzmärkte dar.",RISK_ON,True,"Die 'JA'-Seite des Kontrakts (Waffenstillstand hält) bedeutet, dass eine potenzielle militärische Eskalation und die damit verbundenen globalen wirtschaftlichen und politischen Unsicherheiten vermieden werden. Dies stellt eine Beibehaltung der relativen Stabilität und somit eine Reduzierung des Geopolitik-Risikos dar (RISK_ON). Es ist eine 'Entwarnung' im Sinne der Aufrechterhaltung eines normalen (nicht-konfliktuellen) Zustands."
2026-08-21T22:00:45.464169+00:00,2026-09-30T23:59:00Z,3700196,us-ceasefire-against-iran-continues-throughptptpt,US ceasefire against Iran continues through September 30?,251500.52342499985,0.64,active,"iran, trump, israel, military, politics, geopolitics, middle east, israel x iran, military actions, military strikes",Geopolitischer & Militärischer Schock,1,85,95,"Der Markt bewertet die Fortsetzung eines Waffenstillstands oder einer Deeskalationsphase zwischen den USA und dem Iran. Ein Scheitern dieses Status quo würde eine erhebliche Eskalation geopolitischer Spannungen bedeuten, mit potenziellen Auswirkungen auf die globale Energieversorgung (insbesondere durch die Meerenge von Hormus), die regionale Stabilität und eine breite Risikovermeidung an den Finanzmärkten. Dies hätte das Potenzial, globale Panikreaktionen auszulösen und rechtfertigt somit die Einordnung in Zone 1.",RISK_ON,True,"Die 'Ja'-Seite des Marktes bedeutet, dass der Waffenstillstand oder die Deeskalation fortgesetzt wird. Dies ist ein Risiko-minderndes Ereignis, das zu weiterer Stabilität und einem 'RISK_ON'-Sentiment an den Märkten führen würde. Die Fortsetzung eines Waffenstillstands ist eine Rückkehr oder Beibehaltung eines normaleren, friedlicheren Zustands."
2026-08-21T22:00:46.125061+00:00,2026-12-31T00:00:00Z,3091051,china-x-philippines-military-clash-before-2027-20260723214807932,China x Philippines military clash before 2027?,268498.82798400015,0.305,active,"china, world, geopolitics",Geopolitischer & Militärischer Schock,1,85,95,"Der Markt bewertet die Wahrscheinlichkeit eines militärischen Zusammenstoßes zwischen China und den Philippinen. Ein solches Ereignis im Südchinesischen Meer, einer strategisch wichtigen Region für globale Schifffahrt und Handel, hätte weitreichende globale Auswirkungen. Es würde zu erheblichen Störungen der Lieferketten, einer Neubewertung geopolitischer Risiken, potenzieller militärischer Eskalation unter Einbeziehung weiterer Mächte (insbesondere der USA aufgrund des Verteidigungsabkommens mit den Philippinen) und einer massiven Flucht in sichere Häfen führen. Dies erfüllt die Kriterien eines globalen Panik-Ereignisses ('Kill-Switch').",RISK_OFF,False,"Die 'JA'-Seite des Prognosemarktes, nämlich das Eintreten eines militärischen Zusammenstoßes, ist per Definition ein Ereignis, das das globale Risikoempfinden drastisch erhöht und somit zu einem 'RISK_OFF'-Szenario führen würde."
2026-08-22T22:00:45.580548+00:00,2026-12-31T00:00:00Z,677396,iran-nuke-before-2027,Iran Nuke before 2027?,1256082.6649109998,0.051,active,"nuclear, politics, world, geopolitics, iran, middle east",Geopolitischer & Militärischer Schock,1,90,95,"Die Entwicklung einer Nuklearwaffe durch den Iran wäre ein seismischer geopolitischer Schock mit potenziellen weitreichenden militärischen Konflikten in einer kritischen Ölregion (Naher Osten). Dies würde zu einer massiven globalen Unsicherheit, Energiepreisschocks (insbesondere Öl), Handelsstörungen und einem erheblichen Anstieg systemischer Risiken führen. Die Proliferation von Atomwaffen würde zudem die globale Sicherheitsarchitektur fundamental verändern und einen 'Kill-Switch'-Effekt auf globale Finanzmärkte auslösen.",RISK_OFF,False,"Ein 'Ja' zur Frage, ob der Iran vor 2027 eine Nuklearwaffe besitzt, stellt ein klares risikoERHOEHENDES Ereignis dar. Es würde globale Unsicherheit und Instabilität massiv verstärken, das Potenzial für militärische Konflikte erhöhen und einen 'Flight-to-Safety' sowie einen Ausverkauf risikoreicher Anlagen auf den globalen Finanzmärkten zur Folge haben."
2026-08-23T22:00:44.836184+00:00,2026-09-01T03:59:59.999Z,3383654,what-price-will-wti-hit-in-august-2026,Will WTI Crude Oil (WTI) hit (LOW) $75 in August?,251850.0410379999,0.085,active,"finance, monthly, hit price, hide from new, finance updown, pyth finance, commodities, oil",Makroökonomie & Zentralbanken,2,65,90,"Der Ölpreis ist ein fundamentaler makroökonomischer Indikator, der direkten Einfluss auf Inflationserwartungen, Produktionskosten, Konsumausgaben und damit auf das globale Wirtschaftswachstum hat. Eine signifikante Bewegung des WTI-Preises unter $75 im August würde die Marktteilnehmer, Zentralbanken und Portfoliomanager aufmerksam machen, da dies auf eine Änderung der Angebots-Nachfrage-Dynamik oder der globalen Konjunkturaussichten hindeuten würde. Daher fällt dies in Zone 2 ('Manager-Radar'). Der Impact Score von 65 reflektiert, dass ein solcher Preis nicht systemkritisch ist, aber signifikante Implikationen für globale makroökonomische Modelle und Unternehmensprognosen hätte.",RISK_OFF,False,"Die JA-Seite der Prognose ('WTI Crude Oil wird $75 oder weniger erreichen') deutet auf einen signifikanten Preisrückgang hin. Während ein niedrigerer Ölpreis prinzipiell die Inflation dämpfen und die Kaufkraft der Konsumenten in importierenden Ländern erhöhen kann (RISK_ON), ist ein solcher Rückgang oft auch ein starkes Signal für eine nachlassende globale Nachfrage und eine Verlangsamung der Weltwirtschaft. Für ein globales Multi-Faktor-Portfolio, das auf stabile oder wachsende Unternehmensgewinne angewiesen ist, würde dies als Indikator für eine bevorstehende Konjunkturschwäche interpretiert und somit zu einer risikoerhöhenden (RISK_OFF) Reaktion führen."
2026-08-23T22:00:45.256212+00:00,2026-09-15T23:59:00Z,3700195,us-ceasefire-against-iran-continues-throughptptpt,US ceasefire against Iran continues through September 15?,278411.02477699996,0.815,active,"iran, trump, israel, military, politics, geopolitics, middle east, israel x iran, military actions, military strikes",Geopolitischer & Militärischer Schock,2,85,95,"Der Markt bewertet die Fortsetzung eines Waffenstillstands zwischen den USA und Iran, was direkte Auswirkungen auf die geopolitische Stabilität im Nahen Osten, globale Energiemärkte (insbesondere den Ölpreis aufgrund der Strait of Hormuz) und das allgemeine Risikoumfeld hat. Ein Scheitern des Waffenstillstands könnte schnell zu einer Eskalation von Konflikten und einer erheblichen Zunahme der globalen Unsicherheit führen, während die Fortsetzung zur Risikoreduzierung beiträgt. Dies ist ein zentrales Überwachungsobjekt für globale Portfoliomanager, da es das Potenzial für weitreichende Marktbewegungen und eine Verschiebung der Risikobereitschaft besitzt, ohne jedoch ein unmittelbares, globales Panikereignis im Sinne eines 'Kill-Switch' auszulösen.",RISK_ON,True,"Die 'JA'-Seite des Kontrakts ('Waffenstillstand hält') bedeutet, dass die geopolitischen Spannungen zwischen den USA und Iran nicht eskalieren und kein erneuter Konflikt ausbricht. Dies ist ein risikoSENKENDES Ereignis und somit 'RISK_ON'. Die Aufrechterhaltung eines Waffenstillstands wird als eine Art Normalisierung oder die Verhinderung einer weiteren Verschlechterung der Situation betrachtet, die zu einem abnormalen Zustand des Konflikts führen würde."
2026-08-24T22:00:45.276375+00:00,2026-09-13T00:00:00Z,1193094,next-prime-minister-of-sweden,Will Magdalena Andersson be the next Prime Minister of Sweden?,257562.60946900002,0.905,active,"elections, world, world elections, global elections, sweden, swedish, rewards 20, 4.5, 50, politics, main election, sweden elections, sweden parliamentary elections",Politische Struktur & Wahlen,3,3,95,"Die Frage betrifft die politische Führung eines Landes mit einer stabilen, entwickelten Wirtschaft (Schweden). Während das Ergebnis für Schweden selbst von großer Bedeutung ist, hat die Wahl des Premierministers in Schweden für ein globales Multi-Faktor-Portfolio einen extrem begrenzten direkten Einfluss. Es ist unwahrscheinlich, dass dieses Ereignis globale Finanzmärkte signifikant beeinflusst oder systemische Risiken auslöst. Daher wird es als Rauschen (Zone 3) eingestuft.",RISK_OFF,False,"Das Eintreten eines politischen Führungswechsels oder die Bestätigung einer neuen Regierungsperson (hier: Magdalena Andersson wird Premierministerin) wird, auch wenn der globale Einfluss minimal ist, generell als ein Ereignis bewertet, das neue Politikpfade oder Unsicherheiten mit sich bringen kann. Für einen quantitativen Risikoanalysten wird eine Veränderung in der politischen Führung, die nicht explizit eine Entspannung oder Normalisierung einer Krise darstellt, tendenziell als 'RISK_OFF' interpretiert, da sie potenzielle, wenn auch in diesem Fall vernachlässigbare, Anpassungen und Unsicherheiten mit sich bringt. Es ist keine 'Rückkehr zur Normalität'."
2026-08-25T22:00:44.808617+00:00,2026-09-30T23:59:00Z,3399458,israel-x-iran-ceasefire-continues-throughptptpt-20260716224448963,Israel x Iran ceasefire continues through September 30?,262848.17587499984,0.875,active,"iran, israel, geopolitics, israel x iran, israel election",Geopolitischer & Militärischer Schock,1,85,95,"Ein möglicher Bruch eines Waffenstillstands zwischen Israel und Iran birgt ein erhebliches Risiko für eine regionale Eskalation mit weitreichenden globalen Auswirkungen. Dies würde insbesondere die Energiepreise massiv beeinflussen, internationale Handelsrouten (z.B. durch die Straße von Hormus, wenn auch indirekt) stören und eine extreme Unsicherheit in die globalen Finanzmärkte tragen, was zu einem deutlichen Risk-Off-Verhalten und potenziell zu einem globalen Crash führen könnte. Die Fortsetzung des Waffenstillstands (Ja-Seite) würde hingegen die gegenwärtige Deeskalation oder den Zustand der Nicht-Konflikt-Situation aufrechterhalten, was die unmittelbaren geopolitischen Risiken reduziert und eine gewisse Stabilität für die Märkte bedeutet.",RISK_ON,True,"Die 'JA'-Seite des Kontrakts ('ceasefire continues') beschreibt ein Ereignis, das die Aufrechterhaltung oder Rückkehr zu einem Zustand der Normalität (Abwesenheit von aktivem Konflikt) darstellt. Das Anhalten eines Waffenstillstands wirkt risikoSENKEND und fördert eine 'RISK_ON'-Stimmung an den Märkten, da es eine weitere Eskalation und damit verbundene Unsicherheiten vermeidet."
2026-08-25T22:00:44.808659+00:00,2027-07-01T03:59:00Z,2737233,iran-leadership-change-by,"Iran leadership change by June 30, 2027?",251699.12074799996,0.245,active,"politics, iran, iran regime, geopolitics, mojtaba, ayatollah, khamenei, mojtaba khamenei, khamenei out, mojtaba out",Geopolitischer & Militärischer Schock,2,85,95,"Iran ist ein strategisch wichtiges Land im Nahen Osten mit erheblichen Auswirkungen auf globale Energiemärkte (Öl) und regionale Stabilität. Ein Führungswechsel, insbesondere bis 2027, birgt ein hohes Potenzial für politische Unsicherheit, interne Machtkämpfe oder signifikante Verschiebungen in der Außenpolitik. Dies könnte die globale Ölversorgung beeinflussen, regionale Konflikte (z.B. mit Israel, Saudi-Arabien) eskalieren oder die Beziehungen zu westlichen Mächten neu definieren. Obwohl der Zeithorizont bis 2027 eine unmittelbare 'Kill-Switch'-Panik unwahrscheinlich macht, ist die potentielle Neuausrichtung einer bedeutenden Regionalmacht ein zentraler Punkt für das Manager-Radar zur Anpassung von Risikomodellen und Portfolio-Strategien. Die hohe Relevanz für Commodity-Märkte, globale Sicherheit und geopolitische Allianzen rechtfertigt eine hohe Impact-Bewertung innerhalb der Zone 2.",RISK_OFF,False,"Ein Führungswechsel in einem geopolitisch so sensiblen und für die Weltenergieversorgung relevanten Land wie Iran ist per se ein Ereignis, das zunächst mit erhöhter Unsicherheit und dem Risiko von Instabilität verbunden ist. Die 'Ja'-Seite (also der Eintritt eines Führungswechsels) würde typischerweise zu einer initialen Risikoaversion an den Märkten führen, da das genaue Profil und die Politik der neuen Führung unbekannt sind und ein Potenzial für Verschärfung regionaler oder internationaler Spannungen besteht. Dies würde typischerweise als 'RISK_OFF'-Szenario interpretiert werden, das zu einer Flucht in sichere Häfen und einem Rückgang von Risiko-Assets führen könnte."
2026-08-25T22:00:44.809107+00:00,2026-09-08T03:59:00Z,3702025,us-announces-end-of-iranian-blockade-byptptpt-20260713152715080,"US announces end of Iranian blockade by September 7, 2026?",473778.34420299996,0.215,active,"iran, trump, blockade, politics, shipping, peace deal, geopolitics, u.s. x iran",Geopolitischer & Militärischer Schock,1,80,95,"Der Markt bezieht sich auf das potenzielle Ende einer iranischen Blockade, die weitreichende Auswirkungen auf globale Energiemärkte (insbesondere Ölpreise und -versorgung), internationale Schifffahrtswege und die allgemeine geopolitische Stabilität haben könnte. Die Auflösung einer solchen Blockade wäre ein hochgradig relevanter geopolitischer Schock (im positiven Sinne), der eine signifikante globale Neubewertung von Risiken und Vermögenswerten auslösen würde, weshalb sie in Zone 1 (globales Panik-Ereignis/Repricing-Seismograph) fällt. Der hohe Impact Score spiegelt die erwartete Stärke dieser globalen Marktbewegung wider.",RISK_ON,True,"Die 'JA'-Seite dieses Prognosemarktes, d.h. die Ankündigung der USA, die iranische Blockade zu beenden, würde eine Deeskalation geopolitischer Spannungen bedeuten. Dies würde voraussichtlich zu einer Normalisierung des Handels und/oder der Ölströme führen, was als risikoSENKENDes ('RISK_ON') Ereignis für globale Finanzmärkte zu werten ist und eine Rückkehr zur Normalität darstellt."
2026-08-25T22:00:46.094002+00:00,2026-09-01T03:59:00Z,3324625,us-iran-hormuz-agreement-byptptpt-20260803235957575,US-Iran Hormuz Agreement by August 31?,278216.40743,0.072,active,"iran, trump, peace deal, geopolitics, strait of hormuz",Geopolitischer & Militärischer Schock,1,85,95,"Der Persische Golf und insbesondere die Straße von Hormus sind seit Jahrzehnten geopolitische Brennpunkte. Durch die Straße von Hormus wird ein erheblicher Teil des weltweiten Öltransports abgewickelt. Eine Eskalation der Spannungen zwischen den USA und dem Iran, die zu einer Störung des Schiffsverkehrs führen könnte, hätte einen direkten und drastischen Einfluss auf die globalen Energiemärkte, die Weltwirtschaft und die Inflationsraten. Die Möglichkeit eines 'Agreements' (Vereinbarung) signalisiert das Potenzial für eine Deeskalation oder Stabilisierung in dieser kritischen Region. Das Scheitern eines solchen Abkommens hingegen könnte sofort zu einer Neubewertung der Risikoprämien auf Öl und globalen Vermögenswerten führen und hat das Potenzial, einen globalen Schock auszulösen. Dies rechtfertigt die Einordnung als 'Geopolitischer & Militärischer Schock' und Zone 1 aufgrund der systemischen globalen Auswirkungen auf Stabilität und Wirtschaft.",RISK_ON,True,"Die 'JA'-Seite dieses Prognosemarktes ('Agreement' wird erreicht) bedeutet eine Entspannung der Lage und eine Reduzierung der Risikoprämien, insbesondere im Energiebereich. Ein Abkommen würde die Wahrscheinlichkeit militärischer Konfrontationen oder Blockaden verringern und somit die 'Normalisierung' des Transitverkehrs und der Beziehungen fördern. Dies ist eindeutig ein risikoSENKENDES Ereignis ('RISK_ON'), da es die Bedenken bezüglich einer potenziellen Destabilisierung und deren globalen Folgen mindert."
2026-08-25T22:00:46.094562+00:00,2026-06-16T00:00:00Z,825091,oklahoma-governor-republican-primary-winner,Will Gentner Drummond win the 2026 Oklahoma Governor Republican primary election?,254525.90450499998,0.21,active,"primary elections, governor primary, republican primary, oklahoma primary, june 16 primaries, us election, august 25 primaries, politics, elections, primaries",Politische Struktur & Wahlen,3,1,95,"Dieser Markt bezieht sich auf eine Republikanische Vorwahl für das Amt des Gouverneurs von Oklahoma im Jahr 2026. Dies ist ein hochgradig lokalisiertes politisches Ereignis innerhalb eines einzelnen US-Bundesstaates. Obwohl die US-Politik globale Auswirkungen haben kann, hat eine staatliche Vorwahl, insbesondere eine, die so weit in der Zukunft liegt (2026), praktisch keine direkten, messbaren Auswirkungen auf die globalen Finanzmärkte oder die systemische Stabilität. Sie fällt für ein globales Multi-Faktor-Portfolio eindeutig in die Kategorie 'Rauschen' (Zone 3) mit vernachlässigbarer finanzieller Relevanz.",RISK_ON,False,"Das Ergebnis einer staatlichen Gouverneursvorwahl, unabhängig vom siegreichen Kandidaten, wird höchstwahrscheinlich keine wahrnehmbare 'RISK_OFF'- oder 'RISK_ON'-Bewegung an den globalen Finanzmärkten auslösen. Es gibt keinen inhärenten Mechanismus, durch den dieses spezifische Ereignis die globale Risikobereitschaft erheblich erhöhen oder verringern könnte. Die Wahl von 'RISK_ON' hier spiegelt die Erwartung wider, dass die Auflösung dieses lokalisierten politischen Ereignisses keine neuen globalen Marktrisiken oder Unsicherheiten einführen wird, anstatt eine spezifische positive Entwicklung für die globalen Märkte zu signalisieren. Es handelt sich nicht um ein 'Zurück-zur-Normalität'-Ereignis, da es einen Wahlprozess betrifft."
2026-08-25T22:00:46.389956+00:00,,629720,wisconsin-governor-winner-2026,Will the Democrats win the Wisconsin governor race in 2026?,250254.56682799986,0.805,active,"wisconsin midterm, governor midterms, midterms, politics, us election, elections",Politische Struktur & Wahlen,3,3,95,"Dieser Prognosemarkt bezieht sich auf eine einzelne Gouverneurswahl in einem US-Bundesstaat im Jahr 2026. Für ein globales Multi-Faktor-Portfolio ist der direkte Einfluss eines so lokalen und weit in der Zukunft liegenden Ereignisses auf die globalen Finanzmärkte äußerst begrenzt. Es handelt sich hierbei eher um Rauschen im Hintergrund als um einen signifikanten Risikofaktor oder Markttreiber von globaler Relevanz. Lokale Auswirkungen sind denkbar, aber keine spürbare globale Systemrelevanz.",RISK_OFF,False,"Für ein globales Portfolio stellt der Ausgang einer einzelnen US-Bundesstaatengouverneurswahl im Jahr 2026 per se kein globales 'RISK_ON'- oder 'RISK_OFF'-Ereignis dar. Da jedoch eine binäre Klassifizierung erforderlich ist und politische Ergebnisse, selbst lokale, in seltenen Fällen zu einer marginalen Erhöhung der allgemeinen politischen Unsicherheit führen können, wird 'RISK_OFF' als konservative Standardeinstellung gewählt, um eine spezifische politische Veränderung (im Sinne des 'Ja'-Ausgangs) zu kennzeichnen. Für globale Märkte ist diese Wirkrichtung angesichts der vernachlässigbaren globalen Relevanz des Marktes weitgehend symbolisch."
2026-08-26T22:00:44.620945+00:00,2026-09-15T03:59:00Z,3702042,us-announces-end-of-iranian-blockade-byptptpt-20260713152715080,"US announces end of Iranian blockade by September 14, 2026?",263098.6568459999,0.235,active,"iran, trump, blockade, politics, shipping, peace deal, geopolitics, u.s. x iran",Geopolitischer & Militärischer Schock,2,85,95,"Der Markt bezieht sich auf die potentielle Aufhebung einer iranischen Blockade, die ein erhebliches geopolitisches Ereignis darstellt. Dies würde globale Energiemärkte durch erhöhte Ölversorgung und reduzierte geopolitische Risikoprämien beeinflussen, was wiederum Auswirkungen auf verschiedene Anlageklassen (Aktien, Anleihen, Rohstoffe, Währungen) und Inflationserwartungen hätte. Obwohl das Ereignis für 2026 prognostiziert wird, rechtfertigt die potentielle Ankündigung und die daraus resultierende Markterwartung eine genaue Beobachtung durch Portfoliomanager. Es handelt sich um eine signifikante Verschiebung in einer langjährigen geopolitischen Problematik.",RISK_ON,True,"Das Ende einer iranischen Blockade würde eine Deeskalation geopolitischer Spannungen und eine Erhöhung des globalen Ölangebots bedeuten. Dieses Szenario ist grundsätzlich positiv für Risikoanlagen, da es Unsicherheiten reduziert und Energiekosten potenziell senkt, was es zu einem 'RISK_ON'-Ereignis macht. Es normalisiert Handelsbeziehungen und beseitigt ein erhebliches Hindernis."
2026-08-26T22:00:46.240252+00:00,2027-07-01T03:59:00Z,3240746,spacex-starship-flight-test-14,Will the chopsticks catch SpaceX Starship Flight Test 14 Starship?,267038.4352549999,0.055,active,"tech, spacex, culture, science, big tech, elon musk",Sektorale & Unternehmensereignisse,2,30,95,"Dieser Markt bezieht sich auf einen spezifischen, kritischen operativen Meilenstein für SpaceX, ein führendes privates Unternehmen im Raumfahrtsektor. Der Erfolg oder Misserfolg des 'Chopstick'-Fangmechanismus für den Starship-Booster hat erhebliche Auswirkungen auf die zukünftige Effizienz, Kostenstruktur und Einsatzfähigkeit des Starship-Programms. Dies beeinflusst direkt die Kommerzialisierung des Weltraums, Satellitenkommunikation (Starlink) und damit verbundene Branchen. Während es kein systemisches Risiko für globale Finanzmärkte darstellt, ist es relevant für Investoren und Portfoliomanager mit Engagements im Technologie- und Raumfahrtsektor und verdient die Aufmerksamkeit auf dem 'Manager-Radar'.",RISK_ON,False,"Ein erfolgreiches Fangen des Starship-Boosters durch die 'Chopsticks' würde eine signifikante technologische Ent-Riskierung und einen Effizienzsprung für das Starship-Programm bedeuten. Dies würde die operativen Kosten senken, die Einsatzfähigkeit beschleunigen und das Vertrauen in die Kommerzialisierung der Raumfahrt stärken, was als risikoSENKENDes ('RISK_ON') Ereignis für den betreffenden Sektor und verwandte Investitionen zu werten ist."
2026-08-26T22:00:46.500562+00:00,2027-01-01T04:59:00Z,2373935,will-russia-enter-malokaterynivka-by-february-28,"Will Russia enter Malokaterynivka by December 31, 2026?",253580.910223,0.094,active,"ukraine map, geopolitics, politics",Geopolitischer & Militärischer Schock,2,55,95,"Der Markt bewertet die potenzielle Einnahme eines ukrainischen Dorfes durch russische Streitkräfte. Dies fällt klar unter 'Geopolitischer & Militärischer Schock'. Auch wenn die Einnahme eines einzelnen Dorfes nicht unmittelbar eine globale Panik auslösen würde (keine Zone 1), ist sie doch ein wichtiges Indiz für den Verlauf des Krieges in der Ukraine. Ein Fortschreiten der russischen Offensive würde die bestehenden geopolitischen Risikoprämien aufrechterhalten oder erhöhen, die Rohstoffmärkte beeinflussen und die allgemeine Marktstimmung bezüglich der Stabilität in Europa und der globalen Sicherheitslage prägen. Daher ist es ein Ereignis, das globale Fondsmanager auf dem Radar haben müssen, um ihre Risikopositionen entsprechend anzupassen (Zone 2). Die Bewertung liegt im mittleren Bereich, da es sich um eine taktische, nicht um eine strategisch alles entscheidende Bewegung handelt, die jedoch die Gesamtlage signifikant beeinflusst.",RISK_OFF,False,"Eine erfolgreiche russische Militäroperation, die zu territorialen Gewinnen führt ('JA'-Seite des Prognosemarktes), wird als Fortsetzung oder Verschärfung des Konflikts interpretiert. Dies erhöht die geopolitischen Spannungen und Unsicherheiten, was typischerweise zu einem 'RISK_OFF'-Verhalten an den Finanzmärkten führt. Es handelt sich hierbei nicht um eine Rückkehr zur Normalität."
2026-08-27T22:00:44.850934+00:00,2026-11-01T03:59:00Z,3120760,nato-x-russia-military-clash-in-2025,"NATO x Russia military clash by October 31, 2026?",262473.4141350001,0.165,active,"nato, trump presidency, trump, russia, geopolitics, world, ukraine",Geopolitischer & Militärischer Schock,1,95,95,"Ein direkter militärischer Konflikt zwischen NATO und Russland wäre ein Ereignis von globaler, katastrophaler Tragweite. Es würde nicht nur die geopolitische Ordnung fundamental umkrempeln, sondern hätte auch unmittelbare und extreme Auswirkungen auf die globalen Finanzmärkte, da es zu einer tiefgreifenden Risikoneubewertung, Kapitalflucht, Rohstoffpreisexplosionen und potenziell zu einer systemischen Krise führen würde. Dies ist ein klares 'Kill-Switch'-Ereignis für globale Märkte.",RISK_OFF,False,"Das Eintreten eines militärischen Zusammenstosses zwischen NATO und Russland würde das globale Risikoprofil massiv erhöhen. Es wäre ein ultimatives 'Risk-Off'-Signal, das zu einem massiven Abzug von Risikokapital, einem Absturz von Aktienmärkten, einer Flucht in sichere Häfen (z.B. Staatsanleihen höchster Bonität) und einer erheblichen Liquiditätsverknappung führen würde."
2026-08-27T22:00:46.351896+00:00,2026-12-31T23:59:00Z,2849424,which-month-will-strait-of-hormuz-traffic-return-to-normal-20260702155718114,Will Strait of Hormuz traffic not return to normal in 2026?,250457.42193700012,0.675,active,"oil, iran, politics, geopolitics, u.s. x iran, strait of hormuz",Geopolitischer & Militärischer Schock,1,85,95,"Der Persische Golf und die Straße von Hormus sind das wichtigste Nadelöhr für den globalen Öl- und Gastransport. Eine Nicht-Normalisierung des Verkehrs bis 2026 würde auf anhaltende, schwere Störungen oder eine Eskalation von Konflikten in der Region hindeuten. Dies hätte globale Auswirkungen auf die Energiepreise, die Inflation, Lieferketten und könnte zu einer militärischen Eskalation führen, die die Weltwirtschaft in eine tiefe Rezession stürzt und Panik an den Märkten auslöst. Dies ist eindeutig ein 'Kill-Switch'-Ereignis.",RISK_OFF,False,"Die 'JA'-Seite des Kontrakts ('Der Verkehr in der Straße von Hormus wird sich 2026 NICHT normalisieren') beschreibt ein Szenario fortgesetzter oder verschärfter Störungen. Dies ist ein risikoERHOEHENDES Ereignis für die globalen Finanzmärkte ('RISK_OFF'). Da es sich nicht um eine Rückkehr zur Normalität handelt, ist 'is_normalization' auf false gesetzt."
2026-08-28T22:00:44.656162+00:00,2026-09-22T03:59:00Z,3702045,us-announces-end-of-iranian-blockade-byptptpt-20260713152715080,"US announces end of Iranian blockade by September 21, 2026?",279860.567809,0.155,active,"iran, trump, blockade, politics, shipping, peace deal, geopolitics, u.s. x iran",Geopolitischer & Militärischer Schock,2,80,95,"Dieser Markt bewertet die Wahrscheinlichkeit einer Ankündigung der USA zur Beendigung einer iranischen Blockade. Eine 'Blockade' im Kontext des Iran impliziert typischerweise eine signifikante Störung globaler Energieversorgungsketten (z.B. der Straße von Hormuz) oder Handelswege. Eine Beendigung dieser Situation würde eine massive geopolitische Deeskalation und Normalisierung bedeuten, die weitreichende positive Auswirkungen auf die globalen Ölpreise, Versandkosten, die regionale Stabilität und das allgemeine Marktvertrauen hätte. Dies ist ein hochrelevantes Ereignis für Portfoliomanager, das eine Neubewertung von Risikoprämien und Asset-Allokationen erfordern würde.",RISK_ON,True,"Eine 'Blockade' steht für erhöhte geopolitische Risiken, Handelsunterbrechungen und potenzielle Konflikte. Die 'Beendigung' einer solchen Blockade signalisiert die Auflösung dieser negativen Faktoren, führt zu einer Normalisierung des Handels, einer Reduzierung von Spannungen und einem Rückgang von Risikoprämien an den globalen Märkten. Dies ist ein klares 'RISK_ON'-Signal, da es Unsicherheiten reduziert und potenziell positive wirtschaftliche Impulse freisetzt."
2026-08-28T22:00:45.091203+00:00,2026-12-31T00:00:00Z,2166699,next-prime-minister-of-romania-732,Will Eugen Tomac be the next Prime Minister of Romania?,269953.1540159999,0.169,active,"politics, main election, global elections, elections, romania, bolojat, romania government",Politische Struktur & Wahlen,3,3,90,"Der Prognosemarkt befasst sich mit der Besetzung des Amtes des Premierministers in Rumänien. Für ein globales Multi-Faktor-Portfolio haben solche nationalen politischen Personalentscheidungen in einem Mitgliedstaat der Europäischen Union, der keine primäre globale Wirtschaftsmacht darstellt, eine sehr geringe direkte Relevanz. Die Auswirkungen beschränken sich primär auf lokale Märkte (z.B. rumänische Staatsanleihen oder Aktien) und führen in der Regel nicht zu signifikanten globalen Repricing-Ereignissen oder Anpassungen der Faktorallokation. Es handelt sich um ein Ereignis, das im Kontext globaler Märkte als 'Rauschen' zu betrachten ist.",RISK_OFF,False,"Die 'Ja'-Seite beschreibt einen Wechsel an der Spitze der Regierung. Obwohl die spezifischen Auswirkungen von Eugen Tomac als Premierminister nicht im Markttitel definiert sind, führt ein Regierungswechsel oft zu einer initialen Phase erhöhter Unsicherheit bezüglich der zukünftigen politischen Ausrichtung und Stabilität. Diese Unsicherheit kann lokal, und in sehr geringem Maße auch regional, als geringfügig risikosteigernd ('RISK_OFF') wahrgenommen werden, bis sich die neue Politik abzeichnet. Für globale Märkte ist dieser Effekt jedoch vernachlässigbar."
2026-08-28T22:00:46.436882+00:00,2026-10-31T00:00:00Z,3501950,strait-of-hormuz-traffic-returns-to-normal-by-october-31-20260810151043583,Strait of Hormuz traffic returns to normal by October 31?,255445.172125,0.125,active,"oil, iran, hormuz, politics, geopolitics, strait of hormuz",Geopolitischer & Militärischer Schock,1,88,95,"Der Hormuz-Straße ist ein globaler Engpass für den Transport von Öl und Gas, dessen Normalisierung oder Störung direkte Auswirkungen auf die globale Energiesicherheit, Lieferketten und damit auf die Weltwirtschaft hat. Ereignisse hier können geopolitische Spannungen eskalieren oder deeskalieren und potenzielle militärische Konfrontationen beeinflussen. Ein Scheitern der Normalisierung hätte das Potenzial für einen globalen Schock und Panik, weshalb es eine Zone-1-Relevanz hat. Der Impact Score spiegelt das hohe Schadenspotenzial wider, das durch eine Normalisierung vermieden wird, oder im Gegenteil, das hohe Risiko, das sich bei Nicht-Normalisierung materialisiert.",RISK_ON,True,"Ein 'Ja' auf die Frage, ob der Verkehr in der Hormuz-Straße normalisiert wird, bedeutet die Deeskalation oder das Ausbleiben einer kritischen Störung. Dies reduziert geopolitische Risiken, sichert die Energieversorgung und senkt die Unsicherheit an den globalen Märkten, was ein risikoSENKENDES ('RISK_ON') Ereignis darstellt."
